Material ID;Formula;Energy Above Hull;Volume per atom;Space Group;Theoretical;bv_ok;bv_error;A_struct;B_struct;site_rule;A_CN_O;B_CN_O;A_mean_MO;B_mean_MO;B_CN_min_struct;B_CN_max_struct;BO6_corner_min_struct;BO6_edge_max_struct;BO6_face_max_struct;A_CN_cutoff_struct;A_CN_crystalnn_struct;A_cage_B_1.25_struct;A_cage_B_1.30_struct;topology_struct;A_bv;B_bv;bv_mixed;t_struct;mu_struct;A_CN_radius
mp-3346520;KCO3;0.0603099103750004;15.038322457245725;P2_1/c;True;False;Valences cannot be assigned!;K;C;neither octahedral: lower CN;"7;7;7;7";"3;3;3;3";2.753;1.274;3;3;0;0;0;9;7;7;7;non-perovskite (B not octahedral);;;;;;
mp-3346497;NaNO3;0.0012383167500003;11.98689448177749;R-3c;True;True;;N;Na;only octahedral cation;"3;3;3;3;3;3;3;3";"6;6;6;6;6;6;6;6";1.259;2.362;6;6;6;0;0;3;3;6;8;non-perovskite (corner-sharing, A outside cavity);5.0;1.0;False;0.44705511372537915;0.7285714285714286;VI
mp-aaaieioc;CaSiO3;0.2622196410000015;10.560159851659405;R-3;True;True;;Ca;Si;both octahedral: higher valence;"6;6";"6;6";2.347;1.816;6;6;0;3;0;6;6;7;7;non-perovskite (edge-sharing BO6);2.0;4.0;False;1.0763736558061892;0.28571428571428575;XII
mp-aaaieiqg;CaZrO3;0.0188516455000051;13.727690835903864;R-3;True;True;;Ca;Zr;both octahedral: higher valence;"6;6";"6;6";2.382;2.121;6;6;0;3;0;6;6;7;10;non-perovskite (edge-sharing BO6);2.0;4.0;False;0.9139021605901604;0.5142857142857143;XII
mp-aaaieipq;ZrZnO3;0.1264650200000048;11.679496014340394;R-3;True;True;;Zn;Zr;both octahedral: higher valence;"6;6";"6;6";2.161;2.114;6;6;0;3;0;6;6;4;10;non-perovskite (edge-sharing BO6);2.0;4.0;False;0.7671441494004995;0.5142857142857143;VIII
mp-aaaieipt;SrSnO3;0.0644120249999984;14.792338242346508;R-3;True;True;;Sr;Sn;both octahedral: higher valence;"6;6";"6;6";2.537;2.098;6;6;0;3;0;6;6;7;7;non-perovskite (edge-sharing BO6);2.0;4.0;False;0.9608532337654522;0.4928571428571428;XII
mp-aaaieiqu;TiPbO3;0.028739143000001;14.789050164339129;R-3;True;True;;Pb;Ti;only octahedral cation;"3;3";"6;6";2.261;1.967;6;6;0;3;0;3;3;7;7;non-perovskite (edge-sharing BO6);2.0;4.0;False;1.0192212457003103;0.43214285714285716;XII
mp-aaaieiru;SnPbO3;0.027780016500003;16.174536769888782;R-3;True;True;;Pb;Sn;only octahedral cation;"3;3";"6;6";2.29;2.077;6;6;0;3;0;3;3;7;7;non-perovskite (edge-sharing BO6);2.0;4.0;False;0.9777696639373791;0.4928571428571428;XII
mp-aaaieitl;SrSiO3;0.3800162260000013;11.684768934230078;R-3;True;True;;Sr;Si;both octahedral: higher valence;"6;6";"6;6";2.521;1.827;6;6;0;3;0;6;6;7;10;non-perovskite (edge-sharing BO6);2.0;4.0;False;1.1156573658721083;0.28571428571428575;XII
mp-aaaieitc;GePbO3;0.0097862430000121;14.286449161999432;R-3;True;True;;Pb;Ge;only octahedral cation;"3;3";"6;6";2.247;1.9;6;6;0;3;0;3;3;7;7;non-perovskite (edge-sharing BO6);2.0;4.0;False;1.0588282889270062;0.3785714285714286;XII
mp-aaaieisu;SiPbO3;0.116018935333348;13.104903506780994;R-3;True;True;;Pb;Si;only octahedral cation;"3;3";"6;6";2.219;1.787;6;6;0;3;0;3;3;7;7;non-perovskite (edge-sharing BO6);2.0;4.0;False;1.1352992209050679;0.28571428571428575;XII
mp-aaaieiuj;SrTiO3;0.1297235489999995;13.28756799356006;R-3;True;True;;Sr;Ti;both octahedral: higher valence;"6;6";"6;6";2.514;1.993;6;6;0;3;0;6;6;7;10;non-perovskite (edge-sharing BO6);2.0;4.0;False;1.001587660134561;0.43214285714285716;XII
mp-aaaieivn;SrZrO3;0.0712419650000004;15.04154817985756;R-3;True;True;;Sr;Zr;both octahedral: higher valence;"6;6";"6;6";2.538;2.124;6;6;0;3;0;6;6;7;10;non-perovskite (edge-sharing BO6);2.0;4.0;False;0.9472562540423559;0.5142857142857143;XII
mp-aaaieiwj;SrGeO3;0.1521821449999993;12.839568208795525;R-3;True;True;;Sr;Ge;both octahedral: higher valence;"6;6";"6;6";2.525;1.934;6;6;0;3;0;6;6;7;7;non-perovskite (edge-sharing BO6);2.0;4.0;False;1.0405094603988574;0.3785714285714286;XII
mp-aaaieixs;ZrPbO3;0.0755545190000113;16.333925610014877;R-3;True;True;;Pb;Zr;only octahedral cation;"3;3";"6;6";2.323;2.109;6;6;0;3;0;3;3;7;10;non-perovskite (edge-sharing BO6);2.0;4.0;False;0.9639333007684536;0.5142857142857143;XII
mp-aaaieiym;MgZrO3;0.0702184709999986;11.60458279187293;R-3;True;True;;Mg;Zr;both octahedral: higher valence;"6;6";"6;6";2.137;2.118;6;6;0;3;0;6;6;4;10;non-perovskite (edge-sharing BO6);2.0;4.0;False;0.76380874005528;0.5142857142857143;VIII
mp-aaaieizk;CaGeO3;0.0622180573333324;11.648988133847151;R-3;True;True;;Ca;Ge;both octahedral: higher valence;"6;6";"6;6";2.358;1.924;6;6;0;3;0;6;6;7;7;non-perovskite (edge-sharing BO6);2.0;4.0;False;1.0038718033425598;0.3785714285714286;XII
mp-1539374;VAgO3;0.0117017260000107;14.38153273119583;C2/c;True;True;;Ag;V;neither octahedral: lower CN;"4;4;6;6";"4;4;4;4";2.379;1.736;4;4;2;0;0;4;4;6;6;non-perovskite (B not octahedral);1.0;5.0;False;0.9768279245257458;0.3857142857142858;VIII
mp-1542758;SrMoO3;0.0;13.504259794686645;C2/m;True;True;;Sr;Mo;both octahedral: higher valence;"6;6";"6;6";2.641;2.069;6;6;6;0;0;9;6;8;8;perovskite;2.0;4.0;False;0.9796015895462414;0.46428571428571436;XII
mp-1545211;KCO3;0.0635706718750004;16.348745444457972;P2_1/c;True;False;Valences cannot be assigned!;C;K;only octahedral cation;"3;3;3;3";"6;6;6;6";1.272;2.728;6;6;2;2;0;3;3;6;6;non-perovskite (edge-sharing BO6);;;;;;
mp-1545405;KCO3;0.0515366533750007;16.467691773619457;P2_1/c;True;False;Valences cannot be assigned!;K;C;neither octahedral: lower CN;"8;8;8;8";"3;3;3;3";2.791;1.273;3;3;0;0;0;8;8;6;6;non-perovskite (B not octahedral);;;;;;
mp-1639105;CdFeO3;0.0999410795000006;11.296299083870036;P2_1/m;True;False;Valences cannot be assigned!;Cd;Fe;only octahedral cation;"8;8;8;8";"6;6;6;6";2.473;1.995;6;6;6;0;0;8;8;8;8;perovskite;;;;;;
mp-1643785;ScCoO3;0.0691988195892872;10.123178531029858;P2_1/c;True;True;;Sc;Co;only octahedral cation;"8;8;8;8";"6;6;6;6";2.307;1.99;6;6;6;0;0;6;8;6;8;non-perovskite (corner-sharing, A outside cavity);3.0;3.0;False;0.7985733299967478;0.4357142857142857;VIII
mp-1977728;NaNbO3;0.0294082129999981;12.603267710912636;Imma;True;True;;Na;Nb;only octahedral cation;"7;7";"6;6";2.668;2.012;6;6;6;0;0;11;7;8;8;perovskite;1.0;5.0;False;0.9670725095639545;0.4571428571428572;XII
mp-2039551;RbNO3;0.0344328659999995;19.83450974003941;R32;True;True;;N;Rb;only octahedral cation;3;6;1.261;2.892;6;6;6;0;0;3;3;6;6;non-perovskite (corner-sharing, A outside cavity);5.0;1.0;False;0.3705045805532252;1.0857142857142859;VI
mp-2225290;MgCrO3;0.1716486159999997;15.154692690174954;Pm;True;True;;Mg;Cr;neither octahedral: lower CN;5;4;2.048;1.815;4;4;2;0;0;5;5;6;6;non-perovskite (B not octahedral);2.0;4.0;False;0.8303971943165096;0.3928571428571429;VIII
mp-2234285;TiMnO3;0.1994706419999996;11.383843812847203;C2/m;True;True;;Ti;Mn;neither octahedral: lower CN;"7;7";"5;5";2.073;2.132;5;5;2;1;0;7;7;7;7;non-perovskite (B not octahedral);4.0;2.0;False;0.6785688393449378;0.5928571428571429;VIII
mp-2349989;NbAgO3;0.087824589923076;13.702715410739582;Pmmm;True;True;;Ag;Nb;only octahedral cation;"4;4";"6;6";2.447;2.023;6;6;2;2;0;4;4;8;8;non-perovskite (edge-sharing BO6);1.0;5.0;False;0.9289442027352681;0.4571428571428572;VIII
mp-2371810;VCuO3;0.0942608120000034;16.203903185954616;Cm;True;True;;Cu;V;neither octahedral: shorter M-O;4;4;1.994;1.783;4;4;2;0;0;4;4;5;5;non-perovskite (B not octahedral);2.0;4.0;False;0.7606754767309829;0.41428571428571426;VI
mp-2506699;BaCO3;0.0154601440000057;15.849142394289482;P2_1/m;True;True;;Ba;C;neither octahedral: lower CN;"9;9";"3;3";2.807;1.294;3;3;0;0;0;9;9;6;6;non-perovskite (B not octahedral);2.0;4.0;False;1.3643534688278898;0.1142857142857143;XII
mp-2626703;BaCO3;0.0438568360000086;16.695671010843782;Imm2;True;True;;Ba;C;neither octahedral: lower CN;"8;8";"3;3";2.828;1.303;3;3;0;0;0;8;8;6;6;non-perovskite (B not octahedral);2.0;4.0;False;1.3643534688278898;0.1142857142857143;XII
mp-2647018;PmTiO3;0.1094739327500011;12.049571382091722;Pm-3m;True;False;Structure contains elements not in set of BV parameters: {Element Pm};Pm;Ti;only octahedral cation;12;6;2.751;1.959;6;6;6;0;0;12;12;8;8;perovskite;;;;;;
mp-2647004;CdIrO3;0.1077303223333325;12.942719347387168;R-3;True;True;;Cd;Ir;both octahedral: higher valence;"6;6;6;6;6;6";"6;6;6;6;6;6";2.399;2.035;6;6;0;3;0;6;6;7;7;non-perovskite (edge-sharing BO6);2.0;4.0;False;0.9463009269212561;0.44642857142857145;XII
mp-2647102;PuCuO3;0.4717410079999879;11.175028609809088;Pm-3m;True;False;Structure contains elements not in set of BV parameters: {Element Pu};Pu;Cu;only octahedral cation;12;6;2.703;1.912;6;6;6;0;0;12;12;8;8;perovskite;;;;;;
mp-2647156;CsPuO3;0.0809525220000022;17.405673364228896;P4/mbm;True;False;Structure contains elements not in set of BV parameters: {Element Pu};Cs;Pu;only octahedral cation;"12;12;12;12";"6;6;6;6";3.139;2.216;6;6;6;0;0;12;12;8;8;perovskite;;;;;;
mp-2647164;MgCO3;0.3146486568333397;9.110981433385762;C2/m;True;True;;Mg;C;neither octahedral: lower CN;"5;5;5;5;6;6;6;6;8;8;8;8";"4;4;4;4;4;4;4;4;4;4;4;4";2.202;1.411;4;4;2;0;0;5;5;3;3;non-perovskite (B not octahedral);2.0;4.0;False;1.0379964928956371;0.1142857142857143;VIII
mp-2647162;PuTlO3;0.0;16.272835502345444;P4/mbm;True;False;Structure contains elements not in set of BV parameters: {Element Pu};Tl;Pu;only octahedral cation;"0;0;0;0";"6;6;6;6";;2.167;6;6;6;0;0;12;0;8;8;perovskite;;;;;;
mp-2717324;CaCO3;0.0082337306666699;12.376520282386398;P321;True;True;;C;Ca;only octahedral cation;"3;3;3";"6;6;6";1.291;2.363;6;6;6;0;0;3;3;6;6;non-perovskite (corner-sharing, A outside cavity);4.0;2.0;False;0.4596194077712559;0.7142857142857143;VI
mp-2720358;NaClO3;0.0298856377499996;13.724267005476396;P2_13;False;True;;Cl;Na;only octahedral cation;"3;3;3;3";"6;6;6;6";1.492;2.418;6;6;6;0;0;3;3;7;7;non-perovskite (corner-sharing, A outside cavity);5.0;1.0;False;;;
mp-2754394;VCoO3;0.0701364386875003;9.24212721610739;R-3;True;True;;Co;V;both octahedral: higher valence;"6;6";"6;6";1.944;1.984;6;6;0;3;0;6;6;1;4;non-perovskite (edge-sharing BO6);2.0;4.0;False;0.8213866650146764;0.41428571428571426;VIII
mp-2757311;RbNO3;0.0030215580000003;16.942672950823777;R3m;True;True;;Rb;N;neither octahedral: lower CN;9;3;2.929;1.262;3;3;0;0;0;9;9;7;7;non-perovskite (B not octahedral);1.0;5.0;False;1.4419432400666852;0.09285714285714286;XII
mp-2760250;YbBO3;0.0360346929999995;11.55751253612175;Cmcm;True;True;;B;Yb;only octahedral cation;"3;3";"6;6";1.377;2.222;6;6;2;2;0;3;3;6;6;non-perovskite (edge-sharing BO6);3.0;3.0;False;0.5206650461117877;0.62;VI
mp-2762888;KIO3;0.0048114889999988;17.53880812683906;I222;True;True;;K;I;neither octahedral: lower CN;"8;12;8;4";"3;3;3;3";3.01;1.816;3;3;0;0;0;6;4;8;8;non-perovskite (B not octahedral);1.0;5.0;False;0.9147253680030233;0.6785714285714286;XII
mp-2764171;LaNiO3;0.0;11.261642546918631;C2/c;True;True;;La;Ni;only octahedral cation;"12;12;12;12";"6;6;6;6";2.665;1.939;6;6;6;0;0;11;12;8;8;perovskite;3.0;3.0;False;0.9758073580374355;0.4285714285714286;XII
mp-2767254;KNO3;0.0028861925000001;14.881033152931726;Pm;True;True;;K;N;neither octahedral: lower CN;"9;9";"3;3";2.817;1.261;3;3;0;0;0;9;9;7;7;non-perovskite (B not octahedral);1.0;5.0;False;1.4049703364752317;0.09285714285714286;XII
mp-2767577;FeSiO3;0.0364282893333367;11.03365283524806;P-1;True;True;;Fe;Si;neither octahedral: lower CN;"4;4;6;6";"4;4;4;4";2.086;1.627;4;4;2;0;0;4;4;6;6;non-perovskite (B not octahedral);2.0;4.0;False;0.9113820735293279;0.28571428571428575;VIII
mp-2767096;KNO3;0.0070360905000006;15.552289971226744;P2_1/m;True;True;;K;N;neither octahedral: lower CN;"9;9";"3;3";2.81;1.261;3;3;0;0;0;9;9;6;6;non-perovskite (B not octahedral);1.0;5.0;False;1.4049703364752317;0.09285714285714286;XII
mp-2767717;LuVO3;0.0;10.759990931162063;P2_1/c;True;True;;Lu;V;only octahedral cation;"8;8;8;8";"6;6;6;6";2.374;2.009;6;6;6;0;0;7;8;8;8;perovskite;3.0;3.0;False;0.8429822018851388;0.4571428571428572;IX
mp-2767672;NaNO3;0.0;11.993805999976122;P1;True;True;;N;Na;only octahedral cation;"3;3;3;3;3;3;3;3";"6;6;6;6;6;6;6;6";1.259;2.363;6;6;6;0;0;3;3;6;8;non-perovskite (corner-sharing, A outside cavity);5.0;1.0;False;0.44705511372537915;0.7285714285714286;VI
mp-2767681;MnInO3;0.0049481908750017;11.652287745026594;C2/c;True;True;;In;Mn;neither octahedral: lower CN;"6;6;7;7;7;7";"5;5;5;5;5;5";2.239;1.952;5;5;6;0;0;6;6;6;6;non-perovskite (B not octahedral);3.0;3.0;False;0.8021944901480635;0.46071428571428574;VIII
mp-2899517;HoMnO3;0.0;12.291985268049515;Cmc2_1;True;True;;Ho;Mn;neither octahedral: lower CN;"7;7;7;7;7;7";"5;5;5;5;5;5";2.294;1.982;5;5;6;0;0;7;7;6;6;non-perovskite (B not octahedral);3.0;3.0;False;0.8713491875746209;0.46071428571428574;X
mp-2902256;TlBrO3;0.6690971726875006;17.002692365046084;Cm;True;True;;Br;Tl;only octahedral cation;1;6;1.838;2.226;6;6;6;0;0;1;1;4;6;non-perovskite (corner-sharing, A outside cavity);3.0;3.0;False;;;
mp-2901869;BaGeO3;0.3262332098333331;19.35824137113004;P1;True;True;;Ba;Ge;neither octahedral: lower CN;"6;7;6;5;5;6";"4;4;4;3;4;4";2.776;1.785;3;4;1;0;0;5;5;4;4;non-perovskite (B not octahedral);2.0;3.8333333333333335;True;;;
mp-3216857;YbBO3;0.0749985339999987;11.1965411110307;Ama2;True;True;;B;Yb;only octahedral cation;"3;3";"6;6";1.377;2.236;6;6;6;0;0;3;3;6;6;non-perovskite (corner-sharing, A outside cavity);3.0;3.0;False;0.5206650461117877;0.62;VI
mp-768145;DyHoO3;0.090103676541668;15.183727873424315;P6_3cm;True;True;;Dy;Ho;neither octahedral: lower CN;"7;7;7;7;7;7";"5;5;5;5;5;5";2.408;2.189;5;5;6;0;0;7;7;6;6;non-perovskite (B not octahedral);3.0;3.0;False;0.7630361311109071;0.6435714285714287;IX
mp-768149;DyInO3;0.0043218029999989;14.006483455500645;P6_3cm;True;True;;Dy;In;neither octahedral: lower CN;"7;7;7;7;7;7";"5;5;5;5;5;5";2.351;2.118;5;5;6;0;0;7;7;6;6;non-perovskite (B not octahedral);3.0;3.0;False;0.7980664262209987;0.5714285714285715;IX
mp-768221;YBiO3;0.033022223875001;16.01128660769623;R3c;True;True;;Bi;Y;both octahedral: shorter M-O;"6;6";"6;6";2.418;2.306;6;6;6;0;0;6;6;7;7;non-perovskite (corner-sharing, A outside cavity);3.0;3.0;False;0.7901149685432292;0.6428571428571429;VIII
mp-768267;HoInO3;0.009804144208334;13.866443626118912;P6_3cm;True;True;;Ho;In;neither octahedral: lower CN;"7;7;7;7;7;7";"5;5;5;5;5;5";2.34;2.115;5;5;6;0;0;7;7;6;6;non-perovskite (B not octahedral);3.0;3.0;False;0.8099586766318634;0.5714285714285715;X
mp-768293;LuSeO3;0.0375785195078082;15.1600446793858;P2_1/c;True;False;Valences cannot be assigned!;Lu;Se;neither octahedral: lower CN;"7;7;6;6;6;6;7;7";"3;3;2;2;2;2;3;3";2.291;1.773;2;3;0;0;0;6;6;5;6;non-perovskite (B not octahedral);;;;;;
mp-768307;BaSO3;0.0694253275000003;17.106198078454177;P2_1/m;True;True;;Ba;S;neither octahedral: lower CN;"9;9";"3;3";2.891;1.55;3;3;0;0;0;9;9;7;7;non-perovskite (B not octahedral);2.0;4.0;False;1.2024810233737333;0.2642857142857143;XII
mp-768333;DyYO3;0.0966044345416659;15.351456614419073;P6_3cm;True;True;;Y;Dy;neither octahedral: lower CN;"7;7;7;7;7;7";"5;5;5;5;5;5";2.411;2.201;5;5;6;0;0;7;7;6;6;non-perovskite (B not octahedral);3.0;3.0;False;0.7569590326283325;0.6514285714285715;IX
mp-768310;LaBiO3;0.035194460599996;17.444004834340713;R3c;True;True;;La;Bi;both octahedral: shorter M-O;"6;6";"6;6";2.457;2.418;6;6;6;0;0;6;6;7;8;non-perovskite (corner-sharing, A outside cavity);3.0;3.0;False;0.8031336280143503;0.7357142857142858;XII
mp-768308;LaAgO3;0.0367119410833325;13.999486405290416;R3c;True;True;;La;Ag;only octahedral cation;"9;9";"6;6";2.607;2.151;6;6;6;0;0;6;9;8;8;perovskite;3.0;3.0;False;0.9077277749185446;0.5357142857142857;XII
mp-768358;ScInO3;0.0736459318749993;13.26643819656345;P6_3/mmc;True;True;;Sc;In;only octahedral cation;"5;5";"6;6";2.056;2.26;6;6;0;6;0;5;5;6;6;non-perovskite (edge-sharing BO6);3.0;3.0;False;0.7296056333152103;0.5714285714285715;VIII
mp-768353;YTmO3;0.0762191224583332;14.94031014102818;P6_3cm;True;True;;Y;Tm;neither octahedral: lower CN;"7;7;7;7;7;7";"5;5;5;5;5;5";2.402;2.168;5;5;6;0;0;7;7;6;6;non-perovskite (B not octahedral);3.0;3.0;False;0.7675830190511863;0.6285714285714287;IX
mp-768374;MnTlO3;0.0307751781874996;13.039317957367995;P6_3cm;True;True;;Tl;Mn;neither octahedral: lower CN;"6;7;7;6;6;6";"5;5;5;5;5;5";2.326;2.007;5;5;6;0;0;7;6;6;6;non-perovskite (B not octahedral);3.0;3.0;False;0.8229408993760308;0.46071428571428574;VIII
mp-768396;TmSeO3;0.0217200936328101;15.41992898951147;P2_1/c;True;False;Valences cannot be assigned!;Tm;Se;neither octahedral: lower CN;"7;7;6;6;6;6;7;7";"3;3;2;2;2;2;3;3";2.309;1.77;2;3;0;0;0;6;6;5;6;non-perovskite (B not octahedral);;;;;;
mp-768409;TbTiO3;0.0559620479999818;11.838405504690988;Pnma;True;True;;Tb;Ti;only octahedral cation;"8;8;8;8";"6;6;6;6";2.469;2.051;6;6;6;0;0;8;8;8;8;perovskite;3.0;3.0;False;0.8522857096910319;0.47857142857142865;IX
mp-768417;LaAlO3;0.0311646113333363;15.59214903373272;P-1;True;True;;La;Al;neither octahedral: lower CN;"7;7;6;6;6;6";"4;4;4;4;4;4";2.488;1.779;4;4;2;0;0;6;6;5;6;non-perovskite (B not octahedral);3.0;3.0;False;1.0085864165761607;0.3821428571428572;XII
mp-768432;MnTlO3;0.1218863471874982;13.557096356514624;R-3;True;True;;Tl;Mn;only octahedral cation;"3;3";"6;6";2.29;1.946;6;6;0;3;0;3;3;7;10;non-perovskite (edge-sharing BO6);3.0;3.0;False;0.8229408993760308;0.46071428571428574;VIII
mp-768469;TmGaO3;0.0064111949333334;11.873029723982182;P6_3cm;True;True;;Tm;Ga;neither octahedral: lower CN;"7;7;7;7;7;7";"5;5;5;5;5;5";2.271;1.959;5;5;6;0;0;7;7;6;6;non-perovskite (B not octahedral);3.0;3.0;False;0.858329617559116;0.4428571428571429;IX
mp-768479;YScO3;0.0308763177499979;13.894105351591026;P6_3/mmc;True;True;;Sc;Y;only octahedral cation;"5;5";"6;6";2.075;2.317;6;6;0;6;0;5;5;6;6;non-perovskite (edge-sharing BO6);3.0;3.0;False;0.6978836492580274;0.6428571428571429;VIII
mp-768499;FeNiO3;0.0820504553333316;10.191843447621244;R-3;True;True;;Ni;Fe;both octahedral: shorter M-O;"6;6";"6;6";2.082;1.981;6;6;0;3;0;6;6;4;4;non-perovskite (edge-sharing BO6);3.0;3.0;False;0.6915469742655721;0.46071428571428574;VI
mp-768505;LuGaO3;0.0;11.64098803713507;P6_3cm;True;True;;Lu;Ga;neither octahedral: lower CN;"7;7;7;7;7;7";"5;5;5;5;5;5";2.252;1.951;5;5;6;0;0;7;7;6;6;non-perovskite (B not octahedral);3.0;3.0;False;0.8513285603196452;0.4428571428571429;IX
mp-768518;LaAlO3;0.0532142636666694;14.753325888293167;Cmcm;True;True;;La;Al;neither octahedral: lower CN;"8;8;8;8;8;8";"4;4;4;4;4;4";2.569;1.754;4;4;2;0;0;8;8;6;6;non-perovskite (B not octahedral);3.0;3.0;False;1.0085864165761607;0.3821428571428572;XII
mp-768539;AlTlO3;0.0753195514999998;10.714140095870968;Pnma;True;True;;Tl;Al;only octahedral cation;"8;8;8;8";"6;6;6;6";2.444;1.954;6;6;6;0;0;8;8;8;8;perovskite;3.0;3.0;False;0.8697230693663993;0.3821428571428572;VIII
mp-768578;CdCoO3;0.0522386214999999;11.849469262516056;C2/c;True;True;;Cd;Co;only octahedral cation;"5;5;5;5";"6;6;6;6";2.296;1.932;6;6;0;5;0;5;5;7;8;non-perovskite (edge-sharing BO6);2.0;4.0;False;0.9928805062256703;0.3785714285714286;XII
mp-768889;YHoO3;0.0892114764166667;15.212268618592706;P6_3cm;True;True;;Y;Ho;neither octahedral: lower CN;"7;7;7;7;7;7";"5;5;5;5;5;5";2.407;2.19;5;5;6;0;0;7;7;6;6;non-perovskite (B not octahedral);3.0;3.0;False;0.7605776981471989;0.6435714285714287;IX
mp-769015;DyGaO3;0.0248613147666656;12.676368581360002;P6_3cm;True;True;;Dy;Ga;neither octahedral: lower CN;"7;7;7;7;7;7";"5;5;5;5;5;5";2.325;1.996;5;5;6;0;0;7;7;6;6;non-perovskite (B not octahedral);3.0;3.0;False;0.8691812562802955;0.4428571428571429;IX
mp-769007;YScO3;0.0199361970833304;13.418951637858155;P6_3cm;True;True;;Y;Sc;neither octahedral: lower CN;"7;7;7;7;7;7";"5;5;5;5;5;5";2.344;2.064;5;5;6;0;0;7;7;6;6;non-perovskite (B not octahedral);3.0;3.0;False;0.8158924398306315;0.5321428571428571;IX
mp-769045;HoGaO3;0.0188426235166661;12.146724965907202;P6_3cm;True;True;;Ho;Ga;neither octahedral: lower CN;"7;7;7;7;7;7";"5;5;5;5;5;5";2.294;1.968;5;5;6;0;0;7;7;6;6;non-perovskite (B not octahedral);3.0;3.0;False;0.8821332121733166;0.4428571428571429;X
mp-769079;ScGaO3;0.0045305607083303;10.947836064635748;P6_3cm;True;True;;Sc;Ga;neither octahedral: lower CN;"7;7;7;7;7;7";"5;5;5;5;5;5";2.195;1.927;5;5;6;0;0;7;7;6;6;non-perovskite (B not octahedral);3.0;3.0;False;0.794619996679932;0.4428571428571429;VIII
mp-769171;SiGeO3;0.133299435458337;12.822760818656732;Pbca;True;True;;Ge;Si;neither octahedral: shorter M-O;"4;4;4;4;4;4;4;4;4;4;4;4;4;4;4;4";"4;4;4;4;4;4;4;4;4;4;4;4;4;4;4;4";2.112;1.647;4;4;2;0;0;4;4;6;7;non-perovskite (B not octahedral);2.0;4.0;False;0.8367430244040812;0.28571428571428575;VI
mp-769144;SnGeO3;0.0397284339999961;16.17994344954805;P2/c;True;True;;Ge;Sn;neither octahedral: lower CN;"4;4;4;4;4;4;4;4;4;4;4;4";"4;3;4;3;4;4;4;4;3;4;3;4";1.755;2.261;3;4;0;2;0;4;4;5;5;non-perovskite (B not octahedral);4.0;2.0;False;;;
mp-769263;TbInO3;0.0560910488750003;13.470643426001368;Pnma;True;True;;Tb;In;only octahedral cation;"8;8;8;8";"6;6;6;6";2.543;2.198;6;6;6;0;0;6;8;8;8;perovskite;3.0;3.0;False;0.8019233723001982;0.5714285714285715;IX
mp-769348;MgSnO3;0.0730104979999959;11.404186968818696;Pnma;True;True;;Mg;Sn;only octahedral cation;"4;4;4;4";"6;6;6;6";2.08;2.095;6;6;6;0;0;4;4;8;8;perovskite;2.0;4.0;False;0.7747725018742555;0.4928571428571428;VIII
mp-769322;MgSO3;0.0573955014285711;12.776541436909156;P2_1/c;True;True;;S;Mg;only octahedral cation;"3;3;3;3;3;3;3;3";"6;6;6;6;6;6;6;6";1.558;2.157;6;6;4;1;0;3;3;5;5;non-perovskite (edge-sharing BO6);4.0;2.0;False;0.5903674541038627;0.5142857142857143;VI
mp-769347;MgSO3;0.0734270744285714;12.4145087185098;P2_1/c;True;True;;S;Mg;only octahedral cation;"3;3;3;3";"6;6;6;6";1.553;2.115;6;6;2;2;0;3;3;6;6;non-perovskite (edge-sharing BO6);4.0;2.0;False;0.5903674541038627;0.5142857142857143;VI
mp-769393;DySeO3;0.0;15.46373960256338;P2_1/c;True;False;Valences cannot be assigned!;Dy;Se;neither octahedral: lower CN;"7;7;6;6;6;6;7;7";"3;3;2;2;2;2;3;3";2.323;1.743;2;3;0;0;0;6;6;5;5;non-perovskite (B not octahedral);;;;;;
mp-769397;MgSO3;0.04840998342857;12.20589104133606;R-3;True;True;;S;Mg;only octahedral cation;"3;3;3;3;3;3";"6;6;6;6;6;6";1.554;2.14;6;6;2;2;0;3;3;6;6;non-perovskite (edge-sharing BO6);4.0;2.0;False;0.5903674541038627;0.5142857142857143;VI
mp-769404;YSeO3;0.0;15.527588127532244;P2_1/c;True;False;Valences cannot be assigned!;Y;Se;neither octahedral: lower CN;"7;7;6;6;6;6;7;7";"3;3;2;2;2;2;3;3";2.327;1.742;2;3;0;0;0;6;6;5;5;non-perovskite (B not octahedral);;;;;;
mp-769734;ScFeO3;0.0839461803749976;10.611143756633302;Pnma;True;True;;Sc;Fe;only octahedral cation;"8;8;8;8";"6;6;6;6";2.349;2.032;6;6;6;0;0;6;8;8;8;perovskite;3.0;3.0;False;0.7849058157914244;0.46071428571428574;VIII
mp-769855;SrCrO3;0.0702200274375028;12.400767481166843;Ama2;True;True;;Sr;Cr;only octahedral cation;"12;12;12;12";"6;6;6;6";2.809;1.934;6;6;3;0;1;12;12;6;6;non-perovskite (face-sharing BO6);2.0;4.0;False;1.0298375684973307;0.3928571428571429;XII
mp-770347;TbNiO3;0.041731725;10.819253637657695;R-3c;True;True;;Tb;Ni;only octahedral cation;"9;9";"6;6";2.529;1.95;6;6;6;0;0;9;9;8;8;perovskite;3.0;3.0;False;0.882115709530218;0.4285714285714286;IX
mp-770413;LaHoO3;0.0812002031250003;15.624128537031972;P2_1/c;True;True;;La;Ho;only octahedral cation;"7;7;7;7";"6;6;6;6";2.678;2.26;6;6;6;0;0;4;7;8;8;perovskite;3.0;3.0;False;0.8481593724793006;0.6435714285714287;XII
mp-770472;HoLuO3;0.0824088689999982;13.468623655473118;Pnma;True;True;;Ho;Lu;only octahedral cation;"8;8;8;8";"6;6;6;6";2.547;2.205;6;6;6;0;0;6;8;8;8;perovskite;3.0;3.0;False;0.7881066291862449;0.615;X
mp-770415;HoErO3;0.0929438422083333;14.886784390561695;P6_3cm;True;True;;Ho;Er;neither octahedral: lower CN;"7;7;7;7;7;7";"5;5;5;5;5;5";2.392;2.175;5;5;6;0;0;7;7;6;6;non-perovskite (B not octahedral);3.0;3.0;False;0.7781262395589955;0.6357142857142858;X
mp-770488;CoPbO3;0.1522265197499983;11.095049725071089;Pbam;True;True;;Pb;Co;only octahedral cation;"5;6;6;5;5;6;5;6";"6;6;6;6;6;6;6;6";2.396;1.954;6;6;6;0;0;6;5;8;8;perovskite;2.0;4.0;False;1.0588282889270062;0.3785714285714286;XII
mp-770581;MgMnO3;0.0767369350000004;9.561573409635576;Pnma;True;True;;Mg;Mn;only octahedral cation;"8;8;8;8";"6;6;6;6";2.286;1.934;6;6;6;0;0;6;8;8;8;perovskite;2.0;4.0;False;0.8390023465892196;0.3785714285714286;VIII
mp-770618;MgMnO3;0.0;9.625948702724264;R-3;True;True;;Mg;Mn;both octahedral: higher valence;"6;6";"6;6";2.09;1.902;6;6;0;3;0;6;6;4;7;non-perovskite (edge-sharing BO6);2.0;4.0;False;0.8390023465892196;0.3785714285714286;VIII
mp-770614;TlCoO3;0.101516433714285;11.417144425038034;P-1;True;True;;Tl;Co;both octahedral: shorter M-O;"6;6;6;6";"6;6;6;6";2.355;2.014;6;6;6;0;0;6;6;8;8;perovskite;3.0;3.0;False;0.8372707160318325;0.4357142857142857;VIII
mp-770662;CdCoO3;0.0660951819999997;11.168017699771292;R-3;True;True;;Cd;Co;both octahedral: higher valence;"6;6";"6;6";2.341;1.885;6;6;0;3;0;6;6;7;7;non-perovskite (edge-sharing BO6);2.0;4.0;False;0.9928805062256703;0.3785714285714286;XII
mp-770767;SmCuO3;0.0;11.789062607300648;Pnma;True;True;;Sm;Cu;only octahedral cation;"8;8;8;8";"6;6;6;6";2.44;2.055;6;6;6;0;0;8;8;6;6;ambiguous;3.0;3.0;False;0.9622484032641676;0.3857142857142858;XII
mp-770778;VCrO3;0.0129727991250021;9.954617649018768;P1;True;True;;V;Cr;both octahedral: shorter M-O;"6;6;6;6";"6;6;6;6";2.021;2.005;6;6;3;1;1;6;6;4;6;non-perovskite (face-sharing BO6);3.0;3.0;False;0.7158798181739737;0.43928571428571433;VI
mp-770779;VCrO3;0.0093814436250028;9.950238155073167;P1;True;True;;V;Cr;both octahedral: shorter M-O;"6;6;6;6";"6;6;6;6";2.023;2.002;6;6;1;3;0;6;6;1;3;non-perovskite (edge-sharing BO6);3.0;3.0;False;0.7158798181739737;0.43928571428571433;VI
mp-770849;VCrO3;0.0111288411250018;9.948818545706551;P1;True;True;;V;Cr;both octahedral: shorter M-O;"6;6;6;6";"6;6;6;6";2.022;2.003;6;6;1;3;1;6;6;1;4;non-perovskite (face-sharing BO6);3.0;3.0;False;0.7158798181739737;0.43928571428571433;VI
mp-770843;VCrO3;0.0111874886250014;9.94893275458678;P1;True;True;;V;Cr;both octahedral: shorter M-O;"6;6;6;6";"6;6;6;6";2.022;2.003;6;6;1;3;1;6;6;2;3;non-perovskite (face-sharing BO6);3.0;3.0;False;0.7158798181739737;0.43928571428571433;VI
mp-770830;HoBiO3;0.0358601403750018;15.162883961027484;Pnma;True;True;;Bi;Ho;only octahedral cation;"4;4;4;4";"6;6;6;6";2.352;2.286;6;6;6;0;0;4;4;8;8;perovskite;3.0;3.0;False;0.7897715895912328;0.6435714285714287;VIII
mp-770870;MnTlO3;0.0537371981874983;12.00656537055609;Pnma;True;True;;Tl;Mn;both octahedral: shorter M-O;"6;6;6;6";"6;6;6;6";2.389;2.058;6;6;6;0;0;8;6;8;8;perovskite;3.0;3.0;False;0.8229408993760308;0.46071428571428574;VIII
mp-770855;VCrO3;0.0115463321250004;9.947443332174394;C2;True;True;;V;Cr;both octahedral: shorter M-O;"6;6;6;6";"6;6;6;6";2.02;2.005;6;6;4;1;1;6;6;4;5;non-perovskite (face-sharing BO6);3.0;3.0;False;0.7158798181739737;0.43928571428571433;VI
mp-770932;LiSbO3;0.0162339305000003;11.539919354575606;C2/m;True;True;;Li;Sb;only octahedral cation;"4;4";"6;6";2.008;1.997;6;6;0;3;0;4;4;8;8;non-perovskite (edge-sharing BO6);1.0;5.0;False;0.820243866176395;0.4285714285714286;VIII
mp-771055;EuZrO3;0.0933191865000111;14.789390392686268;Pm-3m;True;True;;Eu;Zr;only octahedral cation;12;6;2.968;2.099;6;6;6;0;0;12;12;8;8;perovskite;2.0;4.0;False;0.9172375699353799;0.5142857142857143;X
mp-771131;NdZrO3;0.200031418524988;14.299614026070763;C2/m;True;True;;Nd;Zr;only octahedral cation;"5;5";"6;6";2.431;2.166;6;6;6;0;0;5;5;8;8;perovskite;3.0;3.0;False;;;
mp-771123;ScFeO3;0.058397885541666;11.430534906224825;P6_3cm;True;True;;Sc;Fe;neither octahedral: lower CN;"7;7;7;7;7;7";"5;5;5;5;5;5";2.208;1.971;5;5;6;0;0;7;7;6;6;non-perovskite (B not octahedral);3.0;3.0;False;0.7849058157914244;0.46071428571428574;VIII
mp-771703;LaAlO3;0.0427601576666702;14.226194273061244;P-1;True;True;;La;Al;neither octahedral: lower CN;"8;6;6;6;6;8";"4;4;4;4;4;4";2.525;1.78;4;4;2;0;0;6;6;5;6;non-perovskite (B not octahedral);3.0;3.0;False;1.0085864165761607;0.3821428571428572;XII
mp-771698;LaAlO3;0.0571188267500044;14.239528830040076;P2_1/c;True;True;;La;Al;neither octahedral: lower CN;"8;8;8;8;8;8;8;8";"4;4;4;4;4;4;4;4";2.639;1.773;4;4;2;0;0;6;8;6;7;non-perovskite (B not octahedral);3.0;3.0;False;1.0085864165761607;0.3821428571428572;XII
mp-772180;LuScO3;0.0400438891666627;13.05114236993058;P6_3cm;True;True;;Lu;Sc;neither octahedral: lower CN;"7;7;7;7;7;7";"5;5;5;5;5;5";2.308;2.059;5;5;6;0;0;7;7;6;6;non-perovskite (B not octahedral);3.0;3.0;False;0.8017173388557964;0.5321428571428571;IX
mp-772187;AlGaO3;0.0287432352499994;9.865705695249936;Pna2_1;True;True;;Ga;Al;only octahedral cation;"4;6;6;4;4;6;6;4";"6;6;6;6;6;6;6;6";1.95;1.978;6;6;4;3;0;4;4;6;6;non-perovskite (edge-sharing BO6);3.0;3.0;False;0.7381683193782045;0.3821428571428572;VI
mp-772188;DyErO3;0.0841932066666686;15.073037881000976;P6_3cm;True;True;;Dy;Er;neither octahedral: lower CN;"7;7;7;7;7;7";"5;5;5;5;5;5";2.406;2.18;5;5;6;0;0;7;7;6;6;non-perovskite (B not octahedral);3.0;3.0;False;0.766701370168645;0.6357142857142858;IX
mp-772192;CuPO3;0.088344154749997;13.179942331116932;P2_1/c;True;True;;P;Cu;neither octahedral: lower CN;"4;4;4;4;4;4;4;4";"2;2;2;2;2;2;2;2";1.564;1.911;2;2;0;0;0;4;4;4;5;non-perovskite (B not octahedral);5.0;1.0;False;0.5800230739686887;0.55;VI
mp-772217;ErInO3;0.0153704933333305;13.725399589831644;P6_3cm;True;True;;Er;In;neither octahedral: lower CN;"7;7;7;7;7;7";"5;5;5;5;5;5";2.328;2.112;5;5;6;0;0;7;7;6;6;non-perovskite (B not octahedral);3.0;3.0;False;0.7913167705823998;0.5714285714285715;IX
mp-772255;CuPO3;0.0279811328333305;17.203717660042948;R-3;True;True;;P;Cu;neither octahedral: lower CN;"4;4;4;4;4;4";"2;2;2;2;2;2";1.555;1.865;2;2;0;0;0;4;4;4;4;non-perovskite (B not octahedral);5.0;1.0;False;0.5800230739686887;0.55;VI
mp-772412;MgSiO3;0.0887180575416657;9.77705151518387;I4_1/a;True;True;;Mg;Si;neither octahedral: lower CN;"8;8;6;8;8;8;8;6;6;8;8;8;8;8;6;8";"4;6;4;6;4;4;6;4;4;6;4;4;4;4;4;4";2.259;1.704;4;6;0;0;0;6;6;6;6;non-perovskite (B not octahedral);2.0;4.0;False;0.8995969605095522;0.28571428571428575;VIII
mp-772528;MnZnO3;0.098382452;9.7548944295698;Pnma;True;True;;Zn;Mn;only octahedral cation;"4;4;4;4";"6;6;6;6";2.071;1.946;6;6;6;0;0;6;4;8;8;perovskite;2.0;4.0;False;0.8426661122948492;0.3785714285714286;VIII
mp-772548;SmCuO3;0.0334752764999999;11.317609099040732;R-3c;True;True;;Sm;Cu;only octahedral cation;"9;9";"6;6";2.581;1.967;6;6;6;0;0;9;9;8;8;perovskite;3.0;3.0;False;0.9622484032641676;0.3857142857142858;XII
mp-772724;SnBO3;0.0905246665624979;14.61137047600999;Cc;True;True;;Sn;B;neither octahedral: lower CN;"3;5;3;5";"3;3;3;3";2.126;1.386;3;3;0;0;0;3;3;4;5;non-perovskite (B not octahedral);3.0;3.0;False;;;
mp-772801;LuBiO3;0.0588451416249995;15.259323552308716;R-3;True;True;;Bi;Lu;both octahedral: shorter M-O;"6;6";"6;6";2.408;2.245;6;6;0;3;0;6;6;4;7;non-perovskite (edge-sharing BO6);3.0;3.0;False;0.8037436654796226;0.615;VIII
mp-772898;AlGaO3;0.0276705999999995;9.978738974426896;Pna2_1;True;True;;Al;Ga;only octahedral cation;"4;6;6;4;4;6;6;4";"6;6;6;6;6;6;6;6";1.882;2.044;6;6;4;3;0;4;4;6;6;non-perovskite (edge-sharing BO6);3.0;3.0;False;0.6773522879187968;0.4428571428571429;VI
mp-774250;MnAlO3;0.0463428111875003;9.749613700077628;P-1;True;True;;Mn;Al;both octahedral: shorter M-O;"6;6";"6;6";2.076;1.935;6;6;0;3;0;5;6;3;7;non-perovskite (edge-sharing BO6);3.0;3.0;False;0.7473040659051625;0.3821428571428572;VI
mp-774520;TiAlO3;0.0660473695000014;9.784417929423466;R-3;True;True;;Ti;Al;both octahedral: shorter M-O;"6;6";"6;6";2.068;1.94;6;6;0;3;0;6;6;4;4;non-perovskite (edge-sharing BO6);3.0;3.0;False;0.7564398124321204;0.3821428571428572;VI
mp-775762;AgPO3;0.0454448285000097;13.236341877762603;P2_1/c;True;True;;P;Ag;only octahedral cation;"4;4;4;4";"6;6;6;6";1.566;2.614;6;6;0;6;0;4;4;6;6;non-perovskite (edge-sharing BO6);5.0;1.0;False;0.4935882629459037;0.8214285714285714;VI
mp-775761;AgClO3;0.0315841524999971;14.552986166441878;P2_13;True;True;;Cl;Ag;only octahedral cation;"3;3;3;3";"6;6;6;6";1.5;2.491;6;6;6;0;0;3;3;7;7;non-perovskite (corner-sharing, A outside cavity);5.0;1.0;False;;;
mp-775774;AgBiO3;0.0279178500000014;14.926590686018258;Cmmm;True;False;Valences cannot be assigned!;Ag;Bi;only octahedral cation;"4;4";"6;6";2.163;2.254;6;6;2;2;0;4;4;8;8;non-perovskite (edge-sharing BO6);;;;;;
mp-775763;AlBiO3;0.0782941787499833;14.204222783442608;P2_1/c;True;True;;Al;Bi;only octahedral cation;"5;5;5;5";"6;6;6;6";1.885;2.417;6;6;4;1;0;5;5;6;7;non-perovskite (edge-sharing BO6);3.0;3.0;False;0.5630665109448435;0.7357142857142858;VI
mp-775767;AgAsO3;0.0372678645000004;15.236272611243583;C2/c;True;True;;Ag;As;neither octahedral: lower CN;"4;6;6;4";"4;4;4;4";2.49;1.749;4;4;2;0;0;4;4;6;8;non-perovskite (B not octahedral);1.0;5.0;False;1.0188420288064233;0.3285714285714286;VIII
mp-776018;SrTiO3;0.039102471333333;12.7007022309146;P6_3/mmc;True;True;;Sr;Ti;only octahedral cation;"12;12;12;12;12;12";"6;6;6;6;6;6";2.838;1.971;6;6;3;0;1;12;12;7;7;non-perovskite (face-sharing BO6);2.0;4.0;False;1.001587660134561;0.43214285714285716;XII
mp-776024;CaZrO3;0.0253653767500079;13.569641745033616;Pba2;True;True;;Ca;Zr;only octahedral cation;"5;6;5;6;6;5;6;5";"6;6;6;6;6;6;6;6";2.468;2.123;6;6;6;0;0;5;5;8;8;perovskite;2.0;4.0;False;0.9139021605901604;0.5142857142857143;XII
mp-776023;CdSiO3;0.026798932500001;13.249500970026428;Pbcn;True;True;;Si;Cd;only octahedral cation;"4;4;4;4;4;4;4;4";"6;6;6;6;6;6;6;6";1.655;2.366;6;6;0;5;0;4;4;6;6;non-perovskite (edge-sharing BO6);4.0;2.0;False;0.5416137047386321;0.6785714285714286;VI
mp-776076;BaSiO3;0.0389198642499994;16.08326443422886;P2_1/c;True;True;;Ba;Si;neither octahedral: lower CN;"8;6;8;6;6;8;6;8";"4;4;4;4;4;4;4;4";2.827;1.655;4;4;2;0;0;8;6;6;7;non-perovskite (B not octahedral);2.0;4.0;False;1.182439672984171;0.28571428571428575;XII
mp-776084;BaSiO3;0.0;17.285656477882025;C2/c;True;True;;Ba;Si;neither octahedral: lower CN;"8;8;8;8;8;8";"4;4;4;4;4;4";2.812;1.638;4;4;2;0;0;8;8;6;6;non-perovskite (B not octahedral);2.0;4.0;False;1.182439672984171;0.28571428571428575;XII
mp-776083;HfSnO3;0.0686866265000016;17.389666541206324;R-3;True;True;;Sn;Hf;only octahedral cation;"3;3";"6;6";2.195;2.096;6;6;0;3;0;3;3;7;7;non-perovskite (edge-sharing BO6);2.0;4.0;False;;;
mp-776074;CaGeO3;0.0300714289999994;14.617946815926537;C2/c;True;True;;Ca;Ge;neither octahedral: lower CN;"8;8;8;8;8;8";"4;4;4;4;4;4";2.564;1.775;4;4;2;0;0;8;8;6;6;non-perovskite (B not octahedral);2.0;4.0;False;1.0038718033425598;0.3785714285714286;XII
mp-776086;CaGeO3;0.0209115276666658;13.952370856532248;P-1;True;True;;Ca;Ge;neither octahedral: lower CN;"6;7;8;8;7;6";"4;4;4;4;4;4";2.514;1.778;4;4;2;0;0;6;6;4;4;non-perovskite (B not octahedral);2.0;4.0;False;1.0038718033425598;0.3785714285714286;XII
mp-776093;CsAsO3;0.0;19.01980352167501;Pbcm;True;True;;Cs;As;neither octahedral: lower CN;"9;9;9;9";"4;4;4;4";3.181;1.717;4;4;2;0;0;9;9;8;8;non-perovskite (B not octahedral);1.0;5.0;False;1.2469409904795032;0.3285714285714286;XII
mp-776108;LiNbO3;0.0298365945000043;11.1834375697945;Pbcm;True;True;;Li;Nb;only octahedral cation;"4;3;3;4;4;3;3;4";"6;6;6;6;6;6;6;6";2.121;2.03;6;6;6;0;0;3;3;8;8;perovskite;1.0;5.0;False;0.8041606531141127;0.4571428571428572;VIII
mp-776116;AlPdO3;0.1557142294999982;11.494678137938475;C2/c;True;True;;Al;Pd;only octahedral cation;"4;4;4;4";"6;6;6;6";1.793;2.14;6;6;0;5;0;4;4;7;7;non-perovskite (edge-sharing BO6);3.0;2.0;False;0.6054210715026414;0.6142857142857143;VI
mp-776110;SiSnO3;0.0292967655000033;15.194303251880662;P2/c;True;True;;Si;Sn;neither octahedral: lower CN;"4;4;4;4;4;4;4;4;4;4;4;4";"4;3;4;4;3;4;4;3;4;4;3;4";1.647;2.307;3;4;0;2;0;4;4;5;5;non-perovskite (B not octahedral);4.0;2.0;False;;;
mp-776150;ScAgO3;0.0607270187083308;13.201168072464617;Cmmm;True;True;;Ag;Sc;only octahedral cation;"4;4";"6;6";2.057;2.149;6;6;2;2;0;4;4;8;8;non-perovskite (edge-sharing BO6);3.0;3.0;False;0.7087550487417608;0.5321428571428571;VI
mp-776154;AlFeO3;0.0803160834999996;9.149195621973227;Pnma;True;True;;Fe;Al;both octahedral: shorter M-O;"6;6;6;6";"6;6;6;6";2.111;1.919;6;6;6;0;0;6;6;8;8;perovskite;3.0;3.0;False;0.7966370971507355;0.3821428571428572;VIII
mp-776168;AgRuO3;0.0577772630000001;13.27683917322469;Fd-3m;True;True;;Ag;Ru;both octahedral: higher valence;"6;6;6;6";"6;6;6;6";2.562;1.946;6;6;6;0;0;6;6;6;6;non-perovskite (corner-sharing, A outside cavity);1.0;5.0;False;0.9644000883358509;0.4035714285714286;VIII
mp-776165;AgAuO3;0.0594244018333327;13.674433857765951;Fd-3m;True;False;Structure contains elements not in set of BV parameters: {Element Au};Ag;Au;both octahedral: shorter M-O;"6;6;6;6";"6;6;6;6";2.448;2.05;6;6;6;0;0;6;6;6;6;non-perovskite (corner-sharing, A outside cavity);;;;;;
mp-776207;CeNiO3;0.0952567235000039;11.66945210559775;Pnma;True;True;;Ce;Ni;only octahedral cation;"8;8;8;8";"6;6;6;6";2.434;2.068;6;6;6;0;0;8;8;8;8;perovskite;4.0;2.0;False;0.8593546527338903;0.4928571428571428;XII
mp-776166;AgPdO3;0.439272044;13.37981609887045;Cmcm;True;True;;Ag;Pd;neither octahedral: shorter M-O;"6;2;2;6";"4;4;4;4";2.295;2.056;4;4;4;0;0;2;2;4;4;non-perovskite (B not octahedral);1.0;2.0;False;0.8385160060088261;0.6142857142857143;VIII
mp-776167;CeAlO3;0.0030753539999945;10.946176069460792;Pnma;True;True;;Ce;Al;only octahedral cation;"12;12;12;12";"6;6;6;6";2.636;1.916;6;6;6;0;0;12;12;8;8;perovskite;3.0;3.0;False;1.0012778193545944;0.3821428571428572;XII
mp-776199;AgClO3;0.0486049454999983;15.452296618804926;P2_1/c;True;True;;Ag;Cl;neither octahedral: lower CN;"4;4;4;4";"3;3;3;3";2.547;1.518;3;3;0;0;0;8;4;7;7;non-perovskite (B not octahedral);1.0;5.0;False;;;
mp-776172;AlCuO3;0.0833113821250002;9.921438031256455;P2_1/c;True;True;;Al;Cu;neither octahedral: lower CN;"5;5;5;5";"4;4;4;4";1.875;1.877;4;4;2;0;0;5;5;8;8;non-perovskite (B not octahedral);3.0;2.0;False;0.6423716533314411;0.5214285714285715;VI
mp-776216;AlCoO3;0.1048410674999997;9.323907440412558;P-1;True;True;;Co;Al;both octahedral: shorter M-O;"6;6";"6;6";2.024;1.925;6;6;0;3;0;6;6;3;4;non-perovskite (edge-sharing BO6);3.0;3.0;False;0.7345140207674212;0.3821428571428572;VI
mp-776320;CuAsO3;0.0948813025000028;10.90953559538195;R-3;True;True;;Cu;As;both octahedral: higher valence;"6;6";"6;6";2.292;1.912;6;6;0;3;0;6;6;7;7;non-perovskite (edge-sharing BO6);1.0;5.0;False;0.8249579113843055;0.3285714285714286;VI
mp-776439;SmTmO3;0.0516059673749982;14.43150090268557;Pnma;True;True;;Sm;Tm;only octahedral cation;"8;8;8;8";"6;6;6;6";2.618;2.237;6;6;6;0;0;6;8;8;8;perovskite;3.0;3.0;False;0.8187552203212655;0.6285714285714287;XII
mp-776476;CdFeO3;0.0851472134999999;11.209091081073932;Pnma;True;True;;Cd;Fe;only octahedral cation;"8;8;8;8";"6;6;6;6";2.48;1.982;6;6;6;0;0;8;8;8;8;perovskite;2.0;4.0;False;0.965369963232012;0.41785714285714287;XII
mp-776593;LuScO3;0.0634593464999966;12.153644073530677;Pnma;True;True;;Lu;Sc;only octahedral cation;"8;8;8;8";"6;6;6;6";2.463;2.118;6;6;6;0;0;6;8;8;8;perovskite;3.0;3.0;False;0.8017173388557964;0.5321428571428571;IX
mp-776984;HoInO3;0.0717123543750002;13.257126817793264;Pnma;True;True;;Ho;In;only octahedral cation;"8;8;8;8";"6;6;6;6";2.525;2.196;6;6;6;0;0;6;8;8;8;perovskite;3.0;3.0;False;0.8099586766318634;0.5714285714285715;X
mp-777295;TmCrO3;0.0;10.650730320262545;Pnma;False;True;;Tm;Cr;only octahedral cation;"8;8;8;8";"6;6;6;6";2.378;1.987;6;6;6;0;0;8;8;8;8;perovskite;3.0;3.0;False;0.8604594677267567;0.43928571428571433;IX
mp-777413;CeScO3;0.013483153500001;13.166644223566838;Pnma;False;True;;Ce;Sc;only octahedral cation;"8;8;8;8";"6;6;6;6";2.58;2.113;6;6;6;0;0;8;8;8;8;perovskite;3.0;3.0;False;0.9032506202569418;0.5321428571428571;XII
mp-778151;ErLuO3;0.0913835496249984;13.419272635545571;Pnma;True;True;;Er;Lu;only octahedral cation;"8;8;8;8";"6;6;6;6";2.543;2.205;6;6;6;0;0;6;8;8;8;perovskite;3.0;3.0;False;0.7699676670859263;0.615;IX
mp-778450;LaSmO3;0.0676604768749999;16.36122234391754;Pna2_1;True;True;;La;Sm;only octahedral cation;"8;8;8;8";"6;6;6;6";2.732;2.35;6;6;6;0;0;5;8;8;8;perovskite;3.0;3.0;False;0.827656792228529;0.6842857142857143;XII
mp-778408;HgBiO3;0.0370667344999997;15.479235641038503;R-3c;True;False;Valences cannot be assigned!;Hg;Bi;only octahedral cation;"3;3";"6;6";2.237;2.254;6;6;6;0;0;3;3;8;8;perovskite;;;;;;
mp-779389;CsClO3;0.0648916946250004;23.614650286890377;P2_1/m;True;True;;Cs;Cl;neither octahedral: lower CN;"9;9";"3;3";3.273;1.508;3;3;0;0;0;9;9;7;7;non-perovskite (B not octahedral);1.0;5.0;False;;;
mp-779599;DyTiO3;0.0572824594999836;11.733040705907849;Pnma;True;True;;Dy;Ti;only octahedral cation;"8;8;8;8";"6;6;6;6";2.454;2.052;6;6;6;0;0;8;8;8;8;perovskite;3.0;3.0;False;0.8481865399450228;0.47857142857142865;IX
mp-779664;AgGeO3;0.1351619310000016;15.222963156576707;Pmc2_1;True;True;;Ag;Ge;neither octahedral: shorter M-O;"4;4";"4;4";2.12;1.806;4;4;2;0;0;4;4;8;8;non-perovskite (B not octahedral);2.0;4.0;False;0.8573211751173684;0.3785714285714286;VI
mp-779706;AgGeO3;0.1395662855000017;14.612794684190202;P2_12_12;True;True;;Ag;Ge;neither octahedral: shorter M-O;"4;4;4;4";"4;4;4;4";2.123;1.809;4;4;2;0;0;4;4;8;8;non-perovskite (B not octahedral);2.0;4.0;False;0.8573211751173684;0.3785714285714286;VI
mp-780260;TiGeO3;0.0687741155000036;14.228736606278073;R-3;True;True;;Ge;Ti;only octahedral cation;"3;3";"6;6";1.989;1.979;6;6;0;3;0;3;3;6;7;non-perovskite (edge-sharing BO6);2.0;4.0;False;0.7511907451009208;0.43214285714285716;VI
mp-780275;AgBO3;0.0852400304999996;10.99353807286683;R-3c;True;True;;B;Ag;only octahedral cation;"3;3";"6;6";1.383;2.21;6;6;6;0;0;3;3;6;8;non-perovskite (corner-sharing, A outside cavity);3.0;3.0;False;0.5492410812007136;0.5357142857142857;VI
mp-780393;HoBO3;0.0591099376666672;10.33378518440142;P-1;True;True;;Ho;B;neither octahedral: lower CN;"8;8;8;10;7;8;8;7;10;8;8;8";"3;4;4;4;4;3;3;4;4;4;4;3";2.411;1.465;3;4;1;0;0;7;7;6;6;non-perovskite (B not octahedral);3.0;3.0;False;1.067011430293473;0.1928571428571429;X
mp-780411;LaAlO3;0.0931685626666709;13.849772007451504;P2_1/c;True;True;;La;Al;neither octahedral: lower CN;"9;9;8;8;8;8;8;8;8;8;9;9";"4;4;4;4;4;4;4;4;4;4;4;4";2.629;1.789;4;4;1;0;0;7;8;5;5;non-perovskite (B not octahedral);3.0;3.0;False;1.0085864165761607;0.3821428571428572;XII
mp-780421;LaAlO3;0.0826403730000038;14.062621642337556;P-1;True;True;;La;Al;neither octahedral: lower CN;"8;6;7;7;6;8";"4;4;4;4;4;4";2.567;1.771;4;4;2;0;0;7;6;6;6;non-perovskite (B not octahedral);3.0;3.0;False;1.0085864165761607;0.3821428571428572;XII
mp-780422;LaAlO3;0.0358102563333364;15.713484578567062;P2_1/c;True;True;;La;Al;neither octahedral: lower CN;"6;6;7;7;6;6;6;6;7;7;6;6";"4;4;4;4;4;4;4;4;4;4;4;4";2.49;1.781;4;4;2;0;0;6;6;5;6;non-perovskite (B not octahedral);3.0;3.0;False;1.0085864165761607;0.3821428571428572;XII
mp-780619;RbTaO3;0.0101969080000152;17.565840295648535;P-1;True;True;;Rb;Ta;only octahedral cation;"6;8;6;8";"6;6;6;6";3.014;2.04;6;6;1;4;0;6;6;5;5;non-perovskite (edge-sharing BO6);1.0;5.0;False;1.0814574300500137;0.4571428571428572;XII
mp-780712;CeCrO3;0.0617623336000026;12.251243877756377;Pnma;True;True;;Ce;Cr;only octahedral cation;"8;8;8;8";"6;6;6;6";2.529;2.05;6;6;6;0;0;8;8;8;8;perovskite;3.0;3.0;False;0.961524853821906;0.43928571428571433;XII
mp-781082;SrCrO3;0.0652886416517892;12.295879061914624;Ama2;True;True;;Sr;Cr;only octahedral cation;"12;12;12;12;12;12;12;12;12;12;12;12;12;12";"6;6;6;6;6;6;6;6;6;6;6;6;6;6";2.799;1.936;6;6;3;0;1;12;12;6;6;non-perovskite (face-sharing BO6);2.0;4.0;False;1.0298375684973307;0.3928571428571429;XII
mp-781625;BaOsO3;0.0804348330000008;13.426562179041795;Pm-3m;False;False;Structure contains elements not in set of BV parameters: {Element Os};Ba;Os;only octahedral cation;12;6;2.874;2.032;6;6;6;0;0;12;12;8;8;perovskite;;;;;;
mp-802021;AlVO3;2.0833725696249967;10.769118070945469;P1;True;True;;V;Al;neither octahedral: lower CN;"4;6;6;4;6;6;6;6";"1;4;6;3;4;3;6;1";2.127;1.922;1;6;1;2;0;4;4;2;2;non-perovskite (B not octahedral);2.5;3.0;True;;;
mp-803450;VCrO3;2.718993196625001;10.505837832618976;P1;True;True;;V;Cr;neither octahedral: lower CN;"2;5;5;2";"2;4;4;2";2.047;1.935;2;4;1;0;0;2;2;1;1;non-perovskite (B not octahedral);2.5;2.5;True;;;
mp-806062;VCrO3;2.620506569625001;10.497096037716338;P1;True;True;;Cr;V;neither octahedral: lower CN;"4;4;4;2";"2;2;5;2";2.028;1.887;2;5;0;0;0;2;2;1;1;non-perovskite (B not octahedral);2.25;2.75;True;;;
mp-806072;VCrO3;2.6077976841250017;10.511144277531717;P1;True;True;;V;Cr;neither octahedral: lower CN;"5;2;2;5";"4;2;2;4";2.049;1.943;2;4;1;0;0;2;2;1;1;non-perovskite (B not octahedral);2.5;2.5;True;;;
mp-807999;VCrO3;2.633730311125001;10.49143176900623;P1;True;True;;V;Cr;neither octahedral: lower CN;"4;2;2;5";"4;2;2;4";1.996;1.929;2;4;1;1;0;2;2;1;1;non-perovskite (B not octahedral);2.5;2.5;True;;;
mp-849271;AgIO3;0.0274698735000002;16.598995390475487;Pnma;True;True;;I;Ag;only octahedral cation;"3;3;3;3";"6;6;6;6";1.846;2.519;6;6;6;0;0;3;3;8;8;perovskite;5.0;1.0;False;0.6516474257993672;0.8214285714285714;VI
mp-849295;FeBO3;0.1026524255000023;11.75563617144586;C2/c;True;True;;B;Fe;only octahedral cation;"3;3;3;3";"6;6;6;6";1.381;2.031;6;6;0;0;2;3;3;6;6;non-perovskite (face-sharing BO6);3.0;3.0;False;0.5774417235117527;0.46071428571428574;VI
mp-849371;CdSnO3;0.0303832525000018;12.140377185118805;Pnma;False;True;;Cd;Sn;both octahedral: higher valence;"6;6;6;6";"6;6;6;6";2.398;2.07;6;6;6;0;0;6;6;8;8;perovskite;2.0;4.0;False;0.916870515318442;0.4928571428571428;XII
mp-850193;HoBO3;0.0330135390000005;11.19915609909745;P-1;True;True;;Ho;B;neither octahedral: lower CN;"8;8;8;8";"3;3;3;3";2.398;1.385;3;3;0;0;0;8;8;4;6;non-perovskite (B not octahedral);3.0;3.0;False;1.067011430293473;0.1928571428571429;X
mp-850194;TiNiO3;0.0139521449999993;10.000880325404562;R3c;True;True;;Ni;Ti;both octahedral: higher valence;"6;6";"6;6";2.051;1.996;6;6;6;0;0;6;6;7;7;non-perovskite (corner-sharing, A outside cavity);2.0;4.0;False;0.7370838766483213;0.43214285714285716;VI
mp-858693;RbTaO3;2.3854915165000152;18.2816302046528;P-1;True;False;Valences cannot be assigned!;Rb;Ta;neither octahedral: lower CN;"2;2;6;2";"1;3;3;1";2.973;1.993;1;3;0;0;0;3;2;2;2;non-perovskite (B not octahedral);;;;;;
mp-860791;AgSbO3;0.0604233523333324;14.360832277576948;C2;True;True;;Ag;Sb;only octahedral cation;"3;3;3;3;3;3";"6;6;6;6;6;6";2.491;2.02;6;6;4;1;0;4;3;6;6;non-perovskite (edge-sharing BO6);1.0;5.0;False;0.9475230867899735;0.4285714285714286;VIII
mp-861324;GaFeO3;4.680959962499999;10.890627116367437;P1;True;True;;Fe;Ga;neither octahedral: lower CN;"4;4;5;5;4;5;4;5";"5;1;5;5;1;1;5;1";2.192;1.998;1;5;0;1;0;4;4;1;1;non-perovskite (B not octahedral);2.125;3.0;True;;;
mp-861504;PrBO3;0.0;11.967475526276424;Pnma;False;True;;Pr;B;neither octahedral: lower CN;"9;9;9;9";"3;3;3;3";2.563;1.373;3;3;0;0;0;9;9;6;6;non-perovskite (B not octahedral);3.0;3.0;False;1.091993047113836;0.1928571428571429;IX
mp-861502;AcFeO3;0.0;12.359462126517345;Pm-3m;True;False;Structure contains elements not in set of BV parameters: {Element Ac};Ac;Fe;only octahedral cation;12;6;2.796;1.977;6;6;6;0;0;12;12;8;8;perovskite;;;;;;
mp-861873;TaTlO3;0.1073648547500027;13.611927628922675;Pm-3m;True;True;;Tl;Ta;only octahedral cation;12;6;2.887;2.041;6;6;6;0;0;12;12;8;8;perovskite;1.0;5.0;False;1.074525010626616;0.4571428571428572;XII
mp-862606;EuSnO3;0.1384474116249965;13.543506844375187;Pm-3m;True;True;;Eu;Sn;only octahedral cation;12;6;2.882;2.038;6;6;6;0;0;12;12;8;8;perovskite;2.0;4.0;False;0.9304036594559836;0.4928571428571428;X
mp-862832;PaTlO3;0.0;16.764328723361196;Pm-3m;True;False;Structure contains elements not in set of BV parameters: {Element Pa};Tl;Pa;only octahedral cation;0;6;;2.188;6;6;6;0;0;12;0;8;8;perovskite;;;;;;
mp-862870;LiTcO3;0.0652702085833327;11.447608137686531;Pm-3m;True;False;Structure contains elements not in set of BV parameters: {Element Tc};Li;Tc;only octahedral cation;0;6;;1.927;6;6;6;0;0;12;0;8;8;perovskite;;;;;;
mp-863367;KBiO3;0.0094515709999996;17.087568602664394;C2/m;True;True;;K;Bi;both octahedral: higher valence;"6;6;6;6;6;6";"6;6;6;6;6;6";2.811;2.129;6;6;4;1;0;6;6;6;6;non-perovskite (edge-sharing BO6);1.0;5.0;False;0.9951873216699557;0.5428571428571429;XII
mp-863708;KPuO3;1.739399999678426e-05;15.32192776029498;Pm-3m;True;False;Structure contains elements not in set of BV parameters: {Element Pu};K;Pu;only octahedral cation;12;6;3.003;2.124;6;6;6;0;0;12;12;8;8;perovskite;;;;;;
mp-864606;AcCuO3;0.0;11.985877331362044;Pm-3m;True;False;Structure contains elements not in set of BV parameters: {Element Ac};Ac;Cu;only octahedral cation;12;6;2.767;1.957;6;6;6;0;0;12;12;8;8;perovskite;;;;;;
mp-864636;CeFeO3;0.376129136000003;12.172887991619133;Pm-3m;True;True;;Ce;Fe;only octahedral cation;12;6;2.781;1.967;6;6;6;0;0;12;12;8;8;perovskite;3.0;3.0;False;0.9474193547438339;0.46071428571428574;XII
mp-864891;NaPO3;0.0;12.4105446414838;P-1;False;True;;P;Na;only octahedral cation;"4;4;4;4;4;4";"6;6;6;6;6;6";1.544;2.383;6;6;0;6;0;4;4;5;6;non-perovskite (edge-sharing BO6);5.0;1.0;False;0.5201033349223365;0.7285714285714286;VI
mp-864911;AcMnO3;0.0;12.448279765957576;Pm-3m;True;False;Structure contains elements not in set of BV parameters: {Element Ac};Ac;Mn;only octahedral cation;12;6;2.802;1.982;6;6;6;0;0;12;12;8;8;perovskite;;;;;;
mp-865120;NaPaO3;0.0;16.208296908923906;Pm-3m;True;False;Structure contains elements not in set of BV parameters: {Element Pa};Na;Pa;only octahedral cation;12;6;3.06;2.164;6;6;6;0;0;12;12;8;8;perovskite;;;;;;
mp-865181;EuGeO3;0.0922275799999994;11.318365025373913;Pm-3m;True;True;;Eu;Ge;only octahedral cation;12;6;2.715;1.92;6;6;6;0;0;12;12;8;8;perovskite;2.0;4.0;False;1.0075355690481893;0.3785714285714286;X
mp-865218;YbTiO3;0.4641207642499978;11.317075586901089;Pm-3m;True;True;;Yb;Ti;only octahedral cation;12;6;2.715;1.92;6;6;6;0;0;12;12;8;8;perovskite;2.0;4.0;False;0.8957861467400652;0.43214285714285716;VIII
mp-865322;UTlO3;0.0;16.183355284990267;Pm-3m;True;True;;Tl;U;only octahedral cation;0;6;;2.163;6;6;6;0;0;12;0;8;8;perovskite;1.0;5.0;False;1.0148291767029152;0.5428571428571429;XII
mp-865424;CsUO3;0.0214696040000088;17.2165354854408;Pm-3m;True;True;;Cs;U;only octahedral cation;12;6;3.122;2.208;6;6;6;0;0;12;12;8;8;perovskite;1.0;5.0;False;1.0737547418017943;0.5428571428571429;XII
mp-865758;YbGeO3;0.7855962329999926;11.206960243716296;Pm-3m;True;True;;Yb;Ge;only octahedral cation;12;6;2.706;1.913;6;6;6;0;0;12;12;8;8;perovskite;2.0;4.0;False;0.9305964892299641;0.3785714285714286;VIII
mp-865927;AcTiO3;0.0;12.75991401495254;Pm-3m;True;False;Structure contains elements not in set of BV parameters: {Element Ac};Ac;Ti;only octahedral cation;12;6;2.825;1.998;6;6;6;0;0;12;12;8;8;perovskite;;;;;;
mp-866030;EuSiO3;0.25598193966667;10.276974662738208;Pm-3m;True;True;;Eu;Si;only octahedral cation;12;6;2.629;1.859;6;6;6;0;0;12;12;8;8;perovskite;3.0;3.0;False;;;
mp-866036;EuRuO3;0.2182072527499947;12.653505708319722;Pm-3m;True;True;;Eu;Ru;only octahedral cation;12;6;2.817;1.992;6;6;6;0;0;12;12;8;8;perovskite;2.0;4.0;False;0.9626453704272304;0.4428571428571429;X
mp-866101;AcCrO3;0.0;12.272569008052164;Pm-3m;True;False;Structure contains elements not in set of BV parameters: {Element Ac};Ac;Cr;only octahedral cation;12;6;2.789;1.972;6;6;6;0;0;12;12;8;8;perovskite;;;;;;
mp-866095;CeNiO3;0.4468907550000018;10.84854573904281;Pm-3m;True;True;;Ce;Ni;only octahedral cation;12;6;2.677;1.893;6;6;6;0;0;12;12;8;8;perovskite;3.0;3.0;False;0.9687362902255701;0.4285714285714286;XII
mp-867195;SrOsO3;0.0969186678181834;12.726776871134788;Pm-3m;True;False;Structure contains elements not in set of BV parameters: {Element Os};Sr;Os;only octahedral cation;12;6;2.823;1.996;6;6;6;0;0;12;12;8;8;perovskite;;;;;;
mp-867749;CaBiO3;0.020840419499998;15.656459992332618;R-3;True;False;Valences cannot be assigned!;Ca;Bi;both octahedral: shorter M-O;"6;6";"6;6";2.421;2.277;6;6;0;3;0;6;6;4;7;non-perovskite (edge-sharing BO6);;;;;;
mp-868005;GaFeO3;0.0366685419999992;10.90360643369896;P1;True;True;;Ga;Fe;only octahedral cation;"6;4;6;6;4;4;6;4";"6;6;6;6;6;6;6;6";1.967;2.08;6;6;2;4;0;4;4;5;6;non-perovskite (edge-sharing BO6);3.0;3.0;False;0.6984624440082278;0.46071428571428574;VI
mp-882825;MnInO3;0.0145566753541652;11.652039410302248;P6_3cm;False;True;;In;Mn;neither octahedral: lower CN;"7;7;7;7;7;7";"5;5;5;5;5;5";2.261;1.95;5;5;6;0;0;7;7;6;6;non-perovskite (B not octahedral);3.0;3.0;False;0.8021944901480635;0.46071428571428574;VIII
mp-891880;AgGeO3;0.133380353625002;15.133726266386034;Pbam;True;True;;Ag;Ge;neither octahedral: shorter M-O;"4;4;4;4;4;4;4;4;4;4;4;4;4;4;4;4";"4;4;4;4;4;4;4;4;4;4;4;4;4;4;4;4";2.125;1.804;4;4;2;0;0;4;4;8;8;non-perovskite (B not octahedral);2.0;4.0;False;0.8573211751173684;0.3785714285714286;VI
mp-891854;AgGeO3;0.135711887000002;15.223687320929267;Pmma;True;True;;Ag;Ge;neither octahedral: shorter M-O;"4;4";"4;4";2.122;1.803;4;4;2;0;0;4;4;8;8;non-perovskite (B not octahedral);2.0;4.0;False;0.8573211751173684;0.3785714285714286;VI
mp-935811;KNbO3;0.0077302279999997;13.08220358176979;Pm-3m;False;True;;K;Nb;only octahedral cation;12;6;2.849;2.015;6;6;6;0;0;12;12;8;8;perovskite;1.0;5.0;False;1.0537277523564237;0.4571428571428572;XII
mp-971704;ZnBO3;1.1255812861666676;7.7147128506893665;Pm-3m;True;True;;Zn;B;only octahedral cation;12;6;2.389;1.689;6;6;6;0;0;12;12;8;8;perovskite;2.0;1.0;False;;;
mp-971700;ZnAuO3;0.7912942535000003;12.179099927749894;Pm-3m;True;False;Structure contains elements not in set of BV parameters: {Element Au};Au;Zn;only octahedral cation;12;6;2.782;1.967;6;6;6;0;0;12;12;8;8;perovskite;;;;;;
mp-971706;ZnBiO3;0.3804195999999997;11.968287674189208;Pm-3m;True;True;;Bi;Zn;only octahedral cation;12;6;2.766;1.956;6;6;6;0;0;12;12;8;8;perovskite;1.0;2.0;False;;;
mp-971733;ZnGaO3;0.7340746505000002;11.220401743835303;Pm-3m;True;False;Valences cannot be assigned!;Zn;Ga;only octahedral cation;0;6;;1.914;6;6;6;0;0;12;0;8;8;perovskite;;;;;;
mp-971996;SrHoO3;0.2362225938749995;16.523766550854592;Pm-3m;True;False;Valences cannot be assigned!;Sr;Ho;only octahedral cation;12;6;3.08;2.178;6;6;6;0;0;12;12;8;8;perovskite;;;;;;
mp-972066;ZrAlO3;0.5159898236;9.904779424487977;Pm-3m;True;True;;Zr;Al;only octahedral cation;12;6;2.597;1.836;6;6;6;0;0;12;12;8;8;perovskite;3.0;3.0;False;;;
mp-971975;SrHgO3;0.2730165269999993;15.203740348729522;Pm-3m;True;False;Valences cannot be assigned!;Sr;Hg;only octahedral cation;12;6;2.995;2.118;6;6;6;0;0;12;12;8;8;perovskite;;;;;;
mp-972058;YbTmO3;1.0600453508749972;14.503482225618344;Pm-3m;True;True;;Yb;Tm;only octahedral cation;12;6;2.949;2.085;6;6;6;0;0;12;12;8;8;perovskite;3.0;3.0;False;0.7573485787971707;0.6285714285714287;IX
mp-972021;SrInO3;0.1941839005000023;14.970820477151412;Pm-3m;True;False;Valences cannot be assigned!;Sr;In;only octahedral cation;12;6;2.98;2.107;6;6;6;0;0;12;12;8;8;perovskite;;;;;;
mp-972117;SrTeO3;0.0;17.152466344304848;P2_1/c;False;True;;Sr;Te;neither octahedral: lower CN;"7;7;7;7";"3;3;3;3";2.617;1.871;3;3;0;0;0;7;7;7;7;non-perovskite (B not octahedral);2.0;4.0;False;0.8473347082572974;0.6928571428571428;XII
mp-972184;VPtO3;0.8465754645000017;11.09038397355354;Pm-3m;True;False;Structure contains elements not in set of BV parameters: {Element Pt};Pt;V;only octahedral cation;12;6;2.696;1.907;6;6;6;0;0;12;12;8;8;perovskite;;;;;;
mp-972116;VIrO3;1.2449427135000013;12.115076528909375;Pm-3m;True;True;;V;Ir;only octahedral cation;12;6;2.777;1.964;6;6;6;0;0;12;12;8;8;perovskite;2.0;4.0;False;0.7647228892832291;0.44642857142857145;VI
mp-972160;YbMgO3;0.7193957993749986;10.78994867876229;Pm-3m;True;False;Valences cannot be assigned!;Yb;Mg;only octahedral cation;12;6;2.672;1.889;6;6;6;0;0;12;12;8;8;perovskite;;;;;;
mp-972222;TaBeO3;1.008994493106668;8.011697837947208;Pm-3m;True;False;Valences cannot be assigned!;Ta;Be;only octahedral cation;12;6;2.419;1.711;6;6;6;0;0;12;12;8;8;perovskite;;;;;;
mp-972296;ZrOsO3;1.459629599000003;12.105509989032283;Pm-3m;True;False;Structure contains elements not in set of BV parameters: {Element Os};Zr;Os;only octahedral cation;12;6;2.776;1.963;6;6;6;0;0;12;12;8;8;perovskite;;;;;;
mp-972367;UAlO3;0.1737771648506125;10.687583961975546;Pm-3m;True;True;;U;Al;only octahedral cation;12;6;2.663;1.883;6;6;6;0;0;12;12;8;8;perovskite;3.0;3.0;False;0.8861674131149236;0.3821428571428572;VI
mp-972395;TmBeO3;0.4014180487499992;8.847410742488064;Pm-3m;True;False;Valences cannot be assigned!;Tm;Be;only octahedral cation;12;6;2.501;1.768;6;6;6;0;0;12;12;8;8;perovskite;;;;;;
mp-972442;SnBO3;1.1284979960624977;8.522488904308513;Pm-3m;True;True;;Sn;B;only octahedral cation;12;6;2.47;1.746;6;6;6;0;0;12;12;8;8;perovskite;4.0;2.0;False;;;
mp-972822;SiBO3;1.919687921312498;7.426928975911204;Pm-3m;True;True;;Si;B;only octahedral cation;12;6;2.359;1.668;6;6;6;0;0;12;12;8;8;perovskite;3.0;3.0;False;;;
mp-972827;SiBiO3;0.7223104239999962;10.962846280912894;Pm-3m;True;True;;Bi;Si;only octahedral cation;12;6;2.686;1.899;6;6;6;0;0;12;12;8;8;perovskite;2.0;4.0;False;;;
mp-972839;SiBO3;1.908972559312498;8.594536417852863;Pm-3m;True;True;;B;Si;only octahedral cation;0;6;;1.751;6;6;6;0;0;12;0;8;8;perovskite;2.0;4.0;False;;;
mp-972931;EuMgO3;0.4080909834999975;12.07207599280022;Pm-3m;True;False;Valences cannot be assigned!;Eu;Mg;only octahedral cation;12;6;2.774;1.961;6;6;6;0;0;12;12;8;8;perovskite;;;;;;
mp-972985;KPdO3;0.1731038883333342;13.484583973545082;Pm-3m;True;True;;K;Pd;only octahedral cation;12;6;2.878;2.035;6;6;6;0;0;12;12;8;8;perovskite;1.0;2.0;False;0.9511524844279223;0.6142857142857143;XII
mp-972978;ScVO3;0.7257886889999998;10.856999407806049;Pm-3m;True;True;;Sc;V;only octahedral cation;12;6;2.677;1.893;6;6;6;0;0;12;12;8;8;perovskite;1.0;5.0;False;;;
mp-973068;ScCuO3;0.5728035054999996;10.369785194103546;Pm-3m;True;True;;Sc;Cu;only octahedral cation;12;6;2.637;1.864;6;6;6;0;0;12;12;8;8;perovskite;1.0;2.0;False;;;
mp-973123;ScPdO3;0.8200657298749991;13.57102135153228;Pm-3m;True;True;;Pd;Sc;only octahedral cation;0;6;;2.039;6;6;6;0;0;12;0;8;8;perovskite;3.0;3.0;False;0.7120515838521877;0.5321428571428571;VI
mp-973136;LiSmO3;0.3081785753392854;10.419445433133054;Pm-3m;True;True;;Sm;Li;only octahedral cation;12;6;2.641;1.867;6;6;6;0;0;12;12;8;8;perovskite;2.0;1.0;False;0.8904307614941708;0.5428571428571429;IX
mp-973156;ScAsO3;1.047828888374999;12.251318490357182;Pm-3m;True;True;;Sc;As;only octahedral cation;12;6;2.787;1.971;6;6;6;0;0;12;12;8;8;perovskite;3.0;3.0;False;0.8106729259057893;0.41428571428571426;VIII
mp-973267;KTcO3;0.0;11.629380592435693;Pm-3m;True;False;Structure contains elements not in set of BV parameters: {Element Tc};K;Tc;only octahedral cation;12;6;2.739;1.937;6;6;6;0;0;12;12;8;8;perovskite;;;;;;
mp-973269;SbTeO3;0.6981031225833352;14.534918982343068;Pm-3m;True;True;;Te;Sb;only octahedral cation;0;6;;2.087;6;6;6;0;0;12;0;8;8;perovskite;1.0;5.0;False;;;
mp-973396;KBeO3;0.6463002295000013;10.729954867590624;Pm-3m;True;True;;K;Be;only octahedral cation;12;6;2.667;1.886;6;6;6;0;0;12;12;8;8;perovskite;1.0;2.0;False;1.1619484404362725;0.32142857142857145;XII
mp-973471;KReO3;0.03743742071428;12.223824958841318;Pm-3m;True;True;;K;Re;only octahedral cation;12;6;2.785;1.97;6;6;6;0;0;12;12;8;8;perovskite;1.0;5.0;False;1.0856588963672245;0.41428571428571426;XII
mp-973486;LuVO3;0.5639328577499985;11.445469558748506;Pm-3m;True;True;;Lu;V;only octahedral cation;12;6;2.725;1.927;6;6;6;0;0;12;12;8;8;perovskite;3.0;3.0;False;0.8429822018851388;0.4571428571428572;IX
mp-973447;KBaO3;0.5736075070000011;25.206531138852537;Pm-3m;True;True;;K;Ba;only octahedral cation;0;6;;2.507;6;6;6;0;0;12;0;8;8;perovskite;1.0;2.0;False;0.7816744053844016;0.9642857142857144;XII
mp-973536;LuUO3;0.7046519252701611;14.734333371393172;Pm-3m;True;True;;U;Lu;only octahedral cation;12;6;2.964;2.096;6;6;6;0;0;12;12;8;8;perovskite;3.0;3.0;False;0.7583962602288268;0.615;VI
mp-973613;LiCeO3;0.4711135530000003;9.99453281342341;Pm-3m;True;False;Valences cannot be assigned!;Ce;Li;only octahedral cation;12;6;2.605;1.842;6;6;6;0;0;12;12;8;8;perovskite;;;;;;
mp-973579;FePbO3;0.1982501862500054;12.302997448725437;Pm-3m;True;True;;Pb;Fe;only octahedral cation;12;6;2.791;1.974;6;6;6;0;0;12;12;8;8;perovskite;2.0;4.0;False;1.0294904773950238;0.41785714285714287;XII
mp-973681;LuRhO3;0.7235573885000006;12.084488722152091;Pm-3m;True;True;;Lu;Rh;only octahedral cation;12;6;2.775;1.962;6;6;6;0;0;12;12;8;8;perovskite;3.0;3.0;False;0.8327766062206701;0.47500000000000003;IX
mp-973655;LuSiO3;0.8780173768749906;9.970717002161916;Pm-3m;True;True;;Lu;Si;only octahedral cation;12;6;2.602;1.84;6;6;6;0;0;12;12;8;8;perovskite;3.0;3.0;False;;;
mp-973738;GeBO3;1.358852277666668;7.911827191294952;Pm-3m;True;True;;Ge;B;only octahedral cation;12;6;2.409;1.704;6;6;6;0;0;12;12;8;8;perovskite;2.0;1.0;False;;;
mp-973648;FeRhO3;0.9351273892499964;10.717149137074276;Pm-3m;True;True;;Rh;Fe;only octahedral cation;12;6;2.666;1.885;6;6;6;0;0;12;12;8;8;perovskite;3.0;3.0;False;0.7140222509292031;0.46071428571428574;VI
mp-973818;LiHoO3;0.4370870380892864;9.830194089796125;Pm-3m;True;False;Valences cannot be assigned!;Ho;Li;only octahedral cation;12;6;2.59;1.832;6;6;6;0;0;12;12;8;8;perovskite;;;;;;
mp-973869;LaCdO3;0.4113762287499991;14.60997729342488;Pm-3m;True;True;;La;Cd;only octahedral cation;12;6;2.956;2.09;6;6;6;0;0;12;12;8;8;perovskite;1.0;2.0;False;;;
mp-973830;KErO3;0.2627308116666675;17.34658746921228;Pm-3m;True;False;Valences cannot be assigned!;K;Er;only octahedral cation;12;6;3.13;2.213;6;6;6;0;0;12;12;8;8;perovskite;;;;;;
mp-973877;PaBO3;1.1269523429791644;9.483143901720627;Pm-3m;True;False;Structure contains elements not in set of BV parameters: {Element Pa};Pa;B;only octahedral cation;12;6;2.559;1.81;6;6;6;0;0;12;12;8;8;perovskite;;;;;;
mp-973930;NpBeO3;0.4324177509999991;9.09812285499278;Pm-3m;True;False;Structure contains elements not in set of BV parameters: {Element Np};Np;Be;only octahedral cation;12;6;2.524;1.785;6;6;6;0;0;12;12;8;8;perovskite;;;;;;
mp-973892;EuAlO3;0.1203964344999999;10.700800618348463;Pm-3m;True;True;;Eu;Al;only octahedral cation;12;6;2.664;1.884;6;6;6;0;0;12;12;8;8;perovskite;3.0;3.0;False;0.920883249917364;0.3821428571428572;IX
mp-973919;NpOsO3;0.973443296000001;12.641633649055368;Pm-3m;True;False;Structure contains elements not in set of BV parameters: {Element Os, Element Np;Np;Os;only octahedral cation;12;6;2.817;1.992;6;6;6;0;0;12;12;8;8;perovskite;;;;;;
mp-973958;KRuO3;0.1041077557499914;12.22586389797577;Pm-3m;True;True;;K;Ru;only octahedral cation;12;6;2.785;1.97;6;6;6;0;0;12;12;8;8;perovskite;1.0;5.0;False;1.0939463688585773;0.4035714285714286;XII
mp-973960;KScO3;0.21022031625;14.930680130622097;Pm-3m;True;True;;K;Sc;only octahedral cation;12;6;2.977;2.105;6;6;6;0;0;12;12;8;8;perovskite;1.0;2.0;False;;;
mp-973968;KNaO3;0.6213259631666692;17.502991944950914;Pm-3m;True;False;Valences cannot be assigned!;K;Na;only octahedral cation;12;6;3.139;2.22;6;6;6;0;0;12;12;8;8;perovskite;;;;;;
mp-974061;KSiO3;0.4701407725000015;9.992245567970064;Pm-3m;True;False;Valences cannot be assigned!;K;Si;only octahedral cation;12;6;2.604;1.842;6;6;6;0;0;12;12;8;8;perovskite;;;;;;
mp-973977;HoSnO3;0.8692622737187534;16.48342882527635;Pm-3m;True;True;;Sn;Ho;only octahedral cation;0;6;;2.176;6;6;6;0;0;12;0;8;8;perovskite;3.0;3.0;False;;;
mp-974108;NiPbO3;0.3669584699999992;11.066094053283985;Pm-3m;True;True;;Pb;Ni;only octahedral cation;12;6;2.694;1.905;6;6;6;0;0;12;12;8;8;perovskite;2.0;4.0;False;1.0869886157601714;0.34285714285714286;XII
mp-974337;RuPbO3;0.176023031979164;12.80137284907818;Pm-3m;True;True;;Pb;Ru;only octahedral cation;12;6;2.829;2.0;6;6;6;0;0;12;12;8;8;perovskite;2.0;4.0;False;1.0116527711035257;0.4428571428571429;XII
mp-974511;ReSbO3;0.6424472785000006;12.709723471243368;Pm-3m;True;True;;Sb;Re;only octahedral cation;12;6;2.822;1.995;6;6;6;0;0;12;12;8;8;perovskite;-1.0;7.0;False;;;
mp-974505;ReTeO3;0.7946270986666661;12.852689732197735;Pm-3m;True;True;;Te;Re;only octahedral cation;0;6;;2.003;6;6;6;0;0;12;0;8;8;perovskite;1.0;5.0;False;;;
mp-974581;ReBiO3;0.5042800953749991;13.026335503545472;Pm-3m;True;True;;Bi;Re;only octahedral cation;12;6;2.845;2.012;6;6;6;0;0;12;12;8;8;perovskite;1.0;5.0;False;;;
mp-974724;ReClO3;0.041245951129035;19.128505568056507;P2_1/c;False;True;;Re;Cl;neither octahedral: lower CN;"3;3;3;3";"0;0;0;0";1.712;;0;0;0;0;0;3;3;1;1;non-perovskite (B not octahedral);7.0;-1.0;False;0.42514519865733225;1.292857142857143;VI
mp-974734;KInO3;0.2985358063333336;15.995139299905006;Pm-3m;True;True;;K;In;only octahedral cation;12;6;3.047;2.154;6;6;6;0;0;12;12;8;8;perovskite;1.0;2.0;False;;;
mp-974740;NdBiO3;0.826238429750001;17.45458162873492;Pm-3m;True;True;;Nd;Bi;only octahedral cation;12;6;3.136;2.218;6;6;6;0;0;12;12;8;8;perovskite;3.0;3.0;False;0.7769444879704042;0.7357142857142858;XII
mp-974842;KPtO3;0.1306362494166659;13.250735147892106;Pm-3m;True;False;Structure contains elements not in set of BV parameters: {Element Pt};K;Pt;only octahedral cation;12;6;2.861;2.023;6;6;6;0;0;12;12;8;8;perovskite;;;;;;
mp-975173;RbYO3;0.2563709438749981;18.75363464039352;Pm-3m;True;False;Valences cannot be assigned!;Rb;Y;only octahedral cation;12;6;3.212;2.272;6;6;6;0;0;12;12;8;8;perovskite;;;;;;
mp-975138;RbWO3;0.1532382055000001;13.367758384856028;Pm-3m;True;False;Valences cannot be assigned!;Rb;W;only octahedral cation;12;6;2.87;2.029;6;6;6;0;0;12;12;8;8;perovskite;;;;;;
mp-975134;KRhO3;0.0611240440000004;12.719309353112404;Pm-3m;True;False;Valences cannot be assigned!;K;Rh;only octahedral cation;12;6;2.822;1.996;6;6;6;0;0;12;12;8;8;perovskite;;;;;;
mp-975159;RbZnO3;0.4186866240000002;14.44061285317359;Pm-3m;True;True;;Rb;Zn;only octahedral cation;12;6;2.944;2.082;6;6;6;0;0;12;12;8;8;perovskite;1.0;2.0;False;1.0309220361224432;0.5285714285714286;XII
mp-975190;RbTeO3;0.1425068136666665;14.526812098364411;Pm-3m;True;False;Valences cannot be assigned!;Rb;Te;only octahedral cation;12;6;2.95;2.086;6;6;6;0;0;12;12;8;8;perovskite;;;;;;
mp-975216;RbReO3;0.1468107104264664;12.647604037911949;Pm-3m;True;True;;Rb;Re;only octahedral cation;12;6;2.817;1.992;6;6;6;0;0;12;12;8;8;perovskite;1.0;5.0;False;1.1142288673242566;0.41428571428571426;XII
mp-975291;RbLiO3;0.5468869130000016;14.600553395552362;Pm-3m;True;False;Valences cannot be assigned!;Rb;Li;only octahedral cation;12;6;2.955;2.09;6;6;6;0;0;12;12;8;8;perovskite;;;;;;
mp-975292;RbMoO3;0.1933189350000006;13.314773048437536;Pm-3m;True;False;Valences cannot be assigned!;Rb;Mo;only octahedral cation;12;6;2.866;2.026;6;6;6;0;0;12;12;8;8;perovskite;;;;;;
mp-975179;RbTlO3;0.3222652315000065;17.811854213243315;Pm-3m;True;False;Valences cannot be assigned!;Rb;Tl;only octahedral cation;12;6;3.158;2.233;6;6;6;0;0;12;12;8;8;perovskite;;;;;;
mp-975284;RbIrO3;0.0443151190000001;12.888552224391606;Pm-3m;True;True;;Rb;Ir;only octahedral cation;12;6;2.835;2.005;6;6;6;0;0;12;12;8;8;perovskite;1.0;5.0;False;1.1198848514223494;0.40714285714285714;XII
mp-975308;RbGdO3;0.1769357584999991;17.88776437132448;Pm-3m;True;False;Valences cannot be assigned!;Rb;Gd;only octahedral cation;12;6;3.162;2.236;6;6;6;0;0;12;12;8;8;perovskite;;;;;;
mp-975200;RbSrO3;0.4570931039999992;22.857425370221485;Pm-3m;True;True;;Rb;Sr;only octahedral cation;12;6;3.432;2.426;6;6;6;0;0;12;12;8;8;perovskite;1.0;2.0;False;0.8551058749232667;0.8428571428571429;XII
mp-975206;RbSbO3;0.0966591215909087;13.689006420017892;Pm-3m;True;True;;Rb;Sb;only octahedral cation;12;6;2.892;2.045;6;6;6;0;0;12;12;8;8;perovskite;1.0;5.0;False;1.103086578651014;0.4285714285714286;XII
mp-975207;RbSmO3;0.271069491125;19.17550581781773;Pm-3m;True;True;;Rb;Sm;only octahedral cation;12;6;3.236;2.288;6;6;6;0;0;12;12;8;8;perovskite;1.0;2.0;False;;;
mp-975299;RbInO3;0.2932204476666742;16.51774640690808;Pm-3m;True;True;;Rb;In;only octahedral cation;12;6;3.079;2.177;6;6;6;0;0;12;12;8;8;perovskite;1.0;2.0;False;;;
mp-975296;RbHoO3;0.2514799378750005;18.19748196151413;Pm-3m;True;False;Valences cannot be assigned!;Rb;Ho;only octahedral cation;12;6;3.18;2.249;6;6;6;0;0;12;12;8;8;perovskite;;;;;;
mp-975208;RbRuO3;0.1991827177499985;12.595524178632218;Pm-3m;True;True;;Rb;Ru;only octahedral cation;12;6;2.813;1.989;6;6;6;0;0;12;12;8;8;perovskite;1.0;5.0;False;1.122734431196961;0.4035714285714286;XII
mp-975255;RbPdO3;0.1556027990000013;14.071700554086837;Pm-3m;True;True;;Rb;Pd;only octahedral cation;12;6;2.919;2.064;6;6;6;0;0;12;12;8;8;perovskite;1.0;2.0;False;0.9761828129654992;0.6142857142857143;XII
mp-975274;RbNaO3;0.6004236366666684;18.56384003525806;Pm-3m;True;False;Valences cannot be assigned!;Rb;Na;only octahedral cation;12;6;3.202;2.264;6;6;6;0;0;12;12;8;8;perovskite;;;;;;
mp-975236;RbPtO3;0.1602229840000006;13.835419502048264;Pm-3m;True;False;Structure contains elements not in set of BV parameters: {Element Pt};Rb;Pt;only octahedral cation;12;6;2.903;2.053;6;6;6;0;0;12;12;8;8;perovskite;;;;;;
mp-975288;RbNpO3;0.0123390590000092;15.95940002389326;Pm-3m;True;False;Structure contains elements not in set of BV parameters: {Element Np};Rb;Np;only octahedral cation;12;6;3.036;2.153;6;6;6;0;0;12;12;8;8;perovskite;;;;;;
mp-975385;RbBO3;1.4999755523333338;10.078776141640809;Pm-3m;True;False;Valences cannot be assigned!;Rb;B;only octahedral cation;12;6;2.612;1.847;6;6;6;0;0;12;12;8;8;perovskite;;;;;;
mp-975322;RbFeO3;0.2668450156666697;13.24118845013579;Pm-3m;True;False;Valences cannot be assigned!;Rb;Fe;only octahedral cation;12;6;2.861;2.023;6;6;6;0;0;12;12;8;8;perovskite;;;;;;
mp-975380;RbCdO3;0.4030035700000001;17.81150721081115;Pm-3m;True;True;;Rb;Cd;only octahedral cation;12;6;3.158;2.233;6;6;6;0;0;12;12;8;8;perovskite;1.0;2.0;False;0.9387970882136292;0.6785714285714286;XII
mp-975382;RbCaO3;0.4217636520000019;19.679021969190764;Pm-3m;True;True;;Rb;Ca;only octahedral cation;12;6;3.264;2.308;6;6;6;0;0;12;12;8;8;perovskite;1.0;2.0;False;0.9192388155425119;0.7142857142857143;XII
mp-975394;RbBeO3;0.7759267950000011;11.692559825166423;Pm-3m;True;True;;Rb;Be;only octahedral cation;12;6;2.744;1.941;6;6;6;0;0;12;12;8;8;perovskite;1.0;2.0;False;1.1925260309740693;0.32142857142857145;XII
mp-975421;RbAgO3;0.3537120610000013;15.415981384384349;Pm-3m;True;True;;Rb;Ag;only octahedral cation;12;6;3.009;2.128;6;6;6;0;0;12;12;8;8;perovskite;1.0;2.0;False;0.9428090415820634;0.6714285714285715;XII
mp-975405;RbAuO3;0.3847998860000006;15.001671874787032;Pm-3m;True;False;Structure contains elements not in set of BV parameters: {Element Au};Rb;Au;only octahedral cation;12;6;2.982;2.109;6;6;6;0;0;12;12;8;8;perovskite;;;;;;
mp-975364;RbCuO3;0.426995966999999;13.24737560156027;Pm-3m;True;True;;Rb;Cu;only octahedral cation;12;6;2.861;2.023;6;6;6;0;0;12;12;8;8;perovskite;1.0;2.0;False;1.0357620456817034;0.5214285714285715;XII
mp-975425;RbAsO3;0.2054534338999989;12.227158136776549;Pm-3m;True;False;Valences cannot be assigned!;Rb;As;only octahedral cation;12;6;2.786;1.97;6;6;6;0;0;12;12;8;8;perovskite;;;;;;
mp-975373;RbNiO3;0.4197873350000023;13.304978893595411;Pm-3m;True;True;;Rb;Ni;only octahedral cation;12;6;2.865;2.026;6;6;6;0;0;12;12;8;8;perovskite;1.0;2.0;False;1.0555852427282433;0.4928571428571428;XII
mp-975387;RbBaO3;0.5158273460000009;24.927844530348597;Pm-3m;True;True;;Rb;Ba;only octahedral cation;12;6;3.532;2.498;6;6;6;0;0;12;12;8;8;perovskite;1.0;2.0;False;0.8022447844734648;0.9642857142857144;XII
mp-975427;RbAlO3;0.3796547077333185;12.270544604107428;Pm-3m;True;False;Valences cannot be assigned!;Rb;Al;only octahedral cation;12;6;2.789;1.972;6;6;6;0;0;12;12;8;8;perovskite;;;;;;
mp-975347;NdGeO3;0.455508571749994;12.499502685010222;Pm-3m;True;True;;Nd;Ge;only octahedral cation;12;6;2.806;1.984;6;6;6;0;0;12;12;8;8;perovskite;3.0;3.0;False;;;
mp-975346;RbMnO3;0.3796362390833367;13.180656283825993;Pm-3m;True;False;Valences cannot be assigned!;Rb;Mn;only octahedral cation;12;6;2.856;2.02;6;6;6;0;0;12;12;8;8;perovskite;;;;;;
mp-975361;RbErO3;0.2482169909999996;18.155141898071392;Pm-3m;True;False;Valences cannot be assigned!;Rb;Er;only octahedral cation;12;6;3.178;2.247;6;6;6;0;0;12;12;8;8;perovskite;;;;;;
mp-975386;RbDyO3;0.2552479880000007;18.45863954804796;Pm-3m;True;False;Valences cannot be assigned!;Rb;Dy;only octahedral cation;12;6;3.196;2.26;6;6;6;0;0;12;12;8;8;perovskite;;;;;;
mp-975384;RbBiO3;0.0;15.459817117303174;Pm-3m;True;True;;Rb;Bi;only octahedral cation;12;6;3.012;2.13;6;6;6;0;0;12;12;8;8;perovskite;1.0;5.0;False;1.0213764617139018;0.5428571428571429;XII
mp-975333;LiCaO3;0.3484305054285714;10.799544409133924;Pm-3m;True;True;;Ca;Li;only octahedral cation;12;6;2.673;1.89;6;6;6;0;0;12;12;8;8;perovskite;2.0;1.0;False;0.8969780465051574;0.5428571428571429;XII
mp-975579;NdBeO3;0.2666233599999996;9.806849157701734;Pm-3m;True;False;Valences cannot be assigned!;Nd;Be;only octahedral cation;12;6;2.588;1.83;6;6;6;0;0;12;12;8;8;perovskite;;;;;;
mp-975588;PuPtO3;0.8616949345000009;13.330844287291283;Pm-3m;True;False;Structure contains elements not in set of BV parameters: {Element Pu, Element Pt;Pu;Pt;only octahedral cation;12;6;2.867;2.027;6;6;6;0;0;12;12;8;8;perovskite;;;;;;
mp-975443;InCuO3;0.5169841406250004;10.86508738891902;Pm-3m;True;True;;In;Cu;only octahedral cation;12;6;2.678;1.894;6;6;6;0;0;12;12;8;8;perovskite;1.0;2.0;False;;;
mp-975463;RbAcO3;0.180333470999999;19.92987984926145;Pm-3m;True;False;Structure contains elements not in set of BV parameters: {Element Ac};Rb;Ac;only octahedral cation;12;6;3.278;2.318;6;6;6;0;0;12;12;8;8;perovskite;;;;;;
mp-975521;NdMgO3;0.277954373;11.94430848036471;Pm-3m;True;False;Valences cannot be assigned!;Nd;Mg;only octahedral cation;12;6;2.764;1.954;6;6;6;0;0;12;12;8;8;perovskite;;;;;;
mp-975564;PuBO3;0.7867055536666676;9.04598551493904;Pm-3m;True;False;Structure contains elements not in set of BV parameters: {Element Pu};Pu;B;only octahedral cation;12;6;2.519;1.781;6;6;6;0;0;12;12;8;8;perovskite;;;;;;
mp-975596;PuIrO3;1.396932767500001;14.133954535977823;Pm-3m;True;False;Structure contains elements not in set of BV parameters: {Element Pu};Ir;Pu;only octahedral cation;0;6;;2.067;6;6;6;0;0;12;0;8;8;perovskite;;;;;;
mp-975990;NaLiO3;0.4697110040000005;11.30538868930218;Pm-3m;True;False;Valences cannot be assigned!;Na;Li;only octahedral cation;12;6;2.714;1.919;6;6;6;0;0;12;12;8;8;perovskite;;;;;;
mp-975913;PrNbO3;0.342085202350006;13.65281580632371;Pm-3m;True;True;;Pr;Nb;only octahedral cation;12;6;2.89;2.043;6;6;6;0;0;12;12;8;8;perovskite;3.0;3.0;False;0.8602020701321252;0.5142857142857143;IX
mp-976133;NaAsO3;0.3044309116666674;10.28939418167657;Pm-3m;True;True;;Na;As;only octahedral cation;12;6;2.63;1.86;6;6;6;0;0;12;12;8;8;perovskite;1.0;5.0;False;1.0606601717798214;0.3285714285714286;XII
mp-976185;NaBeO3;0.4597989659999992;9.248777222928544;Pm-3m;True;True;;Na;Be;only octahedral cation;12;6;2.538;1.795;6;6;6;0;0;12;12;8;8;perovskite;1.0;2.0;False;1.066393470005658;0.32142857142857145;XII
mp-976229;KAgO3;0.3260605850000004;14.7397432654152;Pm-3m;True;False;Valences cannot be assigned!;K;Ag;only octahedral cation;12;6;2.965;2.096;6;6;6;0;0;12;12;8;8;perovskite;;;;;;
mp-976331;LiLuO3;0.5373579508392856;9.564832448589463;Pm-3m;True;False;Valences cannot be assigned!;Lu;Li;only octahedral cation;12;6;2.567;1.815;6;6;6;0;0;12;12;8;8;perovskite;;;;;;
mp-976283;LiYO3;0.4157053000892849;10.024233522562303;Pm-3m;True;False;Valences cannot be assigned!;Y;Li;only octahedral cation;12;6;2.607;1.844;6;6;6;0;0;12;12;8;8;perovskite;;;;;;
mp-976284;EuSbO3;0.2930743755000033;15.016029583717842;Pm-3m;True;True;;Eu;Sb;only octahedral cation;12;6;2.983;2.109;6;6;6;0;0;12;12;8;8;perovskite;3.0;3.0;False;0.8249579113843054;0.5428571428571429;IX
mp-976258;EuPtO3;0.4112197441249936;13.450907842301593;Pm-3m;True;False;Structure contains elements not in set of BV parameters: {Element Pt};Eu;Pt;only octahedral cation;12;6;2.876;2.033;6;6;6;0;0;12;12;8;8;perovskite;;;;;;
mp-976293;NaCdO3;0.4749342750000007;15.42515500151004;Pm-3m;True;True;;Na;Cd;only octahedral cation;12;6;3.01;2.128;6;6;6;0;0;12;12;8;8;perovskite;1.0;2.0;False;0.8395012423448799;0.6785714285714286;XII
mp-976320;EuReO3;0.2546601523461529;12.8131276853645;Pm-3m;True;True;;Eu;Re;only octahedral cation;12;6;2.829;2.001;6;6;6;0;0;12;12;8;8;perovskite;2.0;4.0;False;0.9579032750064068;0.45;X
mp-976446;MgMnO3;0.490212198;10.426427071495052;Pm-3m;True;True;;Mg;Mn;only octahedral cation;12;6;2.642;1.868;6;6;6;0;0;12;12;8;8;perovskite;2.0;4.0;False;0.8390023465892196;0.3785714285714286;VIII
mp-976763;NiAsO3;1.0137320043750062;10.100853412660548;Pm-3m;True;True;;As;Ni;only octahedral cation;12;6;2.614;1.848;6;6;6;0;0;12;12;8;8;perovskite;3.0;3.0;False;0.700035713374682;0.4285714285714286;VI
mp-976727;PrBiO3;0.7655784768750005;17.610374800697468;Pm-3m;True;True;;Pr;Bi;only octahedral cation;12;6;3.146;2.224;6;6;6;0;0;12;12;8;8;perovskite;3.0;3.0;False;0.7504643574815251;0.7357142857142858;IX
mp-976722;MgPbO3;0.5007348609999998;12.61378717020305;Pm-3m;True;False;Valences cannot be assigned!;Pb;Mg;only octahedral cation;12;6;2.815;1.99;6;6;6;0;0;12;12;8;8;perovskite;;;;;;
mp-976848;NiRuO3;1.200749332000001;10.276220024387245;Pm-3m;True;True;;Ru;Ni;only octahedral cation;12;6;2.629;1.859;6;6;6;0;0;12;12;8;8;perovskite;2.0;4.0;False;;;
mp-976775;NaMgO3;0.373492369;12.970324342843693;Pm-3m;True;True;;Na;Mg;only octahedral cation;12;6;2.841;2.009;6;6;6;0;0;12;12;8;8;perovskite;1.0;2.0;False;0.9305792073162582;0.5142857142857143;XII
mp-976923;NaReO3;0.0419386955999989;11.751123970375968;Pm-3m;True;True;;Na;Re;only octahedral cation;12;6;2.749;1.944;6;6;6;0;0;12;12;8;8;perovskite;1.0;5.0;False;0.9963777371264988;0.41428571428571426;XII
mp-976952;NaPuO3;0.0;14.886349749587046;Pm-3m;True;False;Structure contains elements not in set of BV parameters: {Element Pu};Na;Pu;only octahedral cation;12;6;2.974;2.103;6;6;6;0;0;12;12;8;8;perovskite;;;;;;
mp-977058;NpBO3;0.8432484849791653;9.140125458533214;Pm-3m;True;False;Structure contains elements not in set of BV parameters: {Element Np};Np;B;only octahedral cation;12;6;2.528;1.788;6;6;6;0;0;12;12;8;8;perovskite;;;;;;
mp-976968;NaPdO3;0.2645534716250006;12.715218277804578;Pm-3m;True;True;;Na;Pd;only octahedral cation;12;6;2.822;1.996;6;6;6;0;0;12;12;8;8;perovskite;1.0;2.0;False;0.8729327077479945;0.6142857142857143;XII
mp-977100;NiMoO3;0.9362926199999996;12.117816040470212;Pm-3m;True;True;;Ni;Mo;only octahedral cation;0;6;;1.964;6;6;6;0;0;12;0;8;8;perovskite;2.0;4.0;False;0.7209039866731143;0.46428571428571436;VI
mp-977117;NaTeO3;0.1326653160624999;13.447772495006824;Pm-3m;True;False;Valences cannot be assigned!;Na;Te;only octahedral cation;12;6;2.875;2.033;6;6;6;0;0;12;12;8;8;perovskite;;;;;;
mp-977123;NaTiO3;0.0884244760714301;11.885103696899913;Pm-3m;True;False;Valences cannot be assigned!;Na;Ti;only octahedral cation;12;6;2.759;1.951;6;6;6;0;0;12;12;8;8;perovskite;;;;;;
mp-977107;NaRuO3;0.0890767173750006;11.56928385871434;Pm-3m;True;True;;Na;Ru;only octahedral cation;12;6;2.735;1.934;6;6;6;0;0;12;12;8;8;perovskite;1.0;5.0;False;1.0039836740511285;0.4035714285714286;XII
mp-977176;NaTcO3;0.0;11.108139177194392;Pm-3m;True;False;Structure contains elements not in set of BV parameters: {Element Tc};Na;Tc;only octahedral cation;12;6;2.698;1.908;6;6;6;0;0;12;12;8;8;perovskite;;;;;;
mp-977184;NpTcO3;0.6848691417500063;12.558880473175556;Pm-3m;True;False;Structure contains elements not in set of BV parameters: {Element Np, Element Tc;Np;Tc;only octahedral cation;12;6;2.811;1.987;6;6;6;0;0;12;12;8;8;perovskite;;;;;;
mp-977152;NpTiO3;0.17949956;12.03193150977846;Pm-3m;True;False;Structure contains elements not in set of BV parameters: {Element Np};Np;Ti;only octahedral cation;12;6;2.771;1.959;6;6;6;0;0;12;12;8;8;perovskite;;;;;;
mp-977112;NaSrO3;0.5388160246666658;14.905939695629913;Pm-3m;True;True;;Sr;Na;only octahedral cation;12;6;2.976;2.104;6;6;6;0;0;12;12;8;8;perovskite;2.0;1.0;False;0.8298277927974359;0.7285714285714286;XII
mp-977370;EuOsO3;0.2872659640000012;12.692284373092075;Pm-3m;True;False;Structure contains elements not in set of BV parameters: {Element Os};Eu;Os;only octahedral cation;12;6;2.82;1.994;6;6;6;0;0;12;12;8;8;perovskite;;;;;;
mp-977389;CeCuO3;0.3992384580000019;11.261876543748064;Pm-3m;True;True;;Ce;Cu;only octahedral cation;12;6;2.71;1.916;6;6;6;0;0;12;12;8;8;perovskite;3.0;3.0;False;0.9986972064181135;0.3857142857142858;XII
mp-977408;NbTlO3;0.0906740972499937;13.870625385267603;Pm-3m;True;True;;Tl;Nb;only octahedral cation;0;6;;2.054;6;6;6;0;0;12;0;8;8;perovskite;1.0;5.0;False;1.074525010626616;0.4571428571428572;XII
mp-977412;EuNiO3;0.2076866181666652;10.909073531652105;Pm-3m;True;True;;Eu;Ni;only octahedral cation;12;6;2.682;1.896;6;6;6;0;0;12;12;8;8;perovskite;2.0;4.0;False;1.0343317277994712;0.34285714285714286;X
mp-977455;PaAgO3;0.0;16.068063851247125;Pm-3m;True;False;Structure contains elements not in set of BV parameters: {Element Pa};Ag;Pa;only octahedral cation;0;6;;2.157;6;6;6;0;0;12;0;8;8;perovskite;;;;;;
mp-978503;SmBeO3;0.2844622956249996;9.539960374533967;Pm-3m;True;False;Valences cannot be assigned!;Sm;Be;only octahedral cation;12;6;2.564;1.813;6;6;6;0;0;12;12;8;8;perovskite;;;;;;
mp-978489;SiPbO3;0.4239519391666961;10.531509343079303;Pm-3m;True;True;;Pb;Si;only octahedral cation;12;6;2.65;1.874;6;6;6;0;0;12;12;8;8;perovskite;2.0;4.0;False;1.1352992209050679;0.28571428571428575;XII
mp-978493;SiSnO3;0.4896469433333363;10.23129868566244;Pm-3m;True;True;;Sn;Si;only octahedral cation;12;6;2.625;1.856;6;6;6;0;0;12;12;8;8;perovskite;2.0;4.0;False;;;
mp-978490;SiPdO3;0.7161838733333381;9.317800594875353;Pm-3m;True;True;;Pd;Si;only octahedral cation;12;6;2.544;1.799;6;6;6;0;0;12;12;8;8;perovskite;2.0;4.0;False;0.8878118474897763;0.28571428571428575;VI
mp-978504;SmGaO3;0.2101929910833337;11.52160604570884;Pm-3m;True;True;;Sm;Ga;only octahedral cation;12;6;2.731;1.931;6;6;6;0;0;12;12;8;8;perovskite;3.0;3.0;False;0.924139555610141;0.4428571428571429;XII
mp-978506;SmSiO3;0.660038604624992;10.7035185355144;Pm-3m;True;True;;Sm;Si;only octahedral cation;12;6;2.665;1.884;6;6;6;0;0;12;12;8;8;perovskite;3.0;3.0;False;;;
mp-978851;SrAsO3;0.2460785697222203;12.560349784543432;Pm-3m;True;False;Valences cannot be assigned!;Sr;As;only octahedral cation;12;6;2.811;1.987;6;6;6;0;0;12;12;8;8;perovskite;;;;;;
mp-978842;SrCaO3;0.4673127259999967;16.76354407434361;Pm-3m;True;False;Valences cannot be assigned!;Sr;Ca;only octahedral cation;12;6;3.095;2.188;6;6;6;0;0;12;12;8;8;perovskite;;;;;;
mp-978862;SrAlO3;0.0508495222499982;11.287158226580564;Pm-3m;True;False;Valences cannot be assigned!;Sr;Al;only octahedral cation;12;6;2.712;1.918;6;6;6;0;0;12;12;8;8;perovskite;;;;;;
mp-978952;SnPbO3;0.1167542734999962;14.06517752668259;Pm-3m;True;True;;Pb;Sn;only octahedral cation;0;6;;2.064;6;6;6;0;0;12;0;8;8;perovskite;2.0;4.0;False;0.9777696639373791;0.4928571428571428;XII
mp-978926;SmGeO3;0.5082992154687505;12.294958318886268;Pm-3m;True;True;;Sm;Ge;only octahedral cation;12;6;2.791;1.973;6;6;6;0;0;12;12;8;8;perovskite;2.0;4.0;False;0.9965442719313;0.3785714285714286;IX
mp-979272;TePdO3;0.6204443040000012;13.436594385310425;Pm-3m;True;True;;Pd;Te;only octahedral cation;0;6;;2.033;6;6;6;0;0;12;0;8;8;perovskite;2.0;4.0;False;0.6742874791061592;0.6928571428571428;VI
mp-979294;SrAgO3;0.1143357699999958;13.887819896151916;Pm-3m;True;True;;Sr;Ag;only octahedral cation;12;6;2.906;2.055;6;6;6;0;0;12;12;8;8;perovskite;2.0;1.0;False;0.7875228464979588;0.8214285714285714;XII
mp-979436;YOsO3;0.734620989874994;12.461065184178908;Pm-3m;True;False;Structure contains elements not in set of BV parameters: {Element Os};Y;Os;only octahedral cation;12;6;2.803;1.982;6;6;6;0;0;12;12;8;8;perovskite;;;;;;
mp-980058;RbTbO3;0.2582429878750005;18.654047328803657;Pm-3m;True;True;;Rb;Tb;only octahedral cation;12;6;3.207;2.268;6;6;6;0;0;12;12;8;8;perovskite;1.0;2.0;False;;;
mp-980537;RbYbO3;0.401345859500001;16.959668676944368;Pm-3m;True;True;;Rb;Yb;only octahedral cation;12;6;3.107;2.197;6;6;6;0;0;12;12;8;8;perovskite;1.0;2.0;False;0.9116418005380282;0.7285714285714286;XII
mp-981132;TbGeO3;0.6164286589062504;12.008676947778312;Pm-3m;True;True;;Tb;Ge;only octahedral cation;12;6;2.769;1.958;6;6;6;0;0;12;12;8;8;perovskite;2.0;4.0;False;;;
mp-981250;SmPuO3;0.7339322471250078;16.50385672366846;Pm-3m;True;False;Structure contains elements not in set of BV parameters: {Element Pu};Sm;Pu;only octahedral cation;12;6;3.078;2.177;6;6;6;0;0;12;12;8;8;perovskite;;;;;;
mp-981376;ScSnO3;0.6724758994999958;13.859274866088478;Pm-3m;True;True;;Sn;Sc;only octahedral cation;0;6;;2.054;6;6;6;0;0;12;0;8;8;perovskite;3.0;3.0;False;;;
mp-981367;SrTlO3;0.2406669655000097;15.67569286199748;Pm-3m;True;False;Valences cannot be assigned!;Sr;Tl;only octahedral cation;12;6;3.026;2.14;6;6;6;0;0;12;12;8;8;perovskite;;;;;;
mp-981313;KTbO3;0.2743879976250012;18.162426350293423;Pm-3m;True;True;;K;Tb;only octahedral cation;12;6;3.178;2.247;6;6;6;0;0;12;12;8;8;perovskite;1.0;2.0;False;;;
mp-981934;LaBeO3;0.2594602257499998;10.193129971679252;Pm-3m;True;False;Valences cannot be assigned!;La;Be;only octahedral cation;12;6;2.622;1.854;6;6;6;0;0;12;12;8;8;perovskite;;;;;;
mp-981550;RbTmO3;0.243250292249999;17.691381185763486;Pm-3m;True;True;;Rb;Tm;only octahedral cation;12;6;3.151;2.228;6;6;6;0;0;12;12;8;8;perovskite;1.0;2.0;False;0.9078901881901352;0.7357142857142858;XII
mp-982040;KBiO3;0.0928686835000016;15.726802132865863;Pm-3m;True;True;;K;Bi;only octahedral cation;12;6;3.029;2.142;6;6;6;0;0;12;12;8;8;perovskite;1.0;5.0;False;0.9951873216699557;0.5428571428571429;XII
mp-982245;PbAuO3;0.3294854983333373;14.282237075194772;Pm-3m;True;False;Structure contains elements not in set of BV parameters: {Element Au};Pb;Au;only octahedral cation;0;6;;2.074;6;6;6;0;0;12;0;8;8;perovskite;;;;;;
mp-982558;HoGeO3;0.6984650313437539;11.908784033936556;Pm-3m;True;True;;Ho;Ge;only octahedral cation;12;6;2.761;1.952;6;6;6;0;0;12;12;8;8;perovskite;2.0;4.0;False;;;
mp-982885;KCaO3;0.4499304345000023;19.07218739428649;Pm-3m;True;True;;K;Ca;only octahedral cation;12;6;3.231;2.284;6;6;6;0;0;12;12;8;8;perovskite;1.0;2.0;False;0.8956685895029602;0.7142857142857143;XII
mp-982975;LiBeO3;0.5701234884285729;8.62833153330224;Pm-3m;True;True;;Li;Be;only octahedral cation;12;6;2.48;1.754;6;6;6;0;0;12;12;8;8;perovskite;1.0;2.0;False;0.8867501255961028;0.32142857142857145;VIII
mp-983578;CsBiO3;0.0515059484285691;17.241674058884406;Pm-3m;True;True;;Cs;Bi;only octahedral cation;12;6;3.124;2.209;6;6;6;0;0;12;12;8;8;perovskite;1.0;5.0;False;1.0737547418017943;0.5428571428571429;XII
mp-983564;EuAsO3;0.2769656504999993;12.785144950387703;Pm-3m;True;True;;Eu;As;only octahedral cation;12;6;2.827;1.999;6;6;6;0;0;12;12;8;8;perovskite;3.0;3.0;False;0.899954085146515;0.41428571428571426;IX
mp-983513;PmRuO3;0.387848930499997;12.45574754724824;Pm-3m;True;False;Structure contains elements not in set of BV parameters: {Element Pm};Pm;Ru;only octahedral cation;12;6;2.803;1.982;6;6;6;0;0;12;12;8;8;perovskite;;;;;;
mp-984051;CsGeO3;0.6047356959999988;13.429763615171288;Pm-3m;True;False;Valences cannot be assigned!;Cs;Ge;only octahedral cation;12;6;2.874;2.032;6;6;6;0;0;12;12;8;8;perovskite;;;;;;
mp-984240;CsCaO3;0.4456127270000021;20.5649488723409;Pm-3m;True;True;;Cs;Ca;only octahedral cation;12;6;3.313;2.342;6;6;6;0;0;12;12;8;8;perovskite;1.0;2.0;False;0.9663792676216149;0.7142857142857143;XII
mp-984082;CsGdO3;0.2293689019999991;18.782875657401007;Pm-3m;True;False;Valences cannot be assigned!;Cs;Gd;only octahedral cation;12;6;3.214;2.273;6;6;6;0;0;12;12;8;8;perovskite;;;;;;
mp-984454;KTlO3;0.3400164280000002;17.160775060113583;Pm-3m;True;False;Valences cannot be assigned!;K;Tl;only octahedral cation;12;6;3.119;2.205;6;6;6;0;0;12;12;8;8;perovskite;;;;;;
mp-984356;CsIrO3;0.2177581434999993;13.72052452305021;Pm-3m;True;False;Valences cannot be assigned!;Cs;Ir;only octahedral cation;12;6;2.895;2.047;6;6;6;0;0;12;12;8;8;perovskite;;;;;;
mp-984552;BeZnO3;0.7651137839999986;8.598364789056845;Pm-3m;True;False;Valences cannot be assigned!;Zn;Be;only octahedral cation;12;6;2.477;1.752;6;6;6;0;0;12;12;8;8;perovskite;;;;;;
mp-984554;BPbO3;1.0795439214285762;9.069121984906008;Pm-3m;True;False;Valences cannot be assigned!;Pb;B;only octahedral cation;12;6;2.522;1.783;6;6;6;0;0;12;12;8;8;perovskite;;;;;;
mp-984553;BOsO3;1.7791229256666616;7.912370550455108;Pm-3m;True;False;Structure contains elements not in set of BV parameters: {Element Os};Os;B;only octahedral cation;12;6;2.409;1.704;6;6;6;0;0;12;12;8;8;perovskite;;;;;;
mp-984357;CsKO3;0.7089624620000023;18.142286746447684;Pm-3m;True;False;Valences cannot be assigned!;K;Cs;only octahedral cation;12;6;3.177;2.247;6;6;6;0;0;12;12;8;8;perovskite;;;;;;
mp-984632;CaBeO3;0.333611442999997;9.44760532733826;Pm-3m;True;False;Valences cannot be assigned!;Ca;Be;only octahedral cation;12;6;2.556;1.807;6;6;6;0;0;12;12;8;8;perovskite;;;;;;
mp-984628;CaBO3;0.8975609750000029;8.426513417004648;Pm-3m;True;False;Valences cannot be assigned!;Ca;B;only octahedral cation;12;6;2.461;1.74;6;6;6;0;0;12;12;8;8;perovskite;;;;;;
mp-984722;BeGaO3;1.0847569121666654;8.30248302613025;Pm-3m;True;True;;Ga;Be;only octahedral cation;12;6;2.448;1.731;6;6;6;0;0;12;12;8;8;perovskite;1.0;2.0;False;;;
mp-984723;DyAlO3;0.1417498529999985;10.223263961457857;Pm-3m;True;True;;Dy;Al;only octahedral cation;12;6;2.624;1.856;6;6;6;0;0;12;12;8;8;perovskite;3.0;3.0;False;0.9073623450574662;0.3821428571428572;IX
mp-984756;CsMgO3;0.5012488930000005;15.817245587826031;Pm-3m;True;True;;Cs;Mg;only octahedral cation;12;6;3.035;2.146;6;6;6;0;0;12;12;8;8;perovskite;1.0;2.0;False;1.0940142652320166;0.5142857142857143;XII
mp-984745;CsSnO3;0.2758939129999982;15.614992493300653;Pm-3m;True;False;Valences cannot be assigned!;Cs;Sn;only octahedral cation;12;6;3.022;2.137;6;6;6;0;0;12;12;8;8;perovskite;;;;;;
mp-985292;AgBO3;1.039755712499999;8.452745097505261;Pm-3m;True;True;;Ag;B;only octahedral cation;12;6;2.463;1.742;6;6;6;0;0;12;12;8;8;perovskite;1.0;2.0;False;;;
mp-985545;CoTeO3;0.7135155664999999;10.79672455720171;Pm-3m;True;True;;Te;Co;only octahedral cation;12;6;2.672;1.89;6;6;6;0;0;12;12;8;8;perovskite;2.0;4.0;False;;;
mp-995191;BaTiO3;1.806655541999998;17.091664807444936;Amm2;False;True;;Ti;Ba;neither octahedral: lower CN;4;2;1.974;2.517;2;2;2;0;0;4;4;8;8;non-perovskite (B not octahedral);4.0;2.0;False;0.5502576406324405;0.9642857142857144;VIII
mp-998227;KHfO3;0.0443556512499956;14.585487778825968;Pm-3m;True;False;Valences cannot be assigned!;K;Hf;only octahedral cation;12;6;2.954;2.089;6;6;6;0;0;12;12;8;8;perovskite;;;;;;
mp-998363;NiBiO3;0.1387443542500026;11.878933140557834;Cm;True;True;;Bi;Ni;only octahedral cation;7;6;2.287;1.928;6;6;6;0;0;5;7;7;8;non-perovskite (corner-sharing, A outside cavity);3.0;3.0;False;0.9086322138247135;0.4285714285714286;VIII
mp-998552;BaHfO3;0.0;14.500638923156393;Pm-3m;True;True;;Ba;Hf;only octahedral cation;12;6;2.943;2.085;6;6;6;0;0;12;12;8;8;perovskite;2.0;4.0;False;1.0087163087068758;0.5071428571428571;XII
mp-998543;CaTcO3;0.0294888195000062;11.952833820373254;R3c;True;False;Structure contains elements not in set of BV parameters: {Element Tc};Ca;Tc;only octahedral cation;"9;9";"6;6";2.543;2.008;6;6;6;0;0;6;9;8;8;perovskite;;;;;;
mp-998432;CaTcO3;0.1090399465000055;12.215024546579128;Cm;True;False;Structure contains elements not in set of BV parameters: {Element Tc};Ca;Tc;only octahedral cation;12;6;2.743;1.968;6;6;6;0;0;12;12;8;8;perovskite;;;;;;
mp-998525;CaTcO3;0.1089518945000058;12.21524313320253;P4mm;True;False;Structure contains elements not in set of BV parameters: {Element Tc};Ca;Tc;only octahedral cation;12;6;2.742;1.968;6;6;6;0;0;12;12;8;8;perovskite;;;;;;
mp-998527;NiBiO3;0.0109813922500006;11.353038155551554;R3;True;True;;Bi;Ni;both octahedral: shorter M-O;"6;6";"6;6";2.379;1.961;6;6;6;0;0;6;6;8;8;perovskite;3.0;3.0;False;0.9086322138247135;0.4285714285714286;VIII
mp-998602;RbOsO3;0.0;16.014665193019955;R-3;True;False;Structure contains elements not in set of BV parameters: {Element Os};Rb;Os;both octahedral: shorter M-O;"6;6";"6;6";2.865;1.97;6;6;0;3;0;6;6;7;7;non-perovskite (edge-sharing BO6);;;;;;
mp-998624;NaOsO3;0.0094870590000004;10.994323616993224;R-3c;True;False;Structure contains elements not in set of BV parameters: {Element Os};Na;Os;only octahedral cation;"9;9";"6;6";2.569;1.947;6;6;6;0;0;9;9;8;8;perovskite;;;;;;
mp-998627;NaMoO3;0.0882438320000016;11.98161344596492;R3c;True;True;;Na;Mo;only octahedral cation;"9;9";"6;6";2.666;1.972;6;6;6;0;0;12;9;8;8;perovskite;1.0;5.0;False;0.9815064276171481;0.4357142857142857;XII
mp-998781;TlNiO3;0.3046441916666653;11.53459630412712;Pm;True;True;;Tl;Ni;only octahedral cation;5;6;2.394;1.972;6;6;6;0;0;6;5;8;8;perovskite;3.0;3.0;False;0.8414570696119914;0.4285714285714286;VIII
mp-998845;TlNiO3;0.1023884026666657;10.931815844005024;R3c;True;True;;Tl;Ni;both octahedral: shorter M-O;"6;6";"6;6";2.358;1.963;6;6;6;0;0;6;6;8;8;perovskite;3.0;3.0;False;0.8414570696119914;0.4285714285714286;VIII
mp-1001571;CaFeO3;0.0521472515000001;11.294654719606756;Pm-3m;True;True;;Ca;Fe;only octahedral cation;12;6;2.713;1.918;6;6;6;0;0;12;12;8;8;perovskite;2.0;4.0;False;0.9760567155925141;0.41785714285714287;XII
mp-1011260;EuFeO3;0.1629300530000001;11.922227858254995;Imma;True;True;;Eu;Fe;only octahedral cation;"5;5";"6;6";2.455;1.996;6;6;6;0;0;7;5;8;8;perovskite;3.0;3.0;False;0.8713491875746209;0.46071428571428574;IX
mp-1016820;MgSnO3;0.6298747759999959;13.043777824988306;Pm-3m;True;True;;Mg;Sn;only octahedral cation;12;6;2.846;2.013;6;6;6;0;0;12;12;8;8;perovskite;2.0;4.0;False;0.7747725018742555;0.4928571428571428;VIII
mp-1016840;HgOsO3;0.3164633949999977;12.3694164876582;Pm-3m;True;False;Structure contains elements not in set of BV parameters: {Element Os};Hg;Os;only octahedral cation;0;6;;1.977;6;6;6;0;0;12;0;8;8;perovskite;;;;;;
mp-1016831;HgIrO3;0.4019120784999996;12.485117140785809;Pm-3m;True;True;;Hg;Ir;only octahedral cation;0;6;;1.983;6;6;6;0;0;12;0;8;8;perovskite;1.0;5.0;False;0.9296480016615015;0.40714285714285714;VI
mp-1016835;CaRuO3;0.1652333975000059;12.135466165654124;Pm-3m;True;True;;Ca;Ru;only octahedral cation;12;6;2.779;1.965;6;6;6;0;0;12;12;8;8;perovskite;2.0;4.0;False;0.9591448418074952;0.4428571428571429;XII
mp-1016823;BaGeO3;0.2323634095000004;12.61265591072632;Pm-3m;True;True;;Ba;Ge;only octahedral cation;12;6;2.815;1.99;6;6;6;0;0;12;12;8;8;perovskite;2.0;4.0;False;1.1027934773945636;0.3785714285714286;XII
mp-1016854;MnCdO3;0.2799069753333345;11.08534172421425;Pm-3m;True;True;;Cd;Mn;only octahedral cation;12;6;2.696;1.906;6;6;6;0;0;12;12;8;8;perovskite;2.0;4.0;False;0.9928805062256703;0.3785714285714286;XII
mp-1016872;CaIrO3;0.3065528340000067;12.358534840123813;Pm-3m;True;True;;Ca;Ir;only octahedral cation;12;6;2.796;1.977;6;6;6;0;0;12;12;8;8;perovskite;2.0;4.0;False;0.9567765829388347;0.44642857142857145;XII
mp-1016871;ZrHgO3;0.3497927405000016;14.659511410601104;Pm-3m;True;False;Valences cannot be assigned!;Hg;Zr;only octahedral cation;0;6;;2.093;6;6;6;0;0;12;0;8;8;perovskite;;;;;;
mp-1016842;TiHgO3;0.2398917300000009;12.059358079132767;Pm-3m;True;True;;Hg;Ti;only octahedral cation;0;6;;1.961;6;6;6;0;0;12;0;8;8;perovskite;2.0;4.0;False;0.8957861467400652;0.43214285714285716;VIII
mp-1016873;CaHfO3;0.1600869140000007;13.454135079889994;Pm-3m;True;True;;Ca;Hf;only octahedral cation;12;6;2.876;2.034;6;6;6;0;0;12;12;8;8;perovskite;2.0;4.0;False;0.9182334504507774;0.5071428571428571;XII
mp-1016845;ZrCdO3;0.3448755890000017;14.392777481735424;Pm-3m;True;True;;Cd;Zr;only octahedral cation;0;6;;2.08;6;6;6;0;0;12;0;8;8;perovskite;2.0;4.0;False;0.9038959325545016;0.5142857142857143;XII
mp-1016827;MgGeO3;0.524954720000018;10.280607394957851;Pm-3m;True;True;;Mg;Ge;only octahedral cation;12;6;2.629;1.859;6;6;6;0;0;12;12;8;8;perovskite;2.0;4.0;False;0.8390023465892196;0.3785714285714286;VIII
mp-1016837;SnHgO3;0.338839703499997;13.59833972193247;Pm-3m;True;True;;Hg;Sn;only octahedral cation;0;6;;2.041;6;6;6;0;0;12;0;8;8;perovskite;2.0;4.0;False;0.8593546527338903;0.4928571428571428;VIII
mp-1016821;BaSiO3;0.5612682649999998;11.297542946629182;Pm-3m;True;False;Valences cannot be assigned!;Ba;Si;only octahedral cation;12;6;2.713;1.918;6;6;6;0;0;12;12;8;8;perovskite;;;;;;
mp-1016825;HfMgO3;0.5895044664999993;13.5082533695906;Pm-3m;True;True;;Mg;Hf;only octahedral cation;0;6;;2.036;6;6;6;0;0;12;0;8;8;perovskite;2.0;4.0;False;0.7674286866906133;0.5071428571428571;VIII
mp-1016843;MgOsO3;0.6486560359999993;12.01758489030256;Pm-3m;True;False;Structure contains elements not in set of BV parameters: {Element Os};Mg;Os;only octahedral cation;12;6;2.77;1.958;6;6;6;0;0;12;12;8;8;perovskite;;;;;;
mp-1016830;MgTiO3;0.4554779789999976;11.346682732202552;Pm-3m;True;True;;Mg;Ti;only octahedral cation;12;6;2.717;1.921;6;6;6;0;0;12;12;8;8;perovskite;2.0;4.0;False;0.8076182189113187;0.43214285714285716;VIII
mp-1016826;MgIrO3;0.7838253469999996;12.05987474322127;Pm-3m;True;True;;Mg;Ir;only octahedral cation;12;6;2.773;1.961;6;6;6;0;0;12;12;8;8;perovskite;2.0;4.0;False;0.7996417426751574;0.44642857142857145;VIII
mp-1016833;CaRhO3;0.2573324759999993;12.36541955457703;Pm-3m;True;True;;Ca;Rh;only octahedral cation;12;6;2.796;1.977;6;6;6;0;0;12;12;8;8;perovskite;2.0;4.0;False;0.9687362902255701;0.4285714285714286;XII
mp-1016836;ZnOsO3;0.5631337199999988;11.835340541019834;Pm-3m;True;False;Structure contains elements not in set of BV parameters: {Element Os};Zn;Os;only octahedral cation;0;6;;1.948;6;6;6;0;0;12;0;8;8;perovskite;;;;;;
mp-1016850;BaRhO3;0.0983361712962951;13.728348733583047;Pm-3m;True;True;;Ba;Rh;only octahedral cation;12;6;2.895;2.047;6;6;6;0;0;12;12;8;8;perovskite;2.0;4.0;False;1.0641957056857538;0.4285714285714286;XII
mp-1016852;BaMnO3;0.1337394536666671;13.122475608185718;Pm-3m;True;True;;Ba;Mn;only octahedral cation;12;6;2.852;2.017;6;6;6;0;0;12;12;8;8;perovskite;2.0;4.0;False;1.1027934773945636;0.3785714285714286;XII
mp-1016828;CdIrO3;0.463198414999999;12.355627894664153;Pm-3m;True;True;;Cd;Ir;only octahedral cation;12;6;2.795;1.977;6;6;6;0;0;12;12;8;8;perovskite;2.0;4.0;False;0.9463009269212561;0.44642857142857145;XII
mp-1016829;MgRuO3;0.6339806870000002;11.71246368455902;Pm-3m;True;True;;Mg;Ru;only octahedral cation;12;6;2.746;1.942;6;6;6;0;0;12;12;8;8;perovskite;2.0;4.0;False;0.8016210539194029;0.4428571428571429;VIII
mp-1016849;CdRuO3;0.3339321010000002;12.123231492422724;Pm-3m;True;True;;Cd;Ru;only octahedral cation;12;6;2.778;1.964;6;6;6;0;0;12;12;8;8;perovskite;2.0;4.0;False;0.9486432559482889;0.4428571428571429;XII
mp-1016819;HfZnO3;0.6870288145000023;13.55009042991978;Pm-3m;True;True;;Zn;Hf;only octahedral cation;0;6;;2.038;6;6;6;0;0;12;0;8;8;perovskite;2.0;4.0;False;0.7707799036630613;0.5071428571428571;VIII
mp-1016841;HfHgO3;0.2990511580000028;14.014819878312776;Pm-3m;True;True;;Hg;Hf;only octahedral cation;0;6;;2.061;6;6;6;0;0;12;0;8;8;perovskite;2.0;4.0;False;0.8512091110018155;0.5071428571428571;VIII
mp-1016848;SrIrO3;0.1417542979999986;12.781269943242055;Pm-3m;True;True;;Sr;Ir;only octahedral cation;12;6;2.827;1.999;6;6;6;0;0;12;12;8;8;perovskite;2.0;4.0;False;0.9916954363307628;0.44642857142857145;XII
mp-1016851;HgRuO3;0.3014727525000014;12.272980786082003;Pm-3m;True;True;;Hg;Ru;only octahedral cation;0;6;;1.972;6;6;6;0;0;12;0;8;8;perovskite;1.0;5.0;False;0.9320135182051694;0.4035714285714286;VI
mp-1016853;CaVO3;0.1062316629107087;11.239951122846511;Pm-3m;True;True;;Ca;V;only octahedral cation;12;6;2.709;1.915;6;6;6;0;0;12;12;8;8;perovskite;2.0;4.0;False;0.9785215052783537;0.41428571428571426;XII
mp-1016846;TiCdO3;0.1982360430000005;11.745357585977985;Pm-3m;True;True;;Cd;Ti;only octahedral cation;12;6;2.749;1.943;6;6;6;0;0;12;12;8;8;perovskite;2.0;4.0;False;0.9557403376636129;0.43214285714285716;XII
mp-1016881;CdSnO3;0.3463072180000024;13.35897537035038;Pm-3m;True;True;;Cd;Sn;only octahedral cation;12;6;2.869;2.029;6;6;6;0;0;12;12;8;8;perovskite;2.0;4.0;False;0.916870515318442;0.4928571428571428;XII
mp-1016903;CdGeO3;0.3243616127499988;10.82339133451445;Pm-3m;True;True;;Cd;Ge;only octahedral cation;12;6;2.675;1.891;6;6;6;0;0;12;12;8;8;perovskite;2.0;4.0;False;0.9928805062256703;0.3785714285714286;XII
mp-1016884;CaGeO3;0.1707720013333329;10.82980510175086;Pm-3m;True;True;;Ca;Ge;only octahedral cation;12;6;2.675;1.892;6;6;6;0;0;12;12;8;8;perovskite;2.0;4.0;False;1.0038718033425598;0.3785714285714286;XII
mp-1016929;MgRhO3;0.7168978250000002;11.86576219816849;Pm-3m;True;True;;Mg;Rh;only octahedral cation;12;6;2.758;1.95;6;6;6;0;0;12;12;8;8;perovskite;2.0;4.0;False;0.8096372644585969;0.4285714285714286;VIII
mp-1016904;VCdO3;0.285856829000001;11.325717908066682;Pm-3m;True;True;;Cd;V;only octahedral cation;12;6;2.715;1.92;6;6;6;0;0;12;12;8;8;perovskite;2.0;4.0;False;0.9678077661694665;0.41428571428571426;XII
mp-1016882;CdOsO3;0.3595730851999947;12.259954228684448;Pm-3m;True;False;Structure contains elements not in set of BV parameters: {Element Os};Cd;Os;only octahedral cation;12;6;2.788;1.971;6;6;6;0;0;12;12;8;8;perovskite;;;;;;
mp-1016875;CdRhO3;0.424103885;12.340837670307923;Pm-3m;True;True;;Cd;Rh;only octahedral cation;12;6;2.794;1.976;6;6;6;0;0;12;12;8;8;perovskite;2.0;4.0;False;0.9581296885077718;0.4285714285714286;XII
mp-1016880;ZnRhO3;0.7624100169999997;11.784499015123789;Pm-3m;True;True;;Zn;Rh;only octahedral cation;0;6;;1.946;6;6;6;0;0;12;0;8;8;perovskite;2.0;4.0;False;0.8131727983645295;0.4285714285714286;VIII
mp-1016926;ZnIrO3;0.7629442669999991;11.927943269830518;Pm-3m;True;True;;Zn;Ir;only octahedral cation;0;6;;1.954;6;6;6;0;0;12;0;8;8;perovskite;2.0;4.0;False;0.8031336280143502;0.44642857142857145;VIII
mp-1016927;TiZnO3;0.5371176765000021;11.351963423923449;Pm-3m;True;True;;Zn;Ti;only octahedral cation;0;6;;1.922;6;6;6;0;0;12;0;8;8;perovskite;2.0;4.0;False;0.8111449360244685;0.43214285714285716;VIII
mp-1016932;MnZnO3;0.5611729100000007;10.452396958737;Pm-3m;True;True;;Zn;Mn;only octahedral cation;12;6;2.644;1.869;6;6;6;0;0;12;12;8;8;perovskite;2.0;4.0;False;0.8426661122948492;0.3785714285714286;VIII
mp-1017000;MgZrO3;0.667561955;14.12306556931856;Pm-3m;True;True;;Mg;Zr;only octahedral cation;0;6;;2.067;6;6;6;0;0;12;0;8;8;perovskite;2.0;4.0;False;0.76380874005528;0.5142857142857143;VIII
mp-1016879;CdSiO3;0.3745062665000018;9.486956602700698;Pm-3m;True;True;;Cd;Si;only octahedral cation;12;6;2.56;1.81;6;6;6;0;0;12;12;8;8;perovskite;2.0;4.0;False;1.0645885427864132;0.28571428571428575;XII
mp-1016930;ZnGeO3;0.6149733300000015;10.312060446151085;Pm-3m;True;True;;Zn;Ge;only octahedral cation;12;6;2.632;1.861;6;6;6;0;0;12;12;8;8;perovskite;2.0;4.0;False;0.8426661122948492;0.3785714285714286;VIII
mp-1016883;ZrZnO3;0.7579720910000018;14.223100968458258;Pm-3m;True;True;;Zn;Zr;only octahedral cation;0;6;;2.072;6;6;6;0;0;12;0;8;8;perovskite;2.0;4.0;False;0.7671441494004995;0.5142857142857143;VIII
mp-1016876;ZnSiO3;0.5805138331666688;8.88927110097798;Pm-3m;True;True;;Zn;Si;only octahedral cation;12;6;2.505;1.771;6;6;6;0;0;12;12;8;8;perovskite;2.0;4.0;False;0.903525331516144;0.28571428571428575;VIII
mp-1016886;MgVO3;0.5105881479999992;10.795353378060843;Pm-3m;True;True;;Mg;V;only octahedral cation;12;6;2.672;1.89;6;6;6;0;0;12;12;8;8;perovskite;2.0;4.0;False;0.8178154186450474;0.41428571428571426;VIII
mp-1016928;MgSiO3;0.4672552331666662;8.776612053725561;Pm-3m;True;True;;Mg;Si;only octahedral cation;12;6;2.494;1.764;6;6;6;0;0;12;12;8;8;perovskite;2.0;4.0;False;0.8995969605095522;0.28571428571428575;VIII
mp-1016874;SiHgO3;0.4976730558333351;9.844426725857833;Pm-3m;True;True;;Hg;Si;only octahedral cation;12;6;2.591;1.832;6;6;6;0;0;12;12;8;8;perovskite;2.0;4.0;False;0.9978062356743505;0.28571428571428575;VIII
mp-1016877;HgRhO3;0.4093494525000007;12.52083210458493;Pm-3m;True;True;;Hg;Rh;only octahedral cation;0;6;;1.985;6;6;6;0;0;12;0;8;8;perovskite;2.0;4.0;False;0.8980256121069153;0.4285714285714286;VIII
mp-1016902;ZnSnO3;0.7129046939999997;13.079342200373915;Pm-3m;True;True;;Zn;Sn;only octahedral cation;0;6;;2.014;6;6;6;0;0;12;0;8;8;perovskite;2.0;4.0;False;0.7781557879086408;0.4928571428571428;VIII
mp-1016931;VZnO3;0.5494903799999973;10.805142712381656;Pm-3m;True;True;;Zn;V;only octahedral cation;0;6;;1.89;6;6;6;0;0;12;0;8;8;perovskite;2.0;4.0;False;0.8213866650146764;0.41428571428571426;VIII
mp-1016938;VHgO3;0.2911378833750015;11.54175451720724;Pm-3m;True;True;;Hg;V;only octahedral cation;12;6;2.733;1.932;6;6;6;0;0;12;12;8;8;perovskite;2.0;4.0;False;0.907096577885773;0.41428571428571426;VIII
mp-1016999;SrGeO3;0.1500441693333334;11.473996926955248;Pm-3m;False;True;;Sr;Ge;only octahedral cation;12;6;2.727;1.928;6;6;6;0;0;12;12;8;8;perovskite;2.0;4.0;False;1.0405094603988574;0.3785714285714286;XII
mp-1016900;CaOsO3;0.2566206755999909;12.34623501473248;Pm-3m;True;False;Structure contains elements not in set of BV parameters: {Element Os};Ca;Os;only octahedral cation;12;6;2.795;1.976;6;6;6;0;0;12;12;8;8;perovskite;;;;;;
mp-1017465;BaVO3;0.1149159189999773;12.632591185906389;Pm-3m;False;True;;Ba;V;only octahedral cation;12;6;2.816;1.991;6;6;6;0;0;12;12;8;8;perovskite;2.0;4.0;False;1.0749451572583373;0.41428571428571426;XII
mp-1017439;SrSiO3;0.3242759299999997;10.121583704176128;Pm-3m;False;True;;Sr;Si;only octahedral cation;12;6;2.616;1.849;6;6;6;0;0;12;12;8;8;perovskite;2.0;4.0;False;1.1156573658721083;0.28571428571428575;XII
mp-1017441;SrRhO3;0.0926481917499959;12.843094673045687;Pm-3m;True;True;;Sr;Rh;only octahedral cation;12;6;2.832;2.002;6;6;6;0;0;12;12;8;8;perovskite;2.0;4.0;False;1.0040916292848974;0.4285714285714286;XII
mp-1017447;HgGeO3;0.375254152500001;11.15130800666716;Pm-3m;True;True;;Hg;Ge;only octahedral cation;12;6;2.701;1.91;6;6;6;0;0;12;12;8;8;perovskite;2.0;4.0;False;0.9305964892299641;0.3785714285714286;VIII
mp-1017446;HfCdO3;0.2803280045000029;13.765136169314864;Pm-3m;True;True;;Cd;Hf;only octahedral cation;0;6;;2.049;6;6;6;0;0;12;0;8;8;perovskite;2.0;4.0;False;0.9081797995334331;0.5071428571428571;XII
mp-1017466;SrMnO3;0.0492473494999998;11.582469148055758;Pm-3m;False;True;;Sr;Mn;only octahedral cation;"12;12;12;12";"6;6;6;6";2.736;1.935;6;6;6;0;0;12;12;8;8;perovskite;2.0;4.0;False;1.0405094603988574;0.3785714285714286;XII
mp-1017467;CaMnO3;0.1165496273333364;10.989274138826286;Pm-3m;True;True;;Ca;Mn;only octahedral cation;12;6;2.688;1.901;6;6;6;0;0;12;12;8;8;perovskite;2.0;4.0;False;1.0038718033425598;0.3785714285714286;XII
mp-1017591;BaRuO3;0.0687054314999997;13.42099309123968;Pm-3m;True;True;;Ba;Ru;only octahedral cation;12;6;2.873;2.032;6;6;6;0;0;12;12;8;8;perovskite;2.0;4.0;False;1.0536591145403504;0.4428571428571429;XII
mp-1017566;GePbO3;0.2177559430000091;11.758588617745977;Pm-3m;False;True;;Pb;Ge;only octahedral cation;12;6;2.75;1.944;6;6;6;0;0;12;12;8;8;perovskite;2.0;4.0;False;1.0588282889270062;0.3785714285714286;XII
mp-1018639;TiSnO3;0.1601254475000022;12.332819523013695;Pm-3m;True;True;;Sn;Ti;only octahedral cation;12;6;2.794;1.975;6;6;6;0;0;12;12;8;8;perovskite;2.0;4.0;False;;;
mp-1019544;BaZrO3;0.0;14.938125101812371;I4/mcm;False;True;;Ba;Zr;only octahedral cation;"12;12";"6;6";2.936;2.107;6;6;6;0;0;12;12;8;8;perovskite;2.0;4.0;False;1.0039582129110884;0.5142857142857143;XII
mp-1019598;CeGaO3;0.1274276730999997;12.076679684017062;Pnma;True;True;;Ce;Ga;only octahedral cation;"8;8;8;8";"6;6;6;6";2.568;2.016;6;6;6;0;0;8;8;8;8;perovskite;3.0;3.0;False;0.9591448418074952;0.4428571428571429;XII
mp-1020117;MgSiO3;0.0111535074166662;11.139729728533103;Pc;True;True;;Mg;Si;neither octahedral: lower CN;"6;6;5;5;6;6;6;6;6;6;6;6;6;6;5;5";"4;4;4;4;4;4;4;4;4;4;4;4;4;4;4;4";2.126;1.648;4;4;2;0;0;5;5;4;4;non-perovskite (B not octahedral);2.0;4.0;False;0.8995969605095522;0.28571428571428575;VIII
mp-1020115;MgSiO3;0.012783414166666;11.010231713092123;Pc;True;True;;Mg;Si;neither octahedral: lower CN;"6;6;6;6;6;6;4;4;6;6;6;6;6;6;6;6";"4;4;4;4;4;4;4;4;4;4;4;4;4;4;4;4";2.132;1.65;4;4;2;0;0;4;4;4;4;non-perovskite (B not octahedral);2.0;4.0;False;0.8995969605095522;0.28571428571428575;VIII
mp-1020124;MgSiO3;0.0101916091666662;10.935821981656666;P2_1/c;True;True;;Mg;Si;neither octahedral: lower CN;"6;6;6;6;5;5;5;5;6;6;6;6;6;6;6;6";"4;4;4;4;4;4;4;4;4;4;4;4;4;4;4;4";2.128;1.652;4;4;2;0;0;5;5;4;5;non-perovskite (B not octahedral);2.0;4.0;False;0.8995969605095522;0.28571428571428575;VIII
mp-1020123;MgSiO3;0.0206574746666667;10.920468596700028;P2/c;True;True;;Mg;Si;neither octahedral: lower CN;"6;6;6;6;6;6;6;6;5;5;5;5;6;6;6;6";"4;4;4;4;4;4;4;4;4;4;4;4;4;4;4;4";2.144;1.651;4;4;2;0;0;4;5;4;4;non-perovskite (B not octahedral);2.0;4.0;False;0.8995969605095522;0.28571428571428575;VIII
mp-1020125;MgSiO3;0.0111616284166666;11.121478291667852;Pca2_1;True;True;;Mg;Si;neither octahedral: lower CN;"6;6;6;6;6;6;6;6;6;6;6;6;5;5;5;5";"4;4;4;4;4;4;4;4;4;4;4;4;4;4;4;4";2.125;1.649;4;4;2;0;0;5;5;4;4;non-perovskite (B not octahedral);2.0;4.0;False;0.8995969605095522;0.28571428571428575;VIII
mp-1020118;MgSiO3;0.0184862472916655;10.63994188180526;Pca2_1;True;True;;Si;Mg;only octahedral cation;"4;4;4;4;4;4;4;4;4;4;4;4;4;4;4;4";"6;6;6;6;6;6;6;6;6;6;6;6;6;6;6;6";1.655;2.139;6;6;0;5;0;4;4;4;5;non-perovskite (edge-sharing BO6);4.0;2.0;False;0.6003736821395214;0.5142857142857143;VI
mp-1020193;KNO3;0.013152605000001;15.764160392563127;P2_1/c;True;True;;K;N;neither octahedral: lower CN;"8;8;8;8";"3;3;3;3";2.776;1.26;3;3;0;0;0;8;8;6;6;non-perovskite (B not octahedral);1.0;5.0;False;1.4049703364752317;0.09285714285714286;XII
mp-1020361;MgSiO3;0.010514179916667;11.09794756711416;P2/c;True;True;;Mg;Si;neither octahedral: lower CN;"6;6;6;6;6;6;6;6;5;5;5;5;6;6;6;6";"4;4;4;4;4;4;4;4;4;4;4;4;4;4;4;4";2.124;1.647;4;4;2;0;0;5;5;4;4;non-perovskite (B not octahedral);2.0;4.0;False;0.8995969605095522;0.28571428571428575;VIII
mp-1020623;ZnSiO3;0.1497593291666694;9.345862085830955;R-3;True;True;;Zn;Si;both octahedral: higher valence;"6;6";"6;6";2.178;1.81;6;6;0;3;0;6;6;7;7;non-perovskite (edge-sharing BO6);2.0;4.0;False;0.903525331516144;0.28571428571428575;VIII
mp-1020622;SrZrO3;0.0172425870000001;13.996387922066544;P4/mbm;True;True;;Sr;Zr;only octahedral cation;"8;8";"6;6";2.763;2.092;6;6;6;0;0;12;8;8;8;perovskite;2.0;4.0;False;0.9472562540423559;0.5142857142857143;XII
mp-1020631;ZnGeO3;0.1311937660000008;9.933942065803809;R3c;True;True;;Zn;Ge;both octahedral: higher valence;"6;6";"6;6";2.152;1.943;6;6;6;0;0;6;6;8;8;perovskite;2.0;4.0;False;0.8426661122948492;0.3785714285714286;VIII
mp-1021667;IClO3;0.6714004176764705;14.211373657557862;Pm-3m;True;False;Valences cannot be assigned!;Cl;I;only octahedral cation;0;6;;2.071;6;6;6;0;0;12;0;8;8;perovskite;;;;;;
mp-1040464;NaOsO3;0.0350546364999999;11.652197584979902;Pm-3m;True;False;Structure contains elements not in set of BV parameters: {Element Os};Na;Os;only octahedral cation;12;6;2.741;1.938;6;6;6;0;0;12;12;8;8;perovskite;;;;;;
mp-1040471;NaMoO3;0.0963398490000013;12.315511805040394;Pm-3m;True;True;;Na;Mo;only octahedral cation;12;6;2.792;1.974;6;6;6;0;0;12;12;8;8;perovskite;1.0;5.0;False;0.9815064276171481;0.4357142857142857;XII
mp-1040472;KWO3;0.0676837248333344;12.96533722034611;Pm-3m;True;True;;K;W;only octahedral cation;12;6;2.841;2.009;6;6;6;0;0;12;12;8;8;perovskite;1.0;5.0;False;1.0641607003995566;0.4428571428571429;XII
mp-1040469;KMoO3;0.106874973;12.846327780156033;Pm-3m;True;True;;K;Mo;only octahedral cation;12;6;2.832;2.002;6;6;6;0;0;12;12;8;8;perovskite;1.0;5.0;False;1.0694550322423406;0.4357142857142857;XII
mp-1040467;RbOsO3;0.0905591689999978;12.5529380409782;Pm-3m;True;False;Structure contains elements not in set of BV parameters: {Element Os};Rb;Os;only octahedral cation;12;6;2.81;1.987;6;6;6;0;0;12;12;8;8;perovskite;;;;;;
mp-1045305;CaMoO3;0.0096948095000026;12.59479290950372;P-1;True;True;;Ca;Mo;only octahedral cation;"8;8;8;8";"6;6;6;6";2.552;2.076;6;6;6;0;0;8;8;8;8;perovskite;2.0;4.0;False;0.9451085758298245;0.46428571428571436;XII
mp-1046804;AlWO3;0.2858516632499963;12.563112141435235;Pnma;True;True;;Al;W;only octahedral cation;"4;4;4;4";"6;6;6;6";1.794;2.215;6;6;6;0;0;4;4;6;6;non-perovskite (corner-sharing, A outside cavity);3.0;3.0;False;;;
mp-1068320;CsSO3;0.1874307605000016;23.950672473555105;R3m;False;True;;Cs;S;neither octahedral: lower CN;9;3;3.264;1.497;3;3;0;0;0;9;9;7;7;non-perovskite (B not octahedral);1.0;5.0;False;;;
mp-1068577;ZrPbO3;0.0822241748125023;14.912348106760264;Pm-3m;False;True;;Pb;Zr;only octahedral cation;0;6;;2.104;6;6;6;0;0;12;0;8;8;perovskite;2.0;4.0;False;0.9639333007684536;0.5142857142857143;XII
mp-1069079;FeBiO3;0.0268114940000012;13.734875639029534;P4mm;True;True;;Bi;Fe;neither octahedral: lower CN;"8;8";"5;5";2.57;1.976;5;5;4;0;0;8;8;8;8;non-perovskite (B not octahedral);3.0;3.0;False;0.88863786193126;0.46071428571428574;VIII
mp-1068742;SrZrO3;0.048340725500001;14.9164316095867;P4mm;True;True;;Sr;Zr;only octahedral cation;8;6;2.825;2.077;6;6;6;0;0;12;8;8;8;perovskite;2.0;4.0;False;0.9472562540423559;0.5142857142857143;XII
mp-1069346;PrVO3;0.2120419344999984;12.194494943041269;Pm-3m;False;True;;Pr;V;only octahedral cation;12;6;2.783;1.968;6;6;6;0;0;12;12;8;8;perovskite;3.0;3.0;False;0.8939354846471106;0.4571428571428572;IX
mp-1070440;VPbO3;0.1245164723125071;12.16354157168672;Pm-3m;False;True;;Pb;V;only octahedral cation;12;6;2.781;1.966;6;6;6;0;0;12;12;8;8;perovskite;2.0;4.0;False;1.032090200822789;0.41428571428571426;XII
mp-1070665;NClO3;1.411749977000019;20.72016795034745;R3m;False;True;;Cl;N;neither octahedral: lower CN;3;0;1.471;;0;0;0;0;0;3;3;7;8;non-perovskite (B not octahedral);5.0;1.0;False;;;
mp-1075921;LaNiO3;0.0358580604999989;11.475683832732916;Pm-3m;True;True;;La;Ni;only octahedral cation;12;6;2.727;1.928;6;6;6;0;0;12;12;8;8;perovskite;3.0;3.0;False;0.9758073580374355;0.4285714285714286;XII
mp-1075902;EuCuO3;0.1708528556249948;11.200637912134855;Pm-3m;True;True;;Eu;Cu;only octahedral cation;12;6;2.705;1.913;6;6;6;0;0;12;12;8;8;perovskite;2.0;1.0;False;0.8961030637156708;0.55;X
mp-1075911;RbNbO3;0.082736542000001;13.772664835191115;Pm-3m;True;True;;Rb;Nb;only octahedral cation;12;6;2.898;2.049;6;6;6;0;0;12;12;8;8;perovskite;1.0;5.0;False;1.0814574300500137;0.4571428571428572;XII
mp-1075904;EuFeO3;0.2175109289999994;11.549739800155894;Pm-3m;True;True;;Eu;Fe;only octahedral cation;12;6;2.733;1.933;6;6;6;0;0;12;12;8;8;perovskite;3.0;3.0;False;0.8713491875746209;0.46071428571428574;IX
mp-1075933;SmAgO3;0.423685473958332;13.473266265924067;Pm-3m;True;True;;Sm;Ag;only octahedral cation;12;6;2.877;2.034;6;6;6;0;0;12;12;8;8;perovskite;2.0;1.0;False;0.7542472332656506;0.8214285714285714;IX
mp-1076000;LaAgO3;0.2392310500833314;13.869541705207926;Pm-3m;True;True;;La;Ag;only octahedral cation;12;6;2.905;2.054;6;6;6;0;0;12;12;8;8;perovskite;3.0;3.0;False;0.9077277749185446;0.5357142857142857;XII
mp-1075973;SmMnO3;0.1996038399999999;11.818929390211164;Pm-3m;True;True;;Sm;Mn;only octahedral cation;12;6;2.754;1.948;6;6;6;0;0;12;12;8;8;perovskite;2.0;4.0;False;0.9965442719313;0.3785714285714286;IX
mp-1076070;LaCuO3;0.0242210939999996;11.607124936662462;Pm-3m;True;True;;La;Cu;only octahedral cation;12;6;2.738;1.936;6;6;6;0;0;12;12;8;8;perovskite;3.0;3.0;False;1.0059869670489026;0.3857142857142858;XII
mp-1075975;EuCoO3;0.2817674732142858;10.717507320015256;Pm-3m;True;True;;Eu;Co;only octahedral cation;12;6;2.666;1.885;6;6;6;0;0;12;12;8;8;perovskite;2.0;4.0;False;1.0075355690481893;0.3785714285714286;X
mp-1076317;MgCuO3;0.4983306070000006;10.38888520274456;Pm-3m;True;True;;Mg;Cu;only octahedral cation;12;6;2.638;1.866;6;6;6;0;0;12;12;8;8;perovskite;2.0;1.0;False;0.7462094603305041;0.55;VIII
mp-1076368;MgFeO3;0.459468911000001;10.681303057144715;Pm-3m;True;True;;Mg;Fe;only octahedral cation;12;6;2.663;1.883;6;6;6;0;0;12;12;8;8;perovskite;2.0;4.0;False;0.8157554301849843;0.41785714285714287;VIII
mp-1076360;RbCrO3;0.5080168427500036;12.297257526226112;Pm-3m;True;True;;Rb;Cr;only octahedral cation;12;6;2.791;1.973;6;6;6;0;0;12;12;8;8;perovskite;1.0;5.0;False;1.167287384815888;0.35000000000000003;XII
mp-1076534;RbTaO3;0.0566622735000148;13.495957741835976;Pm-3m;True;True;;Rb;Ta;only octahedral cation;12;6;2.879;2.036;6;6;6;0;0;12;12;8;8;perovskite;1.0;5.0;False;1.0814574300500137;0.4571428571428572;XII
mp-1076638;RbVO3;0.3573935849999996;12.00293697178849;Pm-3m;True;False;Valences cannot be assigned!;Rb;V;only octahedral cation;12;6;2.768;1.958;6;6;6;0;0;12;12;8;8;perovskite;;;;;;
mp-1076633;KVO3;0.2169112905000005;11.4409170550582;Pm-3m;True;True;;K;V;only octahedral cation;12;6;2.725;1.927;6;6;6;0;0;12;12;8;8;perovskite;1.0;5.0;False;1.1080436158799507;0.3857142857142858;XII
mp-1076642;NaCrO3;0.2964467783333342;10.530599004587186;Pm-3m;True;True;;Na;Cr;only octahedral cation;12;6;2.65;1.874;6;6;6;0;0;12;12;8;8;perovskite;1.0;5.0;False;1.0438242960372845;0.35000000000000003;XII
mp-1076706;SmCuO3;0.1243862084999998;11.05330077484314;Pm-3m;True;True;;Sm;Cu;only octahedral cation;12;6;2.693;1.905;6;6;6;0;0;12;12;8;8;perovskite;3.0;3.0;False;0.9622484032641676;0.3857142857142858;XII
mp-1076711;SrCuO3;0.0084277938125065;11.310479788830744;Pm-3m;True;True;;Sr;Cu;only octahedral cation;12;6;2.714;1.919;6;6;6;0;0;12;12;8;8;perovskite;2.0;1.0;False;0.9254300730736382;0.55;XII
mp-1076732;KCrO3;0.3906704867777781;11.544854986670384;Pm-3m;True;True;;K;Cr;only octahedral cation;12;6;2.733;1.932;6;6;6;0;0;12;12;8;8;perovskite;1.0;5.0;False;1.137356939051378;0.35000000000000003;XII
mp-1076782;BaCoO3;0.2222252690000008;12.62410471503431;Pm-3m;True;True;;Ba;Co;only octahedral cation;12;6;2.815;1.991;6;6;6;0;0;12;12;8;8;perovskite;2.0;4.0;False;1.1027934773945636;0.3785714285714286;XII
mp-1076800;BaCuO3;0.0827329195833348;12.835466306411252;Pm-3m;True;True;;Ba;Cu;only octahedral cation;12;6;2.831;2.002;6;6;6;0;0;12;12;8;8;perovskite;2.0;1.0;False;0.9808255351942433;0.55;XII
mp-1076820;MgCoO3;0.5514157765000007;9.788530035302577;Pm-3m;True;True;;Mg;Co;only octahedral cation;12;6;2.587;1.829;6;6;6;0;0;12;12;8;8;perovskite;2.0;4.0;False;0.8390023465892196;0.3785714285714286;VIII
mp-1076932;BaTiO3;0.9790563579999992;25.171257660190697;Amm2;False;True;;Ba;Ti;neither octahedral: shorter M-O;4;4;2.657;1.76;4;4;4;0;0;4;4;2;6;non-perovskite (B not octahedral);2.0;4.0;False;1.0615418510581087;0.43214285714285716;XII
mp-1077622;EuAgO3;0.4032652868333333;13.677293653469269;Pm-3m;True;True;;Eu;Ag;only octahedral cation;12;6;2.892;2.045;6;6;6;0;0;12;12;8;8;perovskite;2.0;1.0;False;0.7625661365737277;0.8214285714285714;X
mp-1078188;LiOsO3;0.0083334210000005;9.941236306148031;R-3c;False;False;Structure contains elements not in set of BV parameters: {Element Os};Li;Os;only octahedral cation;"3;3";"6;6";1.904;1.952;6;6;6;0;0;3;3;8;8;perovskite;;;;;;
mp-1078259;GaBO3;0.0037719631666659;8.593315290339087;R-3c;False;True;;B;Ga;only octahedral cation;"3;3";"6;6";1.378;1.994;6;6;6;0;0;3;3;8;8;perovskite;3.0;3.0;False;0.584588279495809;0.4428571428571429;VI
mp-1078295;NaNbO3;0.0031419299999981;12.943938864437822;R-3;False;True;;Na;Nb;both octahedral: higher valence;"6;6";"6;6";2.392;2.033;6;6;0;3;0;6;6;7;10;non-perovskite (edge-sharing BO6);1.0;5.0;False;0.9670725095639545;0.4571428571428572;XII
mp-1078341;EuNbO3;0.0;13.197665110991448;Imma;False;True;;Eu;Nb;only octahedral cation;"5;5";"6;6";2.593;2.051;6;6;6;0;0;11;5;8;8;perovskite;2.0;4.0;False;0.9348767539725988;0.48571428571428577;X
mp-1078358;LiOsO3;0.0;9.851533001061096;R3c;False;False;Structure contains elements not in set of BV parameters: {Element Os};Li;Os;both octahedral: shorter M-O;"6;6";"6;6";2.134;1.953;6;6;6;0;0;6;6;7;7;non-perovskite (corner-sharing, A outside cavity);;;;;;
mp-1078377;LiNbO3;0.0207068710000033;11.721291827347065;R-3;False;True;;Li;Nb;both octahedral: higher valence;"6;6";"6;6";2.247;2.042;6;6;0;3;0;6;6;10;10;non-perovskite (edge-sharing BO6);1.0;5.0;False;0.8041606531141127;0.4571428571428572;VIII
mp-1078329;ZnPbO3;0.0225450579999995;12.845820493772404;R3c;False;True;;Zn;Pb;both octahedral: higher valence;"6;6";"6;6";2.183;2.228;6;6;6;0;0;6;6;7;8;non-perovskite (corner-sharing, A outside cavity);2.0;4.0;False;0.747745101944395;0.5535714285714286;VIII
mp-1078398;CeAsO3;0.1525363091666687;14.019995683687966;P2_1/m;False;True;;Ce;As;neither octahedral: lower CN;"9;9";"3;3";2.617;1.803;3;3;0;0;0;9;9;7;7;non-perovskite (B not octahedral);3.0;3.0;False;0.9785215052783537;0.41428571428571426;XII
mp-1078473;MnCO3;0.0302993670000049;11.159881351538465;P-1;False;True;;C;Mn;only octahedral cation;"3;3;3;3";"6;6;6;6";1.297;2.23;6;6;2;2;0;3;3;6;6;non-perovskite (edge-sharing BO6);4.0;2.0;False;0.4946576585878986;0.5928571428571429;VI
mp-1078458;CrFeO3;0.0099886779999955;10.051694794704083;R-3;False;True;;Fe;Cr;both octahedral: shorter M-O;"6;6";"6;6";2.046;2.001;6;6;0;3;0;6;6;4;7;non-perovskite (edge-sharing BO6);3.0;3.0;False;0.7650088253035601;0.43928571428571433;VIII
mp-1078470;TiZnO3;0.055374115500002;10.648434781971153;R3c;False;True;;Zn;Ti;both octahedral: higher valence;"6;6";"6;6";2.156;2.014;6;6;6;0;0;6;6;7;8;non-perovskite (corner-sharing, A outside cavity);2.0;4.0;False;0.8111449360244685;0.43214285714285716;VIII
mp-1078634;LaFeO3;0.0;11.545061726760384;R-3c;False;True;;La;Fe;only octahedral cation;"9;9";"6;6";2.624;1.958;6;6;6;0;0;9;9;8;8;perovskite;3.0;3.0;False;0.9543348244864894;0.46071428571428574;XII
mp-1078670;EuHO3;0.3716673682499998;11.510281361410437;P2_1/m;True;True;;Eu;H;neither octahedral: lower CN;"9;9";"1;1";2.431;0.978;1;1;0;0;0;9;9;4;5;non-perovskite (B not octahedral);3.0;1.0;False;;;
mp-1078668;NiPbO3;0.0;11.763280280756856;R3c;True;True;;Ni;Pb;both octahedral: higher valence;"6;6";"6;6";2.068;2.223;6;6;6;0;0;6;6;7;7;non-perovskite (corner-sharing, A outside cavity);2.0;4.0;False;0.6794727230712111;0.5535714285714286;VI
mp-1078659;CaRhO3;0.0;11.13420908940552;Cmcm;False;True;;Ca;Rh;only octahedral cation;"8;8";"6;6";2.429;2.007;6;6;2;2;0;8;8;6;6;non-perovskite (edge-sharing BO6);2.0;4.0;False;0.9687362902255701;0.4285714285714286;XII
mp-1078716;SrMoO3;0.0090926760000034;12.632524882412756;Imma;False;True;;Sr;Mo;only octahedral cation;"12;12";"6;6";2.743;1.995;6;6;6;0;0;12;12;8;8;perovskite;2.0;4.0;False;0.9796015895462414;0.46428571428571436;XII
mp-1078871;LaGaO3;0.0385953581428539;12.169108631106909;R3c;False;True;;La;Ga;only octahedral cation;"9;9";"6;6";2.634;2.005;6;6;6;0;0;9;9;8;8;perovskite;3.0;3.0;False;0.9661458990469658;0.4428571428571429;XII
mp-1079050;LaAsO3;0.0;14.151370411239242;P2_1/m;False;True;;La;As;neither octahedral: lower CN;"9;9";"3;3";2.633;1.773;3;3;0;0;0;9;9;7;7;non-perovskite (B not octahedral);3.0;3.0;False;0.9856639980176116;0.41428571428571426;XII
mp-1079054;CaIrO3;0.3233362720000068;12.873544915681157;Cmcm;False;True;;Ca;Ir;only octahedral cation;"7;7";"6;6";2.377;2.171;6;6;4;4;0;7;7;6;6;non-perovskite (edge-sharing BO6);2.0;4.0;False;0.9567765829388347;0.44642857142857145;XII
mp-1079111;EuTiO3;0.0;11.831253652456535;I4/mcm;False;True;;Eu;Ti;only octahedral cation;"12;12";"6;6";2.61;1.966;6;6;6;0;0;12;12;8;8;perovskite;2.0;4.0;False;0.9698472061162123;0.43214285714285716;X
mp-1079334;SrTcO3;0.0553152760000017;12.555473589302032;Imma;False;False;Structure contains elements not in set of BV parameters: {Element Tc};Sr;Tc;only octahedral cation;"12;12";"6;6";2.613;2.014;6;6;6;0;0;11;12;8;8;perovskite;;;;;;
mp-1079330;MgVO3;0.1847207419999987;14.549781778487098;Cmc2_1;False;True;;Mg;V;neither octahedral: shorter M-O;"5;5";"5;5";2.05;1.918;5;5;0;2;0;5;5;7;7;non-perovskite (B not octahedral);2.0;4.0;False;0.8178154186450474;0.41428571428571426;VIII
mp-1079352;SrRuO3;0.0430079390000015;12.454563470890516;Cmcm;True;True;;Sr;Ru;only octahedral cation;"8;8";"6;6";2.581;2.038;6;6;2;2;0;9;8;6;6;non-perovskite (edge-sharing BO6);2.0;4.0;False;0.9941501280048488;0.4428571428571429;XII
mp-1079568;NaIrO3;0.0;11.177425064239516;Cmcm;False;True;;Na;Ir;only octahedral cation;"8;8";"6;6";2.47;1.97;6;6;2;2;0;8;8;6;6;non-perovskite (edge-sharing BO6);1.0;5.0;False;1.0014354921372932;0.40714285714285714;XII
mp-1079918;CaCO3;0.0066866840000043;12.01538154729379;P-1;False;True;;Ca;C;neither octahedral: lower CN;"7;7";"3;3";2.391;1.289;3;3;0;0;0;7;7;6;6;non-perovskite (B not octahedral);2.0;4.0;False;1.2419696028532952;0.1142857142857143;XII
mp-1080068;CuCO3;0.1293203760000008;14.179916399797747;P2_1;True;True;;Cu;C;neither octahedral: lower CN;"4;4";"2;2";1.973;1.175;2;2;0;0;0;4;4;2;4;non-perovskite (B not octahedral);2.0;4.0;False;0.9654727204662477;0.1142857142857143;VI
mp-1080058;KIO3;0.0014049004999998;17.549877238480562;R3c;False;True;;I;K;only octahedral cation;"3;3";"6;6";1.817;2.912;6;6;6;0;0;3;3;8;8;perovskite;5.0;1.0;False;0.5977341495641678;0.9857142857142857;VI
mp-1080052;LiIO3;0.8675189934999992;9.965345359511932;P6_3/mmc;False;False;Valences cannot be assigned!;I;Li;both octahedral: shorter M-O;"6;6";"6;6";2.282;2.052;6;6;0;0;2;6;6;12;12;non-perovskite (face-sharing BO6);;;;;;
mp-1080060;LaAlO3;0.0;10.878465400540929;Imma;True;True;;La;Al;only octahedral cation;"12;12";"6;6";2.572;1.903;6;6;6;0;0;12;12;8;8;perovskite;3.0;3.0;False;1.0085864165761607;0.3821428571428572;XII
mp-1080080;LaAlO3;0.0003989990000015;10.866760027192305;I4/mcm;True;True;;La;Al;only octahedral cation;"12;12";"6;6";2.586;1.901;6;6;6;0;0;12;12;8;8;perovskite;3.0;3.0;False;1.0085864165761607;0.3821428571428572;XII
mp-1080184;LaIO3;0.0729672593333328;19.61072781314908;C2/m;False;True;;La;I;neither octahedral: lower CN;"7;7";"3;3";2.549;2.029;3;3;2;0;0;7;7;4;5;non-perovskite (B not octahedral);3.0;3.0;False;;;
mp-1080187;MnHgO3;0.3027273443333351;11.741378430716482;Pm-3m;True;True;;Hg;Mn;only octahedral cation;12;6;2.748;1.943;6;6;6;0;0;12;12;8;8;perovskite;2.0;4.0;False;0.9305964892299641;0.3785714285714286;VIII
mp-1080575;SrZrO3;0.0045924389999996;13.944806583680602;Imma;True;True;;Sr;Zr;only octahedral cation;"5;5";"6;6";2.602;2.098;6;6;6;0;0;7;5;8;8;perovskite;2.0;4.0;False;0.9472562540423559;0.5142857142857143;XII
mp-1080782;BaClO3;0.9151125054999998;18.635911971052625;P4/nmm;False;False;Valences cannot be assigned!;Ba;Cl;neither octahedral: lower CN;"4;4";"0;0";2.682;;0;0;0;0;0;4;4;4;5;non-perovskite (B not octahedral);;;;;;
mp-1084760;CaBO3;0.1009196380000032;13.329544697205682;P2_1/m;False;False;Valences cannot be assigned!;Ca;B;neither octahedral: lower CN;"7;7";"3;3";2.446;1.37;3;3;0;0;0;7;7;6;6;non-perovskite (B not octahedral);;;;;;
mp-1094009;YAgO3;0.6336161807083318;17.349009398086213;Pm-3m;True;False;Valences cannot be assigned!;Ag;Y;only octahedral cation;0;6;;2.213;6;6;6;0;0;12;0;8;8;perovskite;;;;;;
mp-1094130;LiNO3;2.160649705999999;9.879856071303909;R-3m;False;True;;Li;N;both octahedral: higher valence;6;6;2.057;2.061;6;6;6;0;0;6;6;6;6;non-perovskite (corner-sharing, A outside cavity);1.0;2.0;False;;;
mp-1096800;LaScO3;0.2040818229999992;13.572558597611438;Pm-3m;True;True;;La;Sc;only octahedral cation;12;6;2.884;2.039;6;6;6;0;0;12;12;8;8;perovskite;3.0;3.0;False;0.9098436904777952;0.5321428571428571;XII
mp-1096944;CsNbO3;0.2512933467499989;14.511932952706848;Pm-3m;True;True;;Cs;Nb;only octahedral cation;12;6;2.949;2.085;6;6;6;0;0;12;12;8;8;perovskite;1.0;5.0;False;1.1369167854371938;0.4571428571428572;XII
mp-1097026;LaGaO3;0.096324067142854;11.987023632889503;Pm-3m;False;True;;La;Ga;only octahedral cation;12;6;2.767;1.957;6;6;6;0;0;12;12;8;8;perovskite;3.0;3.0;False;0.9661458990469658;0.4428571428571429;XII
mp-1097023;KFeO3;0.1654540488333351;19.03447959680441;Pnma;True;False;Valences cannot be assigned!;K;Fe;neither octahedral: lower CN;"8;8;8;8";"4;4;4;4";2.983;1.746;4;4;2;0;0;8;8;7;7;non-perovskite (B not octahedral);;;;;;
mp-1097917;TlNiO3;0.3659808316666657;10.886834100933545;Cm;True;True;;Tl;Ni;only octahedral cation;12;6;2.559;1.889;6;6;6;0;0;12;12;8;8;perovskite;3.0;3.0;False;0.8414570696119914;0.4285714285714286;VIII
mp-1099619;EuMnO3;0.1256707706874991;11.654884905456536;Pm-3m;True;True;;Eu;Mn;only octahedral cation;12;6;2.741;1.938;6;6;6;0;0;12;12;8;8;perovskite;2.0;4.0;False;1.0075355690481893;0.3785714285714286;X
mp-1099591;NaVO3;0.1419200870000008;10.749041590896583;Pm-3m;True;True;;Na;V;only octahedral cation;12;6;2.668;1.887;6;6;6;0;0;12;12;8;8;perovskite;1.0;5.0;False;1.0169216079950862;0.3857142857142858;XII
mp-1099588;SmFeO3;0.2223701854999991;11.94741644420206;Pm-3m;True;True;;Sm;Fe;only octahedral cation;12;6;2.764;1.955;6;6;6;0;0;12;12;8;8;perovskite;3.0;3.0;False;0.9128420060305551;0.46071428571428574;XII
mp-1099583;SmTiO3;0.1962379952499837;11.990083857817636;Pm-3m;True;True;;Sm;Ti;only octahedral cation;12;6;2.767;1.957;6;6;6;0;0;12;12;8;8;perovskite;2.0;4.0;False;0.9592670547767627;0.43214285714285716;IX
mp-1099668;SmNiO3;0.1226502030000009;10.463354786130989;Pm-3m;True;True;;Sm;Ni;only octahedral cation;12;6;2.645;1.87;6;6;6;0;0;12;12;8;8;perovskite;3.0;3.0;False;0.9333809511662425;0.4285714285714286;XII
mp-1099873;CaCuO3;0.1626024227500009;11.005932456344825;Pm-3m;True;True;;Ca;Cu;only octahedral cation;12;6;2.69;1.902;6;6;6;0;0;12;12;8;8;perovskite;2.0;1.0;False;0.8928445071203412;0.55;XII
mp-1099934;CaCoO3;0.1603328566666677;10.66110682120731;Pm-3m;True;True;;Ca;Co;only octahedral cation;12;6;2.661;1.882;6;6;6;0;0;12;12;8;8;perovskite;2.0;4.0;False;1.0038718033425598;0.3785714285714286;XII
mp-1100777;VTeO3;0.6161638888333352;12.127333497758263;Pm-3m;True;True;;Te;V;only octahedral cation;12;6;2.778;1.964;6;6;6;0;0;12;12;8;8;perovskite;2.0;4.0;False;;;
mp-1100775;SrEuO3;0.3201603499999805;16.84737572112453;Pm-3m;True;False;Valences cannot be assigned!;Sr;Eu;only octahedral cation;12;6;3.1;2.192;6;6;6;0;0;12;12;8;8;perovskite;;;;;;
mp-1100778;ZnCuO3;0.6078424414999999;10.422006679358098;Pm-3m;True;True;;Zn;Cu;only octahedral cation;12;6;2.641;1.868;6;6;6;0;0;12;12;8;8;perovskite;2.0;1.0;False;0.7494680169258338;0.55;VIII
mp-1100803;ZrPbO3;0.0364210478125013;15.285927621792942;Pm;True;True;;Pb;Zr;only octahedral cation;"4;4;5;4";"6;6;6;6";2.549;2.097;6;6;6;0;0;4;4;8;8;perovskite;2.0;4.0;False;0.9639333007684536;0.5142857142857143;XII
mp-1100876;YBO3;0.0764962386666674;12.31056118722788;Ama2;True;True;;B;Y;only octahedral cation;"3;3";"6;6";1.39;2.317;6;6;6;0;0;3;3;6;6;non-perovskite (corner-sharing, A outside cavity);3.0;3.0;False;0.5134210106876237;0.6428571428571429;VI
mp-1100874;YBO3;0.0363165806666678;12.414571561690426;Pnma;True;True;;B;Y;only octahedral cation;"3;3;3;3";"6;6;6;6";1.388;2.316;6;6;6;0;0;3;3;6;6;non-perovskite (corner-sharing, A outside cavity);3.0;3.0;False;0.5134210106876237;0.6428571428571429;VI
mp-1100926;VAgO3;0.0875265790000243;15.241555987510989;P-1;True;True;;V;Ag;neither octahedral: lower CN;"4;4;5;5;5;5;4;4";"4;4;3;4;3;3;4;3";1.831;2.35;3;4;0;2;0;4;4;5;5;non-perovskite (B not octahedral);5.0;1.0;False;0.5379557472556479;0.8214285714285714;VI
mp-1101047;TiCdO3;1.1145351800000007;27.79361028400076;P1;True;True;;Cd;Ti;only octahedral cation;"0;0";"6;6";;2.027;6;6;0;6;0;0;0;0;0;non-perovskite (edge-sharing BO6);2.0;3.0;False;0.9257291676403593;0.47857142857142865;XII
mp-1101165;YbBiO3;0.0352913874999991;14.915223542945734;R3c;True;True;;Bi;Yb;both octahedral: shorter M-O;"6;6";"6;6";2.404;2.222;6;6;6;0;0;6;6;7;7;non-perovskite (corner-sharing, A outside cavity);3.0;3.0;False;0.8012629751540684;0.62;VIII
mp-1101170;YLuO3;0.0760844704999978;13.566904509487728;Pnma;True;True;;Y;Lu;only octahedral cation;"8;8;8;8";"6;6;6;6";2.553;2.205;6;6;6;0;0;6;8;8;8;perovskite;3.0;3.0;False;0.7740332965222047;0.615;IX
mp-1101265;TmAlO3;0.0763009677000017;11.683322033894944;P6_3/mmc;True;True;;Al;Tm;only octahedral cation;"5;5";"6;6";1.921;2.235;6;6;0;6;0;5;5;6;6;non-perovskite (edge-sharing BO6);3.0;3.0;False;0.6001103603491094;0.6285714285714287;VI
mp-1101269;TmGaO3;0.0282885756000013;12.377303604118882;P6_3/mmc;True;True;;Ga;Tm;only octahedral cation;"5;5";"6;6";1.978;2.255;6;6;0;6;0;5;5;6;6;non-perovskite (edge-sharing BO6);3.0;3.0;False;0.626471797367029;0.6285714285714287;VI
mp-1101263;TmInO3;0.0863472772499998;13.099118796966;Pnma;True;True;;Tm;In;both octahedral: shorter M-O;"6;6;6;6";"6;6;6;6";2.333;2.196;6;6;6;0;0;6;6;8;8;perovskite;3.0;3.0;False;0.7881026488497337;0.5714285714285715;IX
mp-1101279;TmTlO3;0.0884914422499987;14.235171174049242;Pnma;True;True;;Tl;Tm;only octahedral cation;"4;4;4;4";"6;6;6;6";2.26;2.249;6;6;6;0;0;4;4;8;8;perovskite;3.0;3.0;False;0.738120236501747;0.6285714285714287;VIII
mp-1101339;TbGaO3;0.1062846700833333;11.3796907080235;R-3c;True;True;;Tb;Ga;only octahedral cation;"9;9";"6;6";2.571;1.991;6;6;6;0;0;9;9;8;8;perovskite;3.0;3.0;False;0.8733818906239782;0.4428571428571429;IX
mp-1101333;SrNdO3;0.358035681749997;18.182071350056862;Pm-3m;True;False;Valences cannot be assigned!;Sr;Nd;only octahedral cation;12;6;3.179;2.248;6;6;6;0;0;12;12;8;8;perovskite;;;;;;
mp-1101375;ScTiO3;0.0692020078750008;11.347907294930623;R-3;True;True;;Sc;Ti;both octahedral: shorter M-O;"6;6";"6;6";2.143;2.069;6;6;0;3;0;6;6;4;7;non-perovskite (edge-sharing BO6);3.0;3.0;False;0.7754262769533636;0.47857142857142865;VIII
mp-1101371;SmLuO3;0.0395454042499974;14.091371948630012;Pnma;True;True;;Sm;Lu;only octahedral cation;"8;8;8;8";"6;6;6;6";2.6;2.211;6;6;6;0;0;6;8;8;8;perovskite;3.0;3.0;False;0.8256355162903516;0.615;XII
mp-1101383;ScBiO3;0.0735853158750012;14.188024260616114;R-3;True;True;;Bi;Sc;both octahedral: shorter M-O;"6;6";"6;6";2.398;2.156;6;6;0;3;0;6;6;7;7;non-perovskite (edge-sharing BO6);3.0;3.0;False;0.8472095233796861;0.5321428571428571;VIII
mp-1101394;SnGeO3;0.1427484619999992;15.720695864987835;R-3;True;True;;Ge;Sn;only octahedral cation;"3;3";"6;6";2.019;2.106;6;6;0;3;0;3;3;7;7;non-perovskite (edge-sharing BO6);2.0;4.0;False;0.7206399253240892;0.4928571428571428;VI
mp-1101421;SrNiO3;0.0479806114999936;11.809481551530396;Pnma;True;True;;Sr;Ni;only octahedral cation;"12;12;12;12";"6;6;6;6";2.743;1.949;6;6;6;0;0;12;12;8;8;perovskite;2.0;4.0;False;1.0681825843456356;0.34285714285714286;XII
mp-1101462;NbTlO3;0.0013711412499954;15.54951617040533;Cc;True;True;;Tl;Nb;only octahedral cation;"3;5;3;6;5;3;6;3";"6;6;6;6;6;6;6;6";2.744;2.018;6;6;6;0;0;6;3;6;6;non-perovskite (corner-sharing, A outside cavity);1.0;5.0;False;1.074525010626616;0.4571428571428572;XII
mp-1101657;NaVO3;0.0428729455000009;15.825355523245468;C2/c;True;True;;Na;V;neither octahedral: shorter M-O;"4;4;4;4";"4;4;4;4";2.303;1.757;4;4;2;0;0;4;4;4;6;non-perovskite (B not octahedral);1.0;5.0;False;1.0169216079950862;0.3857142857142858;XII
mp-1101702;NdZrO3;0.1999818225249896;14.313376445339642;Pbam;True;True;;Nd;Zr;only octahedral cation;"5;5;5;5;5;5;5;5";"6;6;6;6;6;6;6;6";2.44;2.166;6;6;6;0;0;5;5;8;8;perovskite;3.0;3.0;False;;;
mp-1101715;VCrO3;0.0097020376250043;9.948531904676006;P-1;True;True;;V;Cr;both octahedral: shorter M-O;"6;6;6;6";"6;6;6;6";2.022;2.003;6;6;4;2;0;6;6;2;4;non-perovskite (edge-sharing BO6);3.0;3.0;False;0.7158798181739737;0.43928571428571433;VI
mp-1101720;SnPbO3;0.076258078499996;14.123530161370995;Pbam;True;True;;Pb;Sn;only octahedral cation;"4;6;6;4;4;6;6;4";"6;6;6;6;6;6;6;6";2.607;2.105;6;6;6;0;0;6;4;8;8;perovskite;2.0;4.0;False;0.9777696639373791;0.4928571428571428;XII
mp-1105130;PrInO3;0.0053963183749994;13.884043653170693;Pnma;False;True;;Pr;In;only octahedral cation;"8;8;8;8";"6;6;6;6";2.603;2.173;6;6;6;0;0;6;8;8;8;perovskite;3.0;3.0;False;0.8289219948545934;0.5714285714285715;IX
mp-1105160;SrIrO3;0.0276744059999991;12.74730619284822;Pnma;False;True;;Sr;Ir;only octahedral cation;"8;8;8;8";"6;6;6;6";2.612;2.052;6;6;6;0;0;8;8;8;8;perovskite;2.0;4.0;False;0.9916954363307628;0.44642857142857145;XII
mp-1105167;VCuO3;0.1533666465000021;9.843991569264931;Im-3;False;True;;Cu;V;only octahedral cation;"12;4;4;4";"6;6;6;6";2.274;1.94;6;6;6;0;0;4;4;8;8;perovskite;2.0;4.0;False;0.7606754767309829;0.41428571428571426;VI
mp-1105153;SrOsO3;0.0610773853181827;12.580279621142155;Pnma;False;False;Structure contains elements not in set of BV parameters: {Element Os};Sr;Os;only octahedral cation;"9;9;9;9";"6;6;6;6";2.65;2.026;6;6;6;0;0;9;9;8;8;perovskite;;;;;;
mp-1105216;LiTaO3;0.1481025640000073;14.572326093272562;Cmcm;True;True;;Ta;Li;neither octahedral: lower CN;"5;5";"4;4";1.955;2.051;4;4;2;0;0;5;5;6;6;non-perovskite (B not octahedral);5.0;1.0;False;0.7005594961755608;0.5428571428571429;VIII
mp-1105218;NaOsO3;0.0;10.8267936269438;Pnma;False;False;Structure contains elements not in set of BV parameters: {Element Os};Na;Os;only octahedral cation;"8;8;8;8";"6;6;6;6";2.461;1.951;6;6;6;0;0;8;8;8;8;perovskite;;;;;;
mp-1105278;KAsO3;0.0107090097499984;17.55871738748523;P2_12_12_1;False;True;;K;As;neither octahedral: lower CN;"7;7;7;7";"4;4;4;4";2.854;1.716;4;4;2;0;0;7;7;6;6;non-perovskite (B not octahedral);1.0;5.0;False;1.1557014058102713;0.3285714285714286;XII
mp-1105271;MnBiO3;0.0256754215999981;12.46698914338639;Pnma;False;True;;Bi;Mn;only octahedral cation;"8;8;8;8";"6;6;6;6";2.549;2.072;6;6;6;0;0;8;8;8;8;perovskite;3.0;3.0;False;0.88863786193126;0.46071428571428574;VIII
mp-1105280;LiTaO3;0.110454011500007;10.736543360913796;Pnma;False;True;;Li;Ta;both octahedral: higher valence;"6;6;6;6";"6;6;6;6";2.16;2.019;6;6;2;2;0;4;6;8;8;non-perovskite (edge-sharing BO6);1.0;5.0;False;0.8041606531141127;0.4571428571428572;VIII
mp-1105326;LiTaO3;0.2546535015000071;13.51018681604331;Pnma;False;True;;Ta;Li;only octahedral cation;"4;4;4;4";"6;6;6;6";1.878;2.248;6;6;6;0;0;4;4;6;6;non-perovskite (corner-sharing, A outside cavity);5.0;1.0;False;0.7005594961755608;0.5428571428571429;VIII
mp-1105306;TlCrO3;0.039864296500002;11.693687091748172;Pnma;False;True;;Tl;Cr;only octahedral cation;"8;8;8;8";"6;6;6;6";2.482;2.037;6;6;6;0;0;8;8;8;8;perovskite;3.0;3.0;False;0.8351931212029694;0.43928571428571433;VIII
mp-1105365;KNO3;0.0463657585000003;17.147767783256185;P2_1/c;True;True;;K;N;neither octahedral: lower CN;"8;8;8;8";"3;3;3;3";2.879;1.27;3;3;0;0;0;8;8;5;5;non-perovskite (B not octahedral);1.0;5.0;False;1.4049703364752317;0.09285714285714286;XII
mp-1105437;SmFeO3;0.3348317365;16.197932118683436;Pnma;False;True;;Fe;Sm;only octahedral cation;"4;4;4;4";"6;6;6;6";1.884;2.344;6;6;2;2;0;4;4;6;6;non-perovskite (edge-sharing BO6);3.0;3.0;False;0.6537289156007946;0.6842857142857143;VIII
mp-1105697;PbCO3;0.0019628935000008;14.150412953003558;P2_1/c;False;True;;Pb;C;neither octahedral: lower CN;"9;9;9;9";"3;3;3;3";2.734;1.301;3;3;0;0;0;9;9;6;6;non-perovskite (B not octahedral);2.0;4.0;False;1.3099606395058476;0.1142857142857143;XII
mp-1105718;NiBiO3;0.0207188752500027;12.24202161870217;P-1;False;True;;Bi;Ni;only octahedral cation;"7;7;6;6";"6;6;6;6";2.341;2.11;6;6;6;0;0;6;6;7;8;non-perovskite (corner-sharing, A outside cavity);3.0;3.0;False;0.9086322138247135;0.4285714285714286;VIII
mp-1105765;NaNbO3;0.025218161999998;12.345106801048436;Pnma;False;True;;Na;Nb;only octahedral cation;"9;9;9;9";"6;6;6;6";2.646;2.011;6;6;6;0;0;9;9;8;8;perovskite;1.0;5.0;False;0.9670725095639545;0.4571428571428572;XII
mp-1105788;SmCrO3;0.0;11.362638686978782;Pnma;False;True;;Sm;Cr;only octahedral cation;"8;8;8;8";"6;6;6;6";2.477;1.992;6;6;6;0;0;8;8;8;8;perovskite;3.0;3.0;False;0.9264327058722013;0.43928571428571433;XII
mp-1105811;ScMnO3;0.0499739205624987;10.93675171717982;P2_1/c;False;True;;Sc;Mn;only octahedral cation;"7;7;7;7";"6;6;6;6";2.251;2.068;6;6;6;0;0;7;7;7;8;non-perovskite (corner-sharing, A outside cavity);3.0;3.0;False;0.7849058157914244;0.46071428571428574;VIII
mp-1105819;InRhO3;0.0739175047499953;11.550550309095197;Pnma;False;True;;In;Rh;both octahedral: shorter M-O;"6;6;6;6";"6;6;6;6";2.258;2.078;6;6;6;0;0;6;6;8;8;perovskite;3.0;3.0;False;0.7944250519868233;0.47500000000000003;VIII
mp-1105822;PrCrO3;0.0;11.701592546458029;Pnma;False;True;;Pr;Cr;only octahedral cation;"8;8;8;8";"6;6;6;6";2.545;1.989;6;6;6;0;0;8;8;8;8;perovskite;3.0;3.0;False;0.9050264956228814;0.43928571428571433;IX
mp-1105868;KCO3;0.0118344449999998;16.164938161332508;P2_1/c;False;False;Valences cannot be assigned!;K;C;neither octahedral: lower CN;"10;10;10;10";"3;3;3;3";2.964;1.284;3;3;0;0;0;10;10;4;4;non-perovskite (B not octahedral);;;;;;
mp-1105866;LuNiO3;0.0162953572916659;10.473991858460296;P2_1/c;False;True;;Lu;Ni;only octahedral cation;"8;8;8;8";"6;6;6;6";2.362;1.973;6;6;6;0;0;8;8;8;8;perovskite;3.0;3.0;False;0.8598418459228417;0.4285714285714286;IX
mp-1106094;KCO3;0.0;17.522782738975593;P2_1/c;False;False;Valences cannot be assigned!;K;C;neither octahedral: lower CN;"8;8;8;8";"3;3;3;3";2.901;1.284;3;3;0;0;0;8;8;5;6;non-perovskite (B not octahedral);;;;;;
mp-1106201;MnGeO3;0.012176887999999;11.814367501380318;C2/c;False;True;;Ge;Mn;only octahedral cation;"4;4;4;4";"6;6;6;6";1.772;2.189;6;6;0;5;0;4;4;7;7;non-perovskite (edge-sharing BO6);4.0;2.0;False;0.6119803083811823;0.5928571428571429;VI
mp-1106224;MnVO3;0.0417526665000043;10.487442623863132;Pnma;False;True;;Mn;V;only octahedral cation;"8;8;8;8";"6;6;6;6";2.388;1.973;6;6;6;0;0;6;8;8;8;perovskite;2.0;4.0;False;0.8428141432324505;0.41428571428571426;VIII
mp-1106239;MnBiO3;0.0299001160999985;12.869691229174194;Cc;False;True;;Bi;Mn;only octahedral cation;"4;4;5;5";"6;6;6;6";2.358;2.06;6;6;6;0;0;5;4;8;8;perovskite;3.0;3.0;False;0.88863786193126;0.46071428571428574;VIII
mp-1106215;TiPbO3;0.005552316500001;14.709995563421383;I4/m;False;True;;Pb;Ti;only octahedral cation;"5;5;5;5";"6;6;6;6";2.46;2.013;6;6;2;5;0;5;5;5;5;non-perovskite (edge-sharing BO6);2.0;4.0;False;1.0192212457003103;0.43214285714285716;XII
mp-1106293;EuZrO3;0.0;13.710893952022042;Pnma;False;True;;Eu;Zr;only octahedral cation;"8;8;8;8";"6;6;6;6";2.663;2.109;6;6;6;0;0;8;8;8;8;perovskite;2.0;4.0;False;0.9172375699353799;0.5142857142857143;X
mp-1106304;TmNiO3;0.0063012094166658;10.576343577698513;P2_1/c;False;True;;Tm;Ni;only octahedral cation;"8;8;8;8";"6;6;6;6";2.375;1.974;6;6;6;0;0;8;8;8;8;perovskite;3.0;3.0;False;0.8669129137347071;0.4285714285714286;IX
mp-1106337;MnPbO3;0.0769999478846559;15.43046274346465;P2/c;False;True;;Pb;Mn;only octahedral cation;"4;4;4;4";"6;6;6;6";2.368;1.961;6;6;0;6;0;4;4;4;4;non-perovskite (edge-sharing BO6);2.0;4.0;False;1.0588282889270062;0.3785714285714286;XII
mp-1120755;NaCO3;0.0;12.379553348782787;R-3c;True;False;Valences cannot be assigned!;C;Na;only octahedral cation;"3;3";"6;6";1.271;2.379;6;6;6;0;0;3;3;6;6;non-perovskite (corner-sharing, A outside cavity);;;;;;
mp-1120765;BaNiO3;0.1242722740000008;13.096831796699808;Pm-3m;True;True;;Ba;Ni;only octahedral cation;12;6;2.85;2.015;6;6;6;0;0;12;12;8;8;perovskite;2.0;4.0;False;1.1321230911550575;0.34285714285714286;XII
mp-1120793;LiMnO3;0.1839200139666594;9.157742792953115;Pnma;True;False;Valences cannot be assigned!;Li;Mn;only octahedral cation;"8;8;8;8";"6;6;6;6";2.25;1.922;6;6;6;0;0;4;8;8;8;perovskite;;;;;;
mp-1147577;GdCrO3;0.2346617324999993;11.607727537888469;Pm-3m;True;True;;Gd;Cr;only octahedral cation;12;6;2.738;1.936;6;6;6;0;0;12;12;8;8;perovskite;3.0;3.0;False;0.8797601490990942;0.43928571428571433;IX
mp-1147748;TiCuO3;0.2532467385000032;12.172948349113785;P4/mmm;True;True;;Cu;Ti;only octahedral cation;4;6;2.007;1.968;6;6;6;0;0;4;4;4;4;non-perovskite (corner-sharing, A outside cavity);2.0;4.0;False;0.7511907451009208;0.43214285714285716;VI
mp-1172857;MnSiO3;0.0179261966666697;11.41908198700114;P2_1/c;False;True;;Si;Mn;only octahedral cation;"4;4;4;4;4;4;4;4";"6;6;6;6;6;6;6;6";1.635;2.234;6;6;0;5;0;4;4;5;6;non-perovskite (edge-sharing BO6);4.0;2.0;False;0.5707588368321908;0.5928571428571429;VI
mp-1173150;SrNbO3;0.0095865724285619;13.355272654432866;P4/mbm;True;True;;Sr;Nb;only octahedral cation;"12;12;12;12";"6;6;6;6";2.874;2.044;6;6;6;0;0;12;12;8;8;perovskite;2.0;4.0;False;0.9654727204662474;0.48571428571428577;XII
mp-1173151;SrSiO3;0.9030404455000004;18.421145276132503;Pc;True;True;;Sr;Si;neither octahedral: lower CN;"5;7;5;7";"2;2;4;4";2.62;1.647;2;4;0;0;0;5;5;5;5;non-perovskite (B not octahedral);2.0;4.0;False;1.1156573658721083;0.28571428571428575;XII
mp-1173386;NdCuO3;0.0;12.141479279854131;Pnma;True;True;;Nd;Cu;only octahedral cation;"8;8;8;8";"6;6;6;6";2.474;2.066;6;6;6;0;0;8;8;6;6;ambiguous;3.0;3.0;False;0.9731830442103514;0.3857142857142858;XII
mp-1173486;SmBO3;0.0365078440000008;12.9406493882386;Pnma;True;True;;Sm;B;neither octahedral: lower CN;"8;8;8;8";"3;3;3;3";2.403;1.391;3;3;0;0;0;8;8;6;6;non-perovskite (B not octahedral);3.0;3.0;False;1.1178214984026857;0.1928571428571429;XII
mp-1173585;NaNO3;0.0129397410000002;13.442787465578192;P1;True;True;;N;Na;only octahedral cation;"3;3;3;3";"6;6;6;6";1.268;2.477;6;6;4;1;0;3;3;6;6;non-perovskite (edge-sharing BO6);5.0;1.0;False;0.44705511372537915;0.7285714285714286;VI
mp-1176435;MnGaO3;0.0807459091874989;10.968179486463097;P6_3/mmc;True;True;;Ga;Mn;only octahedral cation;"5;5";"6;6";1.939;2.112;6;6;0;6;0;5;5;6;6;non-perovskite (edge-sharing BO6);3.0;3.0;False;0.6984624440082278;0.46071428571428574;VI
mp-1176417;MnTeO3;0.0344470718333269;13.458513317485403;Pnma;True;True;;Te;Mn;only octahedral cation;"3;3;3;3";"6;6;6;6";1.939;2.26;6;6;6;0;0;3;3;8;8;perovskite;4.0;2.0;False;0.7514991351623845;0.5928571428571429;VI
mp-1176440;MnCuO3;0.0439075203611123;10.047714229378938;R-3;True;True;;Cu;Mn;both octahedral: higher valence;"6;6";"6;6";2.086;1.96;6;6;0;3;0;6;6;4;7;non-perovskite (edge-sharing BO6);2.0;4.0;False;0.780382095299143;0.3785714285714286;VI
mp-1176491;MgSnO3;0.0035946489999947;11.311787770386657;R-3;True;True;;Mg;Sn;both octahedral: higher valence;"6;6";"6;6";2.127;2.084;6;6;0;3;0;6;6;4;7;non-perovskite (edge-sharing BO6);2.0;4.0;False;0.7747725018742555;0.4928571428571428;VIII
mp-1176501;LuBiO3;0.0277422736249999;15.149129452302612;R3c;True;True;;Bi;Lu;both octahedral: shorter M-O;"6;6";"6;6";2.418;2.233;6;6;6;0;0;6;6;7;7;non-perovskite (corner-sharing, A outside cavity);3.0;3.0;False;0.8037436654796226;0.615;VIII
mp-1176521;LiVO3;0.0827592720000094;10.489827015989524;C2/m;True;True;;Li;V;both octahedral: higher valence;"6;6";"6;6";2.132;1.896;6;6;0;3;0;6;6;4;6;non-perovskite (edge-sharing BO6);1.0;5.0;False;0.8456122331715412;0.3857142857142858;VIII
mp-1178178;HoTmO3;0.0960075911249997;13.731134763447011;Pnma;True;True;;Ho;Tm;only octahedral cation;"8;8;8;8";"6;6;6;6";2.559;2.229;6;6;6;0;0;6;8;8;8;perovskite;3.0;3.0;False;0.7815390739430262;0.6285714285714287;X
mp-1178162;HoBiO3;0.031655000875002;15.765844353190255;R3c;True;True;;Bi;Ho;both octahedral: shorter M-O;"6;6";"6;6";2.419;2.283;6;6;6;0;0;6;6;7;7;non-perovskite (corner-sharing, A outside cavity);3.0;3.0;False;0.7897715895912328;0.6435714285714287;VIII
mp-1178214;FeSnO3;0.0351845345000008;11.687576014186268;Pnma;True;True;;Fe;Sn;only octahedral cation;"4;4;4;4";"6;6;6;6";2.111;2.099;6;6;6;0;0;4;4;8;8;perovskite;2.0;4.0;False;0.7849223599774116;0.4928571428571428;VIII
mp-1178219;HfNiO3;0.0968432885000023;10.81266138982134;P2_1/c;True;True;;Ni;Hf;both octahedral: higher valence;"6;6;6;6";"6;6;6;6";2.086;2.133;6;6;2;2;0;6;6;8;8;non-perovskite (edge-sharing BO6);2.0;4.0;False;0.7004043472416513;0.5071428571428571;VI
mp-1178212;FeSnO3;0.0;11.798133604318156;P-1;True;True;;Fe;Sn;only octahedral cation;"5;5;5;5";"6;6;6;6";2.103;2.082;6;6;0;3;0;5;5;7;9;non-perovskite (edge-sharing BO6);2.0;4.0;False;0.7849223599774116;0.4928571428571428;VIII
mp-1178268;GdAlO3;0.0851176094000027;10.423563720382802;Pm-3m;True;True;;Gd;Al;only octahedral cation;12;6;2.641;1.868;6;6;6;0;0;12;12;8;8;perovskite;3.0;3.0;False;0.9161326617233458;0.3821428571428572;IX
mp-1178346;EuTmO3;0.2335132622499998;14.395575678178734;Pnma;True;True;;Eu;Tm;only octahedral cation;"8;8;8;8";"6;6;6;6";2.615;2.229;6;6;6;0;0;6;8;8;8;perovskite;3.0;3.0;False;0.7815390739430262;0.6285714285714287;IX
mp-1178368;CuAsO3;0.0784477585000029;14.225676785804904;Pmma;True;True;;Cu;As;neither octahedral: shorter M-O;"4;4";"4;4";2.02;1.8;4;4;2;0;0;4;4;8;8;non-perovskite (B not octahedral);1.0;5.0;False;0.8249579113843055;0.3285714285714286;VI
mp-1178354;EuZrO3;0.0843929492500112;14.644552276427929;P2_13;True;True;;Eu;Zr;only octahedral cation;"12;9;9;12;9;12;12;9";"6;6;6;6;6;6;6;6";2.887;2.108;6;6;6;0;0;9;9;8;8;perovskite;2.0;4.0;False;0.9172375699353799;0.5142857142857143;X
mp-1178360;DyInO3;0.0640329069999996;13.267789029764796;Pnma;True;True;;Dy;In;only octahedral cation;"8;8;8;8";"6;6;6;6";2.528;2.191;6;6;6;0;0;6;8;8;8;perovskite;3.0;3.0;False;0.7980664262209987;0.5714285714285715;IX
mp-1178351;EuVO3;0.0292014026249987;11.395781538966585;Pnma;True;True;;Eu;V;only octahedral cation;"12;12;12;12";"6;6;6;6";2.659;1.948;6;6;6;0;0;10;12;8;8;perovskite;2.0;4.0;False;0.9820927516479826;0.41428571428571426;X
mp-1178374;CuCO3;0.0851143270000003;11.97354338574424;P-1;True;True;;Cu;C;neither octahedral: lower CN;"5;5";"3;3";2.086;1.292;3;3;0;0;0;3;5;3;3;non-perovskite (B not octahedral);2.0;4.0;False;0.9654727204662477;0.1142857142857143;VI
mp-1178424;CoNiO3;0.0;8.735959763657714;R-3;True;True;;Ni;Co;both octahedral: higher valence;"6;6";"6;6";1.966;1.886;6;6;0;3;0;6;6;1;4;non-perovskite (edge-sharing BO6);2.0;4.0;False;0.7657270324766239;0.3785714285714286;VI
mp-1178420;CoPbO3;0.0493846039999983;12.713632816107095;R-3;True;True;;Co;Pb;both octahedral: higher valence;"6;6;6;6";"6;6;6;6";2.14;2.25;6;6;0;3;0;6;6;4;8;non-perovskite (edge-sharing BO6);2.0;4.0;False;0.747745101944395;0.5535714285714286;VIII
mp-1178465;CsAsO3;0.1005165574999944;21.99798195853576;P-31m;True;True;;Cs;As;only octahedral cation;"3;3";"6;6";2.729;1.884;6;6;0;3;0;3;3;6;6;non-perovskite (edge-sharing BO6);1.0;5.0;False;1.2469409904795032;0.3285714285714286;XII
mp-1178485;BiCO3;0.0801158249999955;15.507537458912283;P-1;True;True;;Bi;C;neither octahedral: lower CN;"4;4;4;4";"3;3;3;3";2.439;1.299;3;3;0;0;0;4;4;2;3;non-perovskite (B not octahedral);3.0;3.0;False;;;
mp-1178493;CaBiO3;0.0995510239999974;15.376767285316337;Pnma;True;False;Valences cannot be assigned!;Bi;Ca;only octahedral cation;"4;4;4;4";"6;6;6;6";2.192;2.376;6;6;6;0;0;4;4;8;8;perovskite;;;;;;
mp-1178513;BaSnO3;0.0006460229999962;14.710169950504223;Imma;True;True;;Ba;Sn;only octahedral cation;"12;12";"6;6";2.88;2.099;6;6;6;0;0;12;12;8;8;perovskite;2.0;4.0;False;1.0183690963500038;0.4928571428571428;XII
mp-1178510;BaPdO3;0.0287006584999955;14.071271076489202;Pm-3m;True;True;;Ba;Pd;only octahedral cation;12;6;2.919;2.064;6;6;6;0;0;12;12;8;8;perovskite;2.0;4.0;False;1.0562736532861083;0.43928571428571433;XII
mp-1178556;AgPbO3;0.1113833960000016;14.641846842959492;R-3;True;True;;Ag;Pb;both octahedral: higher valence;"6;6";"6;6";2.334;2.256;6;6;0;3;0;6;6;4;7;non-perovskite (edge-sharing BO6);2.0;4.0;False;0.7607493645869062;0.5535714285714286;VI
mp-1178561;AgClO3;0.0928175744999979;15.368811637506257;R3m;True;True;;Ag;Cl;neither octahedral: shorter M-O;3;3;2.586;1.514;3;3;0;0;0;9;3;7;7;non-perovskite (B not octahedral);1.0;5.0;False;;;
mp-1178549;AlVO3;0.0198158706249973;9.305638763133665;R-3;True;True;;V;Al;both octahedral: shorter M-O;"6;6;6;6";"6;6;6;6";2.028;1.914;6;6;0;3;0;6;6;4;4;non-perovskite (edge-sharing BO6);3.0;3.0;False;0.7454769165997709;0.3821428571428572;VI
mp-1178562;AgBrO3;0.001653318583334;15.453013662719494;R3m;True;True;;Ag;Br;neither octahedral: shorter M-O;3;3;2.508;1.677;3;3;0;0;0;9;3;7;7;non-perovskite (B not octahedral);1.0;5.0;False;;;
mp-1178550;AlInO3;0.0630337659999993;10.146591810915004;Pnma;True;True;;In;Al;only octahedral cation;"8;8;8;8";"6;6;6;6";2.365;1.941;6;6;6;0;0;8;8;8;8;perovskite;3.0;3.0;False;0.8477972777017002;0.3821428571428572;VIII
mp-1178547;AlRhO3;0.0387965957499956;9.889501139978403;P6_3/mmc;True;True;;Al;Rh;only octahedral cation;"5;5";"6;6";1.849;2.066;6;6;0;6;0;5;5;6;6;non-perovskite (edge-sharing BO6);3.0;3.0;False;0.6625915843079756;0.47500000000000003;VI
mp-1178563;AgAsO3;0.0;11.928055162319485;R-3;True;True;;Ag;As;both octahedral: higher valence;"6;6";"6;6";2.523;1.846;6;6;0;3;0;6;6;7;7;non-perovskite (edge-sharing BO6);1.0;5.0;False;1.0188420288064233;0.3285714285714286;VIII
mp-1178612;ZnSiO3;0.038366072666669;13.590154149495504;Ibam;True;True;;Zn;Si;neither octahedral: shorter M-O;"4;4;4;4";"4;4;4;4";1.969;1.641;4;4;2;0;0;4;4;4;6;non-perovskite (B not octahedral);2.0;4.0;False;0.903525331516144;0.28571428571428575;VIII
mp-1178577;AlFeO3;0.0325528524999985;9.656260486802076;R-3;True;True;;Fe;Al;both octahedral: shorter M-O;"6;6;6;6";"6;6;6;6";2.06;1.937;6;6;0;3;0;6;6;4;7;non-perovskite (edge-sharing BO6);3.0;3.0;False;0.7966370971507355;0.3821428571428572;VIII
mp-1178574;AlPdO3;0.1165778144999993;10.652686856388703;P6_3/mmc;True;True;;Al;Pd;only octahedral cation;"5;5";"6;6";1.89;2.124;6;6;0;6;0;5;5;6;6;non-perovskite (edge-sharing BO6);3.0;3.0;False;0.6334498248129488;0.5428571428571429;VI
mp-1178579;AlCuO3;0.1093864111250004;9.392117845950876;R-3;True;True;;Cu;Al;both octahedral: shorter M-O;"6;6";"6;6";2.025;1.927;6;6;0;3;0;6;6;4;4;non-perovskite (edge-sharing BO6);3.0;3.0;False;0.708933930491939;0.3821428571428572;VI
mp-1178576;AlCoO3;0.0313632844999993;8.802147690236614;R-3;True;True;;Co;Al;both octahedral: shorter M-O;"6;6";"6;6";1.935;1.926;6;6;0;3;0;6;6;1;4;non-perovskite (edge-sharing BO6);3.0;3.0;False;0.7345140207674212;0.3821428571428572;VI
mp-1178820;VNO3;0.3870165875000024;17.496140938625693;Pbcm;True;True;;V;N;neither octahedral: lower CN;"4;4;4;4";"1;1;1;1";1.822;1.163;1;1;0;0;0;4;4;7;8;non-perovskite (B not octahedral);3.0;3.0;False;0.9246780984747162;0.1142857142857143;VI
mp-1178894;VHO3;0.0639929672499999;13.107707082204984;P1;True;True;;V;H;neither octahedral: lower CN;"5;5;5;5";"1;1;1;1";1.867;0.978;1;1;1;0;0;4;5;2;3;non-perovskite (B not octahedral);5.0;1.0;False;;;
mp-1178874;VHO3;0.0221299070833342;11.395315152701045;P2_1/m;True;True;;V;H;neither octahedral: lower CN;"5;5;5;5;6;6";"2;2;2;2;2;2";1.891;1.295;2;2;2;0;0;5;5;1;1;non-perovskite (B not octahedral);5.0;1.0;False;;;
mp-1178989;TlNiO3;0.0754351371666661;11.182057203612024;P2_1/c;False;True;;Tl;Ni;only octahedral cation;"8;8;8;8";"6;6;6;6";2.448;2.0;6;6;6;0;0;8;8;8;8;perovskite;3.0;3.0;False;0.8414570696119914;0.4285714285714286;VIII
mp-1179112;SrRuO3;0.4966343155000015;19.34642682421666;Pnma;True;True;;Sr;Ru;neither octahedral: shorter M-O;"4;4;4;4";"4;4;4;4";2.596;1.844;4;4;4;0;0;4;4;2;2;non-perovskite (B not octahedral);2.0;4.0;False;0.9941501280048488;0.4428571428571429;XII
mp-1179184;TlBrO3;0.4893717312499999;19.568646937951726;Cm;True;True;;Tl;Br;neither octahedral: lower CN;4;1;2.193;1.868;1;1;0;0;0;4;4;3;3;non-perovskite (B not octahedral);3.0;1.0;False;;;
mp-1179263;TiCdO3;0.2200661435000004;12.817326420461033;Pmc2_1;True;True;;Cd;Ti;neither octahedral: lower CN;"5;6;5;6";"5;5;5;5";2.342;1.909;5;5;5;0;0;5;5;6;8;non-perovskite (B not octahedral);2.0;4.0;False;0.9557403376636129;0.43214285714285716;XII
mp-1179315;SrTeO3;0.0032061685833335;18.9241982715692;P1;True;True;;Sr;Te;neither octahedral: lower CN;"7;7;8;9;7;9;9;8;7;8;9;8;6;8;8;8;8;7;6;7;8;7;8;7";"3;3;3;3;3;3;3;3;3;3;3;3;3;3;3;3;3;3;3;3;3;3;3;3";2.699;1.892;3;3;0;0;0;6;6;5;5;non-perovskite (B not octahedral);2.0;4.0;False;0.8473347082572974;0.6928571428571428;XII
mp-1179320;SrTeO3;0.0043323338333332;18.852480562811472;C2/c;False;True;;Sr;Te;neither octahedral: lower CN;"7;7;8;9;7;9;9;8;7;8;9;8;6;8;8;8;8;7;6;7;8;7;8;7";"3;3;3;3;3;3;3;3;3;3;3;3;3;3;3;3;3;3;3;3;3;3;3;3";2.698;1.891;3;3;0;0;0;6;6;5;5;non-perovskite (B not octahedral);2.0;4.0;False;0.8473347082572974;0.6928571428571428;XII
mp-1179381;TiCoO3;0.1293421924999975;16.87798608046742;P-1;True;True;;Co;Ti;neither octahedral: shorter M-O;"4;4";"4;4";1.965;1.852;4;4;0;1;0;4;4;5;5;non-perovskite (B not octahedral);2.0;4.0;False;0.8111449360244685;0.43214285714285716;VIII
mp-1179354;TiFeO3;0.0752487789999989;16.198965776183975;P-1;True;True;;Ti;Fe;neither octahedral: lower CN;"5;5";"4;4";1.936;2.035;4;4;0;1;0;5;5;6;6;non-perovskite (B not octahedral);4.0;2.0;False;0.6941323448345007;0.5571428571428572;VIII
mp-1179551;TiCdO3;0.165933056;19.53942757687807;P-1;True;True;;Cd;Ti;neither octahedral: shorter M-O;"4;4";"4;4";2.207;1.843;4;4;0;1;0;4;4;6;6;non-perovskite (B not octahedral);2.0;4.0;False;0.9557403376636129;0.43214285714285716;XII
mp-1179620;TlSbO3;0.7588836659999991;26.024884551350837;P-1;True;True;;Sb;Tl;neither octahedral: lower CN;"3;3";"2;2";2.021;2.53;2;2;0;1;0;3;3;5;6;non-perovskite (B not octahedral);5.0;1.0;False;0.4876598490941707;1.0714285714285714;VI
mp-1179733;RbPO3;1.1787199737499998;21.557445670357065;P2_1/c;True;True;;Rb;P;neither octahedral: lower CN;"7;7;7;7;8;8;8;8;6;6;6;6";"2;2;2;2;2;2;2;2;2;2;2;2";3.083;1.504;2;2;0;0;0;6;6;4;4;non-perovskite (B not octahedral);1.0;4.0;False;;;
mp-1179783;RbIO3;0.9936082100000004;36.70949055776034;Cm;True;False;Valences cannot be assigned!;Rb;I;neither octahedral: lower CN;4;0;2.997;;0;0;0;0;0;5;4;2;2;non-perovskite (B not octahedral);;;;;;
mp-1179877;PNO3;0.7822034427500038;22.077386466944223;Pccn;True;True;;P;N;neither octahedral: lower CN;"2;2;2;2;2;2;2;2";"1;1;1;1;1;1;1;1";1.469;1.173;1;1;0;0;0;2;2;3;3;non-perovskite (B not octahedral);3.0;3.0;False;0.8340233829379792;0.1142857142857143;VI
mp-1180143;MnCO3;0.2725020945000054;11.012351238201118;P2_1/c;True;True;;C;Mn;only octahedral cation;"2;2;2;2";"6;6;6;6";1.267;2.082;6;6;4;2;0;2;2;3;4;non-perovskite (edge-sharing BO6);4.0;2.0;False;0.4946576585878986;0.5928571428571429;VI
mp-1180142;MnCO3;1.0444584600000058;18.794551947486116;C2/c;True;True;;Mn;C;neither octahedral: lower CN;"4;4";"1;1";1.906;1.138;1;1;0;0;0;4;4;2;2;non-perovskite (B not octahedral);2.0;4.0;False;1.069725643333495;0.1142857142857143;VIII
mp-1180172;MnSiO3;0.2955041199666688;12.19726894971746;P-1;True;True;;Mn;Si;neither octahedral: lower CN;"6;6;6;5;7;5;7;6;6;6";"3;3;4;4;4;3;4;4;4;3";2.241;1.652;3;4;1;0;0;4;5;3;4;non-perovskite (B not octahedral);2.0;4.0;False;0.9270955575556956;0.28571428571428575;VIII
mp-1180213;NaBrO3;0.700010647;21.85948977926041;P1;True;False;Valences cannot be assigned!;Na;Br;neither octahedral: lower CN;"4;5;3;5";"0;0;1;1";2.65;1.799;0;1;0;0;0;3;3;2;2;non-perovskite (B not octahedral);;;;;;
mp-1180211;NaZnO3;0.345988686750001;14.66308566357895;P4_2/mbc;False;True;;Na;Zn;neither octahedral: shorter M-O;"5;5;5;5;5;5;5;5";"5;5;5;5;5;5;5;5";2.437;1.972;5;5;2;2;0;5;5;3;3;non-perovskite (B not octahedral);1.0;2.0;False;0.9218822053787232;0.5285714285714286;XII
mp-1180212;MnSiO3;0.3715762217666682;13.637609131543304;P-1;True;True;;Mn;Si;neither octahedral: lower CN;"5;5;5;5;4;5;4;6;5;6";"3;3;4;4;4;3;4;4;4;3";2.145;1.679;3;4;0;1;0;3;4;1;3;non-perovskite (B not octahedral);2.0;4.0;False;0.9270955575556956;0.28571428571428575;VIII
mp-1180278;NaClO3;0.413081310249999;26.18317916195327;P1;True;False;Valences cannot be assigned!;Na;Cl;neither octahedral: lower CN;"1;1;0;1";"0;0;0;0";2.576;;0;0;0;0;0;1;0;3;3;non-perovskite (B not octahedral);;;;;;
mp-1180304;NClO3;0.7115234410000193;14.585839991673971;Cm;True;False;Valences cannot be assigned!;Cl;N;neither octahedral: lower CN;2;1;1.866;1.136;1;1;0;0;0;2;2;1;2;non-perovskite (B not octahedral);;;;;;
mp-1180300;NClO3;0.0969217730000195;18.65402726252747;Cm;True;False;Valences cannot be assigned!;N;Cl;neither octahedral: lower CN;3;1;1.349;1.67;1;1;0;0;0;2;3;1;1;non-perovskite (B not octahedral);;;;;;
mp-1180433;NdFeO3;0.5061606354999997;14.348673198845958;Pnma;False;True;;Fe;Nd;only octahedral cation;"4;4;4;4";"6;6;6;6";2.08;2.338;6;6;4;4;0;4;4;8;8;non-perovskite (edge-sharing BO6);3.0;3.0;False;0.6468706600867281;0.7021428571428572;VIII
mp-1180505;NaClO3;0.7019237682499995;22.56596532237284;R3;True;False;Valences cannot be assigned!;Na;Cl;neither octahedral: lower CN;"4;4;3;4";"2;2;2;0";2.447;1.707;0;2;0;0;0;3;3;2;2;non-perovskite (B not octahedral);;;;;;
mp-1180468;MgSiO3;1.6662845356666658;16.077889236979637;C2/c;True;True;;Mg;Si;neither octahedral: lower CN;"6;2;6;2";"2;2;2;2";2.134;1.629;2;2;0;0;0;2;2;2;2;non-perovskite (B not octahedral);2.0;3.0;False;;;
mp-1180548;LiIO3;0.3390186064999998;15.984612568357004;Cmcm;True;True;;I;Li;only octahedral cation;"4;4";"6;6";1.977;2.188;6;6;0;0;2;4;4;2;2;non-perovskite (face-sharing BO6);5.0;1.0;False;0.7693059887909196;0.5428571428571429;VI
mp-1180658;KTiO3;0.0993671000000011;14.05455912429478;P6_3/mmc;False;False;Valences cannot be assigned!;K;Ti;only octahedral cation;"12;12;12;12";"6;6;6;6";2.965;1.976;6;6;3;0;1;12;12;6;6;non-perovskite (face-sharing BO6);;;;;;
mp-1180703;MgSiO3;0.402485997166667;10.874631203548129;C2/c;True;True;;Mg;Si;neither octahedral: lower CN;"6;4;6;4";"4;4;4;4";2.091;1.685;4;4;2;0;0;4;4;6;6;non-perovskite (B not octahedral);2.0;4.0;False;0.8995969605095522;0.28571428571428575;VIII
mp-1180700;LaMnO3;0.1682443915238103;12.433911941290884;Pnma;True;True;;La;Mn;only octahedral cation;"12;12;12;12";"6;6;6;6";2.799;2.01;6;6;6;0;0;12;12;8;8;perovskite;3.0;3.0;False;0.9543348244864894;0.46071428571428574;XII
mp-1180705;MnNiO3;0.2534626980000007;11.31675106350474;C2/m;True;True;;Mn;Ni;only octahedral cation;"5;5";"6;6";1.952;2.034;6;6;2;2;0;5;5;6;6;non-perovskite (edge-sharing BO6);3.0;3.0;False;0.7230166837632448;0.4285714285714286;VI
mp-1180714;KSbO3;0.8153981540000004;18.30467596048696;P-1;True;True;;K;Sb;neither octahedral: shorter M-O;"5;5";"5;5";2.751;2.15;5;5;2;1;0;5;5;5;6;non-perovskite (B not octahedral);1.0;5.0;False;1.0748023074035522;0.4285714285714286;XII
mp-1180739;LaGaO3;0.0375457616428533;12.179005063519696;Pnma;True;True;;La;Ga;only octahedral cation;"5;5;5;5";"6;6;6;6";2.495;2.005;6;6;6;0;0;7;5;8;8;perovskite;3.0;3.0;False;0.9661458990469658;0.4428571428571429;XII
mp-1180725;LaCoO3;0.0387641499999995;11.359993529183482;C2/c;False;True;;La;Co;only octahedral cation;"12;12";"6;6";2.551;1.944;6;6;6;0;0;12;12;8;8;perovskite;3.0;3.0;False;0.970952595062125;0.4357142857142857;XII
mp-1180816;KIO3;0.0104053899999989;18.68018848298861;C2;True;True;;K;I;neither octahedral: lower CN;"8;12;10;4";"3;3;3;3";3.142;1.836;3;3;0;0;0;12;4;8;8;non-perovskite (B not octahedral);1.0;5.0;False;0.9147253680030233;0.6785714285714286;XII
mp-1180932;LaMnO3;0.6305161255238083;15.502428642719902;Pnma;True;True;;La;Mn;neither octahedral: lower CN;"5;5;5;5";"4;4;4;4";2.295;2.005;4;4;4;0;0;5;5;4;4;non-perovskite (B not octahedral);3.0;3.0;False;0.9543348244864894;0.46071428571428574;XII
mp-1181002;LaFeO3;0.1067476205000144;15.132449434361552;Pnma;True;True;;La;Fe;neither octahedral: lower CN;"8;8;8;8";"4;4;4;4";2.515;1.933;4;4;2;0;0;8;8;6;6;non-perovskite (B not octahedral);3.0;3.0;False;0.9543348244864894;0.46071428571428574;XII
mp-1181075;INO3;0.4135428814999953;20.30017919639874;Pna2_1;True;True;;I;N;neither octahedral: lower CN;"3;3;3;3";"1;1;1;1";2.021;1.155;1;1;0;0;0;2;3;6;7;non-perovskite (B not octahedral);3.0;3.0;False;;;
mp-1181180;LiUO3;0.2080229279999663;16.609082854499622;Amm2;True;True;;U;Li;neither octahedral: lower CN;"5;5";"4;4";2.118;1.975;4;4;2;0;0;5;5;6;6;non-perovskite (B not octahedral);5.0;1.0;False;0.7332959212304936;0.5428571428571429;VII
mp-1181218;MnSiO3;0.1168592229666671;12.765335966611032;P-1;True;True;;Mn;Si;neither octahedral: lower CN;"5;5;5;4;6;4;6;6;5;6";"4;4;4;4;4;4;4;4;4;4";2.234;1.65;4;4;2;0;0;4;4;2;2;non-perovskite (B not octahedral);2.0;4.0;False;0.9270955575556956;0.28571428571428575;VIII
mp-1181286;MnCoO3;0.0899413789999998;10.546988977428496;C2/m;True;True;;Co;Mn;both octahedral: higher valence;"6;6";"6;6";2.062;1.988;6;6;0;4;0;5;6;3;5;non-perovskite (edge-sharing BO6);2.0;4.0;False;0.8426661122948492;0.3785714285714286;VIII
mp-1181307;LaCoO3;2.915006911;68.05994949910477;C2/c;True;True;;Co;La;neither octahedral: lower CN;"2;2";"0;0";1.753;;0;0;0;0;0;2;2;0;0;non-perovskite (B not octahedral);1.0;3.0;False;;;
mp-1181394;FeBiO3;0.2566392445000014;12.314581441034989;P2_1/m;False;True;;Bi;Fe;only octahedral cation;"10;10;10;10";"6;6;6;6";2.737;1.983;6;6;6;0;0;12;10;8;8;perovskite;3.0;3.0;False;0.88863786193126;0.46071428571428574;VIII
mp-1181443;HoMnO3;0.3119107715000009;13.184381538552412;Pnma;True;True;;Mn;Ho;only octahedral cation;"4;4;4;4";"6;6;6;6";2.001;2.244;6;6;4;4;0;4;4;6;8;non-perovskite (edge-sharing BO6);3.0;3.0;False;0.6284369263478876;0.6435714285714287;VI
mp-1181528;MgSiO3;0.3004706396666661;12.921627596404216;P2_1/c;True;True;;Mg;Si;neither octahedral: lower CN;"4;4;4;4;4;4;4;4";"4;3;3;4;4;4;3;3";2.002;1.631;3;4;1;0;0;4;4;5;5;non-perovskite (B not octahedral);2.0;4.0;False;0.8995969605095522;0.28571428571428575;VIII
mp-1181557;CuGeO3;0.3838543590000025;15.568749930553777;Pmma;True;True;;Ge;Cu;neither octahedral: lower CN;"4;4";"2;2";1.789;1.785;2;2;0;0;0;4;4;2;2;non-perovskite (B not octahedral);4.0;2.0;False;0.6407117782582331;0.5214285714285715;VI
mp-1181635;FeBiO3;2.103003105000001;22.012967803930916;P4/mmm;True;True;;Bi;Fe;neither octahedral: lower CN;4;0;2.233;;0;0;0;0;0;4;4;2;2;non-perovskite (B not octahedral);3.0;2.0;False;0.8336075356190032;0.5571428571428572;VIII
mp-1181636;CuGeO3;0.0874170930000026;12.366052362909777;Pmna;True;True;;Cu;Ge;neither octahedral: shorter M-O;"4;4;4;4";"4;4;4;4";1.96;1.785;4;4;2;0;0;4;4;8;8;non-perovskite (B not octahedral);2.0;4.0;False;0.780382095299143;0.3785714285714286;VI
mp-1181670;FeBiO3;1.6980956450000004;51.78814859665492;Cc;True;True;;Fe;Bi;neither octahedral: lower CN;"2;2";"0;0";1.818;;0;0;0;0;0;2;2;3;3;non-perovskite (B not octahedral);3.0;1.0;False;;;
mp-1181816;MnSnO3;0.1540899120000016;17.768584537215784;P-1;True;True;;Mn;Sn;neither octahedral: shorter M-O;"5;5";"5;5";2.167;2.076;5;5;0;2;0;5;5;5;6;non-perovskite (B not octahedral);2.0;4.0;False;0.7984555041149531;0.4928571428571428;VIII
mp-1181856;FeBiO3;0.4156844290000006;21.838776383156645;Cm;True;True;;Bi;Fe;neither octahedral: shorter M-O;3;3;2.126;1.831;3;3;0;0;0;3;3;4;4;non-perovskite (B not octahedral);3.0;3.0;False;0.88863786193126;0.46071428571428574;VIII
mp-1181854;HfPbO3;0.2778951813125019;15.377018418871272;Pbam;True;True;;Hf;Pb;neither octahedral: lower CN;"5;5;5;5;5;5;5;5";"5;5;5;5;2;2;2;2";2.066;2.46;2;5;0;2;0;5;5;8;8;non-perovskite (B not octahedral);4.0;2.0;False;0.6088216687436296;0.85;VIII
mp-1181841;CrBiO3;1.9469446960000016;45.50453581219345;Cc;True;True;;Cr;Bi;neither octahedral: lower CN;"2;2";"0;0";1.831;;0;0;0;0;0;2;2;6;6;non-perovskite (B not octahedral);3.0;1.0;False;;;
mp-1181917;CaRhO3;0.0250264845000005;11.31536815054884;Pnma;False;True;;Ca;Rh;only octahedral cation;"8;8;8;8";"6;6;6;6";2.451;2.005;6;6;6;0;0;8;8;8;8;perovskite;2.0;4.0;False;0.9687362902255701;0.4285714285714286;XII
mp-1181886;CaSiO3;0.2437465523333344;9.401882715736742;Im-3;True;True;;Ca;Si;only octahedral cation;"12;12;12;12";"6;6;6;6";2.553;1.808;6;6;6;0;0;12;12;8;8;perovskite;2.0;4.0;False;1.0763736558061892;0.28571428571428575;XII
mp-1181984;CoCO3;0.4215014769999987;23.914484629654737;C2/c;True;True;;Co;C;neither octahedral: shorter M-O;"2;2";"2;2";1.765;1.175;2;2;0;0;0;2;2;6;6;non-perovskite (B not octahedral);2.0;4.0;False;1.0425292286724739;0.1142857142857143;VIII
mp-1182197;NdMnO3;3.9710545235;201.57091476420996;P2_1/c;True;True;;Nd;Mn;neither octahedral: lower CN;"1;1;1;1";"0;0;0;0";1.871;;0;0;0;0;0;1;1;0;0;non-perovskite (B not octahedral);2.0;2.0;False;0.8719926673825137;0.5928571428571429;IX
mp-1182237;BaClO3;0.4947811645;20.222125466266043;P2_1/m;True;False;Valences cannot be assigned!;Ba;Cl;neither octahedral: lower CN;"8;8";"1;1";2.826;1.718;1;1;0;0;0;8;8;4;4;non-perovskite (B not octahedral);;;;;;
mp-1182302;MgSiO3;0.294665399916667;12.477527148995144;P2_1/c;True;True;;Mg;Si;neither octahedral: lower CN;"5;5;5;5;5;5;5;5";"4;4;4;4;4;4;4;4";2.098;1.665;4;4;2;0;0;5;5;2;3;non-perovskite (B not octahedral);2.0;4.0;False;0.8995969605095522;0.28571428571428575;VIII
mp-1182285;BaBiO3;0.6431988129999988;20.77249421635248;P1;True;True;;Ba;Bi;neither octahedral: lower CN;"8;7";"3;3";2.818;2.305;3;3;1;0;0;7;7;4;4;non-perovskite (B not octahedral);2.0;3.0;False;0.8758812392475341;0.7357142857142858;XII
mp-1182337;BaClO3;0.5291861554999997;20.37195576475909;P1;True;False;Valences cannot be assigned!;Ba;Cl;neither octahedral: lower CN;"6;4";"1;0";2.75;1.671;0;1;0;0;0;6;4;4;5;non-perovskite (B not octahedral);;;;;;
mp-1182592;LaAlO3;2.905245963000004;25.014345715165994;P6/mmm;True;True;;Al;La;only octahedral cation;0;6;;2.376;6;6;6;0;0;6;0;2;2;non-perovskite (corner-sharing, A outside cavity);3.0;3.0;False;0.56260346282729;0.7371428571428572;VI
mp-1182642;CdSnO3;0.079610972000002;15.581331424913833;P2_1/m;True;True;;Cd;Sn;only octahedral cation;"5;5";"6;6";2.277;2.129;6;6;0;4;0;5;5;5;6;non-perovskite (edge-sharing BO6);2.0;4.0;False;0.916870515318442;0.4928571428571428;XII
mp-1182670;CaSnO3;1.086876601500007;17.327347287152;P-1;True;True;;Ca;Sn;neither octahedral: lower CN;"5;5";"4;4";2.338;2.24;4;4;2;2;0;6;5;3;3;non-perovskite (B not octahedral);2.0;2.0;False;;;
mp-1182718;FeBiO3;3.413610901000001;283.2201859475577;Cc;True;True;;Bi;Fe;neither octahedral: lower CN;"1;1";"0;0";1.942;;0;0;0;0;0;1;1;0;0;non-perovskite (B not octahedral);2.0;2.0;False;;;
mp-1182811;BaTbO3;0.1061769987500005;17.63501887526242;P-1;True;True;;Ba;Tb;only octahedral cation;"7;7";"6;6";2.83;2.29;6;6;6;0;0;7;7;8;8;perovskite;2.0;4.0;False;0.9853663941534758;0.5428571428571429;XII
mp-1183043;ZrSiO3;1.072800042249998;9.833519447214965;Pm-3m;True;True;;Zr;Si;only octahedral cation;12;6;2.59;1.832;6;6;6;0;0;12;12;8;8;perovskite;2.0;4.0;False;;;
mp-1183044;ZrTlO3;0.23488012733333;14.951848670189316;Pm-3m;True;False;Valences cannot be assigned!;Tl;Zr;only octahedral cation;0;6;;2.106;6;6;6;0;0;12;0;8;8;perovskite;;;;;;
mp-1183045;ZrTiO3;0.7219286570000047;11.49443835622483;Pm-3m;True;True;;Zr;Ti;only octahedral cation;12;6;2.729;1.93;6;6;6;0;0;12;12;8;8;perovskite;3.0;3.0;False;;;
mp-1183052;AcBO3;0.7924727446666662;10.30962528157212;Pm-3m;True;False;Structure contains elements not in set of BV parameters: {Element Ac};Ac;B;only octahedral cation;12;6;2.632;1.861;6;6;6;0;0;12;12;8;8;perovskite;;;;;;
mp-1183053;AcGaO3;0.0;12.291015658661474;Pm-3m;True;False;Structure contains elements not in set of BV parameters: {Element Ac};Ac;Ga;only octahedral cation;12;6;2.79;1.973;6;6;6;0;0;12;12;8;8;perovskite;;;;;;
mp-1183115;AcAlO3;0.0;11.49028264753796;Pm-3m;True;False;Structure contains elements not in set of BV parameters: {Element Ac};Ac;Al;only octahedral cation;12;6;2.728;1.929;6;6;6;0;0;12;12;8;8;perovskite;;;;;;
mp-1183133;AlIrO3;1.0799252317499946;9.83846458501102;Pm-3m;True;True;;Ir;Al;only octahedral cation;12;6;2.591;1.832;6;6;6;0;0;12;12;8;8;perovskite;3.0;3.0;False;0.7600941110429037;0.3821428571428572;VI
mp-1183128;AlVO3;0.7093364996249978;9.649644466358858;Pm-3m;True;False;Valences cannot be assigned!;V;Al;only octahedral cation;12;6;2.574;1.82;6;6;6;0;0;12;12;8;8;perovskite;;;;;;
mp-1183132;AlSiO3;1.0382708893333277;9.016137974486671;Pm-3m;True;False;Valences cannot be assigned!;Al;Si;only octahedral cation;12;6;2.517;1.78;6;6;6;0;0;12;12;8;8;perovskite;;;;;;
mp-1183139;AcNiO3;0.0;11.671643559918229;Pm-3m;True;False;Structure contains elements not in set of BV parameters: {Element Ac};Ac;Ni;only octahedral cation;12;6;2.743;1.939;6;6;6;0;0;12;12;8;8;perovskite;;;;;;
mp-1183134;AlSbO3;0.3195995260000046;10.58031434069267;Pm-3m;True;True;;Sb;Al;only octahedral cation;12;6;2.654;1.877;6;6;6;0;0;12;12;8;8;perovskite;3.0;3.0;False;0.7893284999291692;0.3821428571428572;VI
mp-1183145;AcPdO3;0.0081020409999998;13.337334747832958;Pm-3m;True;False;Structure contains elements not in set of BV parameters: {Element Ac};Ac;Pd;only octahedral cation;12;6;2.867;2.028;6;6;6;0;0;12;12;8;8;perovskite;;;;;;
mp-1183159;AlAuO3;0.5417413084999989;10.642760995908928;Pm-3m;True;False;Structure contains elements not in set of BV parameters: {Element Au};Au;Al;only octahedral cation;12;6;2.66;1.881;6;6;6;0;0;12;12;8;8;perovskite;;;;;;
mp-1183152;AcScO3;0.024140034874998;14.038360261487124;Pm-3m;True;False;Structure contains elements not in set of BV parameters: {Element Ac};Ac;Sc;only octahedral cation;12;6;2.917;2.063;6;6;6;0;0;12;12;8;8;perovskite;;;;;;
mp-1183168;AcVO3;0.0;12.494262662832552;Pm-3m;True;False;Structure contains elements not in set of BV parameters: {Element Ac};Ac;V;only octahedral cation;12;6;2.806;1.984;6;6;6;0;0;12;12;8;8;perovskite;;;;;;
mp-1183169;AlAgO3;0.2855973353333327;10.555551127981271;Pm-3m;True;False;Valences cannot be assigned!;Ag;Al;only octahedral cation;12;6;2.652;1.876;6;6;6;0;0;12;12;8;8;perovskite;;;;;;
mp-1183160;AlInO3;0.4678045475000001;10.251652288736771;Pm-3m;True;True;;In;Al;only octahedral cation;12;6;2.627;1.857;6;6;6;0;0;12;12;8;8;perovskite;3.0;3.0;False;0.8477972777017002;0.3821428571428572;VIII
mp-1183154;AlPbO3;0.2242239195000079;11.27585354296228;Pm-3m;True;False;Valences cannot be assigned!;Pb;Al;only octahedral cation;12;6;2.711;1.917;6;6;6;0;0;12;12;8;8;perovskite;;;;;;
mp-1183142;AcMgO3;0.0823124864999984;12.956750746451382;Pm-3m;True;False;Structure contains elements not in set of BV parameters: {Element Ac};Ac;Mg;only octahedral cation;12;6;2.84;2.008;6;6;6;0;0;12;12;8;8;perovskite;;;;;;
mp-1183150;AcSiO3;0.4733618662499967;12.51580956744982;Pm-3m;True;False;Structure contains elements not in set of BV parameters: {Element Ac};Ac;Si;only octahedral cation;12;6;2.807;1.985;6;6;6;0;0;12;12;8;8;perovskite;;;;;;
mp-1183176;AlNiO3;0.819704621333333;9.788413388352886;Pm-3m;True;False;Valences cannot be assigned!;Ni;Al;only octahedral cation;12;6;2.586;1.829;6;6;6;0;0;12;12;8;8;perovskite;;;;;;
mp-1183212;BAuO3;1.3272232336666665;8.550547779304791;Pm-3m;True;False;Structure contains elements not in set of BV parameters: {Element Au};Au;B;only octahedral cation;12;6;2.473;1.748;6;6;6;0;0;12;12;8;8;perovskite;;;;;;
mp-1183194;BTeO3;1.2496407245833296;8.894338746885868;Pm-3m;True;False;Valences cannot be assigned!;Te;B;only octahedral cation;12;6;2.505;1.771;6;6;6;0;0;12;12;8;8;perovskite;;;;;;
mp-1183211;BSbO3;1.014313077166669;8.72808378898688;Pm-3m;True;True;;Sb;B;only octahedral cation;12;6;2.49;1.76;6;6;6;0;0;12;12;8;8;perovskite;3.0;3.0;False;0.914581225965834;0.1928571428571429;VI
mp-1183221;BIrO3;1.6729221789166626;7.969932808789982;Pm-3m;True;True;;Ir;B;only octahedral cation;12;6;2.415;1.708;6;6;6;0;0;12;12;8;8;perovskite;3.0;3.0;False;0.8807078472263586;0.1928571428571429;VI
mp-1183242;BPdO3;1.2187017236666664;8.061590577195943;Pm-3m;True;True;;Pd;B;only octahedral cation;12;6;2.424;1.714;6;6;6;0;0;12;12;8;8;perovskite;3.0;3.0;False;0.914581225965834;0.1928571428571429;VI
mp-1183287;BaAuO3;0.1983195949999974;14.941554580184205;Pm-3m;True;False;Structure contains elements not in set of BV parameters: {Element Au};Ba;Au;only octahedral cation;12;6;2.978;2.106;6;6;6;0;0;12;12;8;8;perovskite;;;;;;
mp-1183290;BaPtO3;0.099315742266679;14.1728908583186;Pm-3m;True;False;Structure contains elements not in set of BV parameters: {Element Pt};Ba;Pt;only octahedral cation;12;6;2.926;2.069;6;6;6;0;0;12;12;8;8;perovskite;;;;;;
mp-1183282;BaBeO3;0.5173108549999981;11.809892440380157;Pm-3m;True;False;Valences cannot be assigned!;Ba;Be;only octahedral cation;12;6;2.754;1.947;6;6;6;0;0;12;12;8;8;perovskite;;;;;;
mp-1183292;BaCdO3;0.2028810380000001;15.93098383752599;Pm-3m;True;False;Valences cannot be assigned!;Ba;Cd;only octahedral cation;12;6;3.042;2.151;6;6;6;0;0;12;12;8;8;perovskite;;;;;;
mp-1183291;BaErO3;0.0867026415000022;16.984210492406792;Pm-3m;True;False;Valences cannot be assigned!;Ba;Er;only octahedral cation;12;6;3.108;2.198;6;6;6;0;0;12;12;8;8;perovskite;;;;;;
mp-1183283;BaAlO3;0.1693612007499991;12.390240727621656;Pm-3m;True;False;Valences cannot be assigned!;Ba;Al;only octahedral cation;12;6;2.798;1.978;6;6;6;0;0;12;12;8;8;perovskite;;;;;;
mp-1183284;BaLiO3;0.3086951150000026;13.651513012737292;Pm-3m;True;True;;Ba;Li;only octahedral cation;12;6;2.89;2.043;6;6;6;0;0;12;12;8;8;perovskite;2.0;1.0;False;0.9853663941534758;0.5428571428571429;XII
mp-1183277;BPtO3;1.5070407601666729;8.192916143505851;Pm-3m;True;False;Structure contains elements not in set of BV parameters: {Element Pt};Pt;B;only octahedral cation;12;6;2.438;1.724;6;6;6;0;0;12;12;8;8;perovskite;;;;;;
mp-1183288;BaInO3;0.0772048647500058;15.744329754361772;Pm-3m;True;False;Valences cannot be assigned!;Ba;In;only octahedral cation;12;6;3.031;2.143;6;6;6;0;0;12;12;8;8;perovskite;;;;;;
mp-1183289;BaScO3;0.0267010691666715;15.027052265334826;Pm-3m;True;False;Valences cannot be assigned!;Ba;Sc;only octahedral cation;12;6;2.984;2.11;6;6;6;0;0;12;12;8;8;perovskite;;;;;;
mp-1183285;BaCaO3;0.3445310539999981;17.796183771738374;Pm-3m;True;False;Valences cannot be assigned!;Ba;Ca;only octahedral cation;12;6;3.157;2.232;6;6;6;0;0;12;12;8;8;perovskite;;;;;;
mp-1183298;BaReO3;0.1363621645000083;13.431538004794891;Pm-3m;True;True;;Ba;Re;only octahedral cation;12;6;2.874;2.032;6;6;6;0;0;12;12;8;8;perovskite;2.0;4.0;False;1.048468675552467;0.45;XII
mp-1183286;BaDyO3;0.1087208710000009;17.36575744087817;Pm-3m;True;False;Valences cannot be assigned!;Ba;Dy;only octahedral cation;12;6;3.131;2.214;6;6;6;0;0;12;12;8;8;perovskite;;;;;;
mp-1183310;BaEuO3;0.165083611;17.473500282778964;Pm-3m;True;False;Valences cannot be assigned!;Ba;Eu;only octahedral cation;12;6;3.138;2.219;6;6;6;0;0;12;12;8;8;perovskite;;;;;;
mp-1183394;BaTmO3;0.0726076640833337;16.738023016080554;Pm-3m;True;False;Valences cannot be assigned!;Ba;Tm;only octahedral cation;12;6;3.093;2.187;6;6;6;0;0;12;12;8;8;perovskite;;;;;;
mp-1183395;BaWO3;0.158416016499995;14.443536493631845;Pm-3m;True;True;;Ba;W;only octahedral cation;12;6;2.945;2.082;6;6;6;0;0;12;12;8;8;perovskite;2.0;4.0;False;1.0331997142580136;0.4714285714285715;XII
mp-1183393;BaTlO3;0.1192370462500038;16.465322699854873;Pm-3m;True;False;Valences cannot be assigned!;Ba;Tl;only octahedral cation;12;6;3.076;2.175;6;6;6;0;0;12;12;8;8;perovskite;;;;;;
mp-1183426;BeCuO3;0.8448208941250002;8.2975205420413;Pm-3m;True;True;;Cu;Be;only octahedral cation;12;6;2.448;1.731;6;6;6;0;0;12;12;8;8;perovskite;1.0;2.0;False;0.8294171433377341;0.32142857142857145;VI
mp-1183418;BeCdO3;0.5162081479999987;9.449573438500291;Pm-3m;True;False;Valences cannot be assigned!;Cd;Be;only octahedral cation;12;6;2.556;1.808;6;6;6;0;0;12;12;8;8;perovskite;;;;;;
mp-1183403;BeBiO3;0.4854616089999997;9.91690540177274;Pm-3m;True;False;Valences cannot be assigned!;Bi;Be;only octahedral cation;12;6;2.598;1.837;6;6;6;0;0;12;12;8;8;perovskite;;;;;;
mp-1183406;BaYbO3;0.1355847114166657;16.23115901363125;Pm-3m;True;False;Valences cannot be assigned!;Ba;Yb;only octahedral cation;12;6;3.061;2.165;6;6;6;0;0;12;12;8;8;perovskite;;;;;;
mp-1183417;BeAgO3;0.6506316833333319;9.08756021809;Pm-3m;True;True;;Ag;Be;only octahedral cation;12;6;2.523;1.784;6;6;6;0;0;12;12;8;8;perovskite;1.0;2.0;False;1.0243492830161876;0.32142857142857145;VIII
mp-1183431;BeOsO3;1.3010016449999986;8.12364459058831;Pm-3m;True;False;Structure contains elements not in set of BV parameters: {Element Os};Os;Be;only octahedral cation;12;6;2.431;1.719;6;6;6;0;0;12;12;8;8;perovskite;;;;;;
mp-1183422;BeBO3;1.6395714481666666;6.959828590321759;Pm-3m;True;False;Valences cannot be assigned!;Be;B;only octahedral cation;12;6;2.309;1.632;6;6;6;0;0;12;12;8;8;perovskite;;;;;;
mp-1183414;BeAuO3;0.8419790584999998;9.107392914313085;Pm-3m;True;False;Structure contains elements not in set of BV parameters: {Element Au};Au;Be;only octahedral cation;12;6;2.525;1.785;6;6;6;0;0;12;12;8;8;perovskite;;;;;;
mp-1183405;BaZnO3;0.1742941280000005;13.935637781550389;Pm-3m;True;False;Valences cannot be assigned!;Ba;Zn;only octahedral cation;12;6;2.91;2.057;6;6;6;0;0;12;12;8;8;perovskite;;;;;;
mp-1183397;CoBO3;1.2267173507222235;7.551050476319896;Pm-3m;True;True;;Co;B;only octahedral cation;12;6;2.372;1.677;6;6;6;0;0;12;12;8;8;perovskite;3.0;3.0;False;0.8510686408293177;0.1928571428571429;VI
mp-1183413;BeHgO3;0.6030980154999988;9.778349755984134;Pm-3m;True;True;;Hg;Be;only octahedral cation;12;6;2.586;1.828;6;6;6;0;0;12;12;8;8;perovskite;1.0;2.0;False;0.9899494936611665;0.32142857142857145;VI
mp-1183436;BeInO3;0.7103746075000004;8.997341137630647;Pm-3m;True;True;;In;Be;only octahedral cation;12;6;2.515;1.778;6;6;6;0;0;12;12;8;8;perovskite;1.0;2.0;False;;;
mp-1183415;BeGeO3;1.34696337;8.61097699769975;Pm-3m;True;False;Valences cannot be assigned!;Ge;Be;only octahedral cation;12;6;2.478;1.752;6;6;6;0;0;12;12;8;8;perovskite;;;;;;
mp-1183449;BeVO3;1.0445933650000023;8.063290617875406;Pm-3m;True;False;Valences cannot be assigned!;V;Be;only octahedral cation;12;6;2.425;1.714;6;6;6;0;0;12;12;8;8;perovskite;;;;;;
mp-1183447;BePdO3;0.8275869360000003;8.563619887998767;Pm-3m;True;True;;Pd;Be;only octahedral cation;12;6;2.474;1.749;6;6;6;0;0;12;12;8;8;perovskite;4.0;2.0;False;0.770173061670753;0.32142857142857145;VI
mp-1183443;BeSbO3;0.818877772750005;9.156340653210728;Pm-3m;True;False;Valences cannot be assigned!;Sb;Be;only octahedral cation;12;6;2.53;1.789;6;6;6;0;0;12;12;8;8;perovskite;;;;;;
mp-1183476;BeReO3;1.3711346221666645;8.244266449491365;Pm-3m;True;True;;Re;Be;only octahedral cation;12;6;2.443;1.727;6;6;6;0;0;12;12;8;8;perovskite;4.0;2.0;False;0.7759063598965898;0.32142857142857145;VI
mp-1183451;BePtO3;1.081286179;8.594749893243854;Pm-3m;True;False;Structure contains elements not in set of BV parameters: {Element Pt};Pt;Be;only octahedral cation;12;6;2.477;1.751;6;6;6;0;0;12;12;8;8;perovskite;;;;;;
mp-1183445;BeSiO3;1.245697571;8.409873223027775;Pm-3m;True;True;;Be;Si;only octahedral cation;0;6;;1.739;6;6;6;0;0;12;0;8;8;perovskite;2.0;4.0;False;0.7267486362195071;0.28571428571428575;VI
mp-1183469;BiPtO3;0.5484297291250009;13.490856651281934;Pm-3m;True;False;Structure contains elements not in set of BV parameters: {Element Pt};Bi;Pt;only octahedral cation;12;6;2.878;2.035;6;6;6;0;0;12;12;8;8;perovskite;;;;;;
mp-1183499;BePbO3;0.6288552020000004;9.74567058079729;Pm-3m;True;False;Valences cannot be assigned!;Pb;Be;only octahedral cation;12;6;2.583;1.826;6;6;6;0;0;12;12;8;8;perovskite;;;;;;
mp-1183479;BiMoO3;0.3539295950000012;13.95267243780437;Pm-3m;True;True;;Bi;Mo;only octahedral cation;12;6;2.911;2.058;6;6;6;0;0;12;12;8;8;perovskite;2.0;4.0;False;;;
mp-1183532;CaMgO3;0.3106700679999976;12.280888931067157;Pm-3m;True;False;Valences cannot be assigned!;Ca;Mg;only octahedral cation;12;6;2.79;1.973;6;6;6;0;0;12;12;8;8;perovskite;;;;;;
mp-1183540;CaZnO3;0.2381676579999974;11.651755749686329;Pm-3m;True;False;Valences cannot be assigned!;Ca;Zn;only octahedral cation;12;6;2.741;1.938;6;6;6;0;0;12;12;8;8;perovskite;;;;;;
mp-1183544;CaYO3;0.4779890828749984;16.412069601075594;Pm-3m;True;False;Valences cannot be assigned!;Ca;Y;only octahedral cation;12;6;3.073;2.173;6;6;6;0;0;12;12;8;8;perovskite;;;;;;
mp-1183538;CaTmO3;0.4014559552499985;15.593968958460618;Pm-3m;True;False;Valences cannot be assigned!;Ca;Tm;only octahedral cation;12;6;3.021;2.136;6;6;6;0;0;12;12;8;8;perovskite;;;;;;
mp-1183539;CaHoO3;0.4413417948750009;16.02740419757663;Pm-3m;True;False;Valences cannot be assigned!;Ca;Ho;only octahedral cation;12;6;3.049;2.156;6;6;6;0;0;12;12;8;8;perovskite;;;;;;
mp-1183543;CaInO3;0.3578972494999979;14.426925894194524;Pm-3m;True;False;Valences cannot be assigned!;Ca;In;only octahedral cation;12;6;2.944;2.081;6;6;6;0;0;12;12;8;8;perovskite;;;;;;
mp-1183534;CaScO3;0.2404754344999977;13.630949883327292;Pm-3m;True;False;Valences cannot be assigned!;Ca;Sc;only octahedral cation;12;6;2.888;2.042;6;6;6;0;0;12;12;8;8;perovskite;;;;;;
mp-1183562;CaLaO3;0.5936756482499996;18.28248122581631;Pm-3m;True;False;Valences cannot be assigned!;Ca;La;only octahedral cation;12;6;3.185;2.252;6;6;6;0;0;12;12;8;8;perovskite;;;;;;
mp-1183570;CaHgO3;0.4624109469999995;14.720029371258338;Pm-3m;True;False;Valences cannot be assigned!;Ca;Hg;only octahedral cation;12;6;2.963;2.095;6;6;6;0;0;12;12;8;8;perovskite;;;;;;
mp-1183631;CdBO3;1.0243611479500014;8.587655570885564;Pm-3m;True;True;;Cd;B;only octahedral cation;12;6;2.476;1.751;6;6;6;0;0;12;12;8;8;perovskite;2.0;1.0;False;;;
mp-1183681;CoSbO3;0.5800262838749992;10.67189481866718;Pm-3m;True;True;;Sb;Co;only octahedral cation;12;6;2.662;1.882;6;6;6;0;0;12;12;8;8;perovskite;3.0;3.0;False;0.7598759439616631;0.4357142857142857;VI
mp-1183685;CeBeO3;0.4189068969999994;9.334676303605304;Pm-3m;True;True;;Ce;Be;only octahedral cation;12;6;2.546;1.8;6;6;6;0;0;12;12;8;8;perovskite;4.0;2.0;False;0.9708384995750435;0.32142857142857145;XII
mp-1183696;CrCuO3;0.585032038625001;10.120557598152526;Pm-3m;True;True;;Cu;Cr;only octahedral cation;12;6;2.615;1.849;6;6;6;0;0;12;12;8;8;perovskite;1.0;5.0;False;0.8118633413623323;0.35000000000000003;VI
mp-1183706;CeMnO3;0.3773042240000066;12.074310395180706;Pm-3m;True;True;;Ce;Mn;only octahedral cation;12;6;2.774;1.961;6;6;6;0;0;12;12;8;8;perovskite;3.0;3.0;False;0.9474193547438339;0.46071428571428574;XII
mp-1183712;CrGeO3;0.606627580999997;10.490377433475668;Pm-3m;True;True;;Cr;Ge;only octahedral cation;12;6;2.647;1.872;6;6;6;0;0;12;12;8;8;perovskite;2.0;4.0;False;0.8060284552385516;0.3785714285714286;VI
mp-1183715;CoRhO3;0.7968873444999964;11.807581614248978;Pm-3m;True;True;;Co;Rh;only octahedral cation;12;6;2.753;1.947;6;6;6;0;0;12;12;8;8;perovskite;3.0;3.0;False;0.6882734286609978;0.47500000000000003;VI
mp-1183695;CrTcO3;0.6304814391249938;11.796559303327331;Pm-3m;True;False;Structure contains elements not in set of BV parameters: {Element Tc};Cr;Tc;only octahedral cation;12;6;2.752;1.946;6;6;6;0;0;12;12;8;8;perovskite;;;;;;
mp-1183719;CrRhO3;0.9724235252499956;12.01902087985854;Pm-3m;True;True;;Cr;Rh;only octahedral cation;12;6;2.77;1.958;6;6;6;0;0;12;12;8;8;perovskite;2.0;4.0;False;0.7778174593052023;0.4285714285714286;VI
mp-1183692;CoSnO3;0.6837517235000021;10.485342242032818;Pm-3m;True;True;;Sn;Co;only octahedral cation;12;6;2.646;1.871;6;6;6;0;0;12;12;8;8;perovskite;2.0;4.0;False;;;
mp-1183686;CoAuO3;0.6235079452142855;10.96570364207407;Pm-3m;True;False;Structure contains elements not in set of BV parameters: {Element Au};Au;Co;only octahedral cation;12;6;2.686;1.899;6;6;6;0;0;12;12;8;8;perovskite;;;;;;
mp-1183701;CeTaO3;0.3513243196060625;13.33217592040334;Pm-3m;True;True;;Ce;Ta;only octahedral cation;12;6;2.867;2.027;6;6;6;0;0;12;12;8;8;perovskite;3.0;3.0;False;0.9139021605901604;0.5142857142857143;XII
mp-1183759;CePuO3;0.5552826066071379;16.63686094071961;Pm-3m;True;False;Structure contains elements not in set of BV parameters: {Element Pu};Ce;Pu;only octahedral cation;12;6;3.087;2.183;6;6;6;0;0;12;12;8;8;perovskite;;;;;;
mp-1183771;DyCuO3;0.2257662182499995;10.76348052350376;Pm-3m;True;True;;Dy;Cu;only octahedral cation;12;6;2.67;1.888;6;6;6;0;0;12;12;8;8;perovskite;3.0;3.0;False;0.9050237823124727;0.3857142857142858;IX
mp-1183790;DyPaO3;0.991303252800007;15.990562200655848;Pm-3m;True;False;Structure contains elements not in set of BV parameters: {Element Pa};Pa;Dy;only octahedral cation;12;6;3.046;2.154;6;6;6;0;0;12;12;8;8;perovskite;;;;;;
mp-1183772;CoMoO3;0.6738278065000021;12.6432046218112;Pm-3m;True;True;;Co;Mo;only octahedral cation;12;6;2.817;1.992;6;6;6;0;0;12;12;8;8;perovskite;3.0;3.0;False;0.6800404929114643;0.4928571428571428;VI
mp-1183823;DyInO3;0.6987631929999996;14.00458339272075;Pm-3m;True;False;Valences cannot be assigned!;Dy;In;only octahedral cation;12;6;2.915;2.061;6;6;6;0;0;12;12;8;8;perovskite;;;;;;
mp-1183821;DyRhO3;0.5694803329999978;12.235829098175232;Pm-3m;True;True;;Dy;Rh;only octahedral cation;12;6;2.786;1.97;6;6;6;0;0;12;12;8;8;perovskite;2.0;4.0;False;0.9157032816365789;0.4285714285714286;VIII
mp-1183878;EuCdO3;0.5853518035;14.43280107422946;Pm-3m;True;False;Valences cannot be assigned!;Eu;Cd;only octahedral cation;12;6;2.944;2.082;6;6;6;0;0;12;12;8;8;perovskite;;;;;;
mp-1183911;CsAsO3;0.7626517824999945;13.53945365113771;Pm-3m;True;False;Valences cannot be assigned!;Cs;As;only octahedral cation;12;6;2.882;2.038;6;6;6;0;0;12;12;8;8;perovskite;;;;;;
mp-1183914;CsOsO3;0.2410426829999981;13.33778948193214;Pm-3m;True;False;Structure contains elements not in set of BV parameters: {Element Os};Cs;Os;only octahedral cation;12;6;2.867;2.028;6;6;6;0;0;12;12;8;8;perovskite;;;;;;
mp-1183905;EuErO3;0.6107685629999988;15.941949707469735;Pm-3m;True;True;;Eu;Er;only octahedral cation;12;6;3.043;2.152;6;6;6;0;0;12;12;8;8;perovskite;3.0;3.0;False;0.7781262395589955;0.6357142857142858;IX
mp-1183913;CsPdO3;0.238677719;14.814477939297864;Pm-3m;True;True;;Cs;Pd;only octahedral cation;12;6;2.97;2.1;6;6;6;0;0;12;12;8;8;perovskite;1.0;2.0;False;1.026243470040653;0.6142857142857143;XII
mp-1183925;CsCdO3;0.4541328250000003;18.727937560946987;Pm-3m;True;True;;Cs;Cd;only octahedral cation;12;6;3.211;2.271;6;6;6;0;0;12;12;8;8;perovskite;1.0;2.0;False;0.9869405286348408;0.6785714285714286;XII
mp-1183929;CsNaO3;0.8600107296666688;17.604568429790127;Pm-3m;True;False;Valences cannot be assigned!;Na;Cs;only octahedral cation;0;6;;2.224;6;6;6;0;0;12;0;8;8;perovskite;;;;;;
mp-1183917;CsMoO3;0.3737824352499981;14.120544064342818;Pm-3m;True;False;Valences cannot be assigned!;Cs;Mo;only octahedral cation;12;6;2.923;2.067;6;6;6;0;0;12;12;8;8;perovskite;;;;;;
mp-1183920;CsPaO3;0.0;17.386038039545305;Pm-3m;True;False;Structure contains elements not in set of BV parameters: {Element Pa};Cs;Pa;only octahedral cation;12;6;3.132;2.215;6;6;6;0;0;12;12;8;8;perovskite;;;;;;
mp-1183919;CsPrO3;0.2909243123749974;21.50137408710697;Pm-3m;True;True;;Cs;Pr;only octahedral cation;12;6;3.362;2.377;6;6;6;0;0;12;12;8;8;perovskite;1.0;2.0;False;;;
mp-1183918;CsLaO3;0.261247900749999;21.642915998239417;Pm-3m;True;True;;Cs;La;only octahedral cation;12;6;3.37;2.383;6;6;6;0;0;12;12;8;8;perovskite;1.0;2.0;False;;;
mp-1183922;CsNdO3;0.2913594672499968;20.9983978257724;Pm-3m;True;True;;Cs;Nd;only octahedral cation;12;6;3.336;2.359;6;6;6;0;0;12;12;8;8;perovskite;1.0;2.0;False;;;
mp-1183933;CsNpO3;0.0890512840000088;16.932978714559002;Pm-3m;True;False;Structure contains elements not in set of BV parameters: {Element Np};Cs;Np;only octahedral cation;12;6;3.105;2.196;6;6;6;0;0;12;12;8;8;perovskite;;;;;;
mp-1183923;CsAcO3;0.230017306499997;23.104202572986388;Pm-3m;True;False;Structure contains elements not in set of BV parameters: {Element Ac};Cs;Ac;only octahedral cation;12;6;3.444;2.435;6;6;6;0;0;12;12;8;8;perovskite;;;;;;
mp-1183926;CsRbO3;0.6835482850000014;18.960856403252173;Pm-3m;True;False;Valences cannot be assigned!;Rb;Cs;only octahedral cation;12;6;3.224;2.28;6;6;6;0;0;12;12;8;8;perovskite;;;;;;
mp-1183934;CsBaO3;0.4837627900000001;25.46509473030207;Pm-3m;True;True;;Cs;Ba;only octahedral cation;12;6;3.557;2.515;6;6;6;0;0;12;12;8;8;perovskite;1.0;2.0;False;0.8433855426515912;0.9642857142857144;XII
mp-1183971;CsRuO3;0.378263059;13.48801332657744;Pm-3m;True;True;;Cs;Ru;only octahedral cation;12;6;2.878;2.035;6;6;6;0;0;12;12;8;8;perovskite;1.0;5.0;False;1.1803105558737281;0.4035714285714286;XII
mp-1183980;GaGeO3;0.7033704434999972;10.581066882450353;Pm-3m;True;False;Valences cannot be assigned!;Ga;Ge;only octahedral cation;12;6;2.655;1.877;6;6;6;0;0;12;12;8;8;perovskite;;;;;;
mp-1183977;CsTiO3;0.3556587360000058;13.854730320570976;Pm-3m;True;False;Valences cannot be assigned!;Cs;Ti;only octahedral cation;12;6;2.904;2.053;6;6;6;0;0;12;12;8;8;perovskite;;;;;;
mp-1183976;CsTeO3;0.3024103986111131;15.461591872175102;Pm-3m;True;True;;Cs;Te;only octahedral cation;12;6;3.012;2.13;6;6;6;0;0;12;12;8;8;perovskite;1.0;5.0;False;;;
mp-1183972;CsSrO3;0.4546899330000018;23.95941108657994;Pm-3m;True;True;;Cs;Sr;only octahedral cation;12;6;3.486;2.465;6;6;6;0;0;12;12;8;8;perovskite;1.0;2.0;False;0.8989574582526649;0.8428571428571429;XII
mp-1183983;GaNiO3;1.0007033243333314;9.89685189318132;Pm-3m;True;True;;Ga;Ni;only octahedral cation;12;6;2.596;1.836;6;6;6;0;0;12;12;8;8;perovskite;3.0;3.0;False;0.714177848998413;0.4285714285714286;VI
mp-1183997;CsThO3;0.1465335619999992;19.155716678478672;Pm-3m;True;False;Valences cannot be assigned!;Cs;Th;only octahedral cation;12;6;3.235;2.288;6;6;6;0;0;12;12;8;8;perovskite;;;;;;
mp-1184033;GaFeO3;0.9707042124999994;11.07244645716184;Pm-3m;True;False;Valences cannot be assigned!;Ga;Fe;only octahedral cation;0;6;;1.906;6;6;6;0;0;12;0;8;8;perovskite;;;;;;
mp-1184023;GaBO3;1.406577837166667;7.615510809572582;Pm-3m;True;True;;Ga;B;only octahedral cation;12;6;2.379;1.682;6;6;6;0;0;12;12;8;8;perovskite;3.0;3.0;False;0.8553028131717522;0.1928571428571429;VI
mp-1184032;GaFeO3;0.9412599324999996;10.842012849247244;Pm-3m;True;True;;Fe;Ga;only octahedral cation;12;6;2.676;1.892;6;6;6;0;0;12;12;8;8;perovskite;3.0;3.0;False;0.7631152391023135;0.4428571428571429;VIII
mp-1184022;CsSmO3;0.2925660486249981;20.17134010560589;Pm-3m;True;True;;Cs;Sm;only octahedral cation;12;6;3.291;2.327;6;6;6;0;0;12;12;8;8;perovskite;1.0;2.0;False;;;
mp-1184044;CuHgO3;0.3325135826249994;11.251522504220889;Pm-3m;True;True;;Hg;Cu;only octahedral cation;12;6;2.709;1.916;6;6;6;0;0;12;12;8;8;perovskite;1.0;2.0;False;0.8598152879216704;0.5214285714285715;VI
mp-1184051;CuBiO3;0.1720663100625019;11.413840830770882;Pm-3m;True;True;;Bi;Cu;only octahedral cation;12;6;2.722;1.925;6;6;6;0;0;12;12;8;8;perovskite;3.0;3.0;False;0.9367342410564056;0.3857142857142858;VIII
mp-1184073;CuPdO3;0.7189750190000002;10.91483910882218;Pm-3m;True;True;;Pd;Cu;only octahedral cation;12;6;2.682;1.897;6;6;6;0;0;12;12;8;8;perovskite;2.0;1.0;False;0.7364337905445149;0.55;VI
mp-1184042;CuBO3;1.1281130872916671;7.525534275235205;Pm-3m;True;True;;Cu;B;only octahedral cation;12;6;2.369;1.675;6;6;6;0;0;12;12;8;8;perovskite;3.0;3.0;False;0.8214294344322768;0.1928571428571429;VI
mp-1184117;CuPbO3;0.2507031044999994;11.62080102103841;Pm-3m;True;True;;Pb;Cu;only octahedral cation;12;6;2.739;1.937;6;6;6;0;0;12;12;8;8;perovskite;2.0;1.0;False;0.9417228560502867;0.55;XII
mp-1184153;DySnO3;0.8484255742500029;14.176076261741985;Pm-3m;True;True;;Dy;Sn;only octahedral cation;12;6;2.926;2.069;6;6;6;0;0;12;12;8;8;perovskite;2.0;4.0;False;0.8762710829058172;0.4928571428571428;VIII
mp-1184157;ErCuO3;0.2747731997500002;10.680605330769058;Pm-3m;True;True;;Er;Cu;only octahedral cation;12;6;2.663;1.883;6;6;6;0;0;12;12;8;8;perovskite;3.0;3.0;False;0.8973695336501442;0.3857142857142858;IX
mp-1184150;ErAlO3;0.186070174200001;10.09335417903667;Pm-3m;True;True;;Er;Al;only octahedral cation;12;6;2.613;1.848;6;6;6;0;0;12;12;8;8;perovskite;3.0;3.0;False;0.8996883179748215;0.3821428571428572;IX
mp-1184162;ErIrO3;0.8266765342499944;12.446124964454778;Pm-3m;True;True;;Er;Ir;only octahedral cation;12;6;2.802;1.981;6;6;6;0;0;12;12;8;8;perovskite;3.0;3.0;False;0.8369696611929229;0.48571428571428577;IX
mp-1184148;ErBeO3;0.3820230414999992;8.726121774738576;Pm-3m;True;False;Valences cannot be assigned!;Er;Be;only octahedral cation;12;6;2.489;1.76;6;6;6;0;0;12;12;8;8;perovskite;;;;;;
mp-1184164;ErGaO3;0.3826839683000003;10.817801489213434;Pm-3m;True;True;;Er;Ga;only octahedral cation;12;6;2.674;1.891;6;6;6;0;0;12;12;8;8;perovskite;3.0;3.0;False;0.8618301461788513;0.4428571428571429;IX
mp-1184204;ErTaO3;0.7212761986133351;13.02112040627675;Pm-3m;True;True;;Er;Ta;only octahedral cation;12;6;2.845;2.011;6;6;6;0;0;12;12;8;8;perovskite;3.0;3.0;False;0.8211777807930564;0.5142857142857143;IX
mp-1184206;GaSiO3;0.6737551248333338;9.149907535536444;Pm-3m;True;False;Valences cannot be assigned!;Ga;Si;only octahedral cation;12;6;2.529;1.788;6;6;6;0;0;12;12;8;8;perovskite;;;;;;
mp-1184220;GaTeO3;0.6135296924166624;11.746898730372354;Pm-3m;True;False;Valences cannot be assigned!;Te;Ga;only octahedral cation;12;6;2.749;1.944;6;6;6;0;0;12;12;8;8;perovskite;;;;;;
mp-1184215;FeAsO3;0.7807650435000006;10.969739427901178;Pm-3m;True;True;;Fe;As;only octahedral cation;12;6;2.687;1.9;6;6;6;0;0;12;12;8;8;perovskite;3.0;3.0;False;0.778531708579128;0.41428571428571426;VIII
mp-1184207;ErZnO3;0.4598706944999993;11.214405989091686;Pm-3m;True;False;Valences cannot be assigned!;Er;Zn;only octahedral cation;12;6;2.706;1.914;6;6;6;0;0;12;12;8;8;perovskite;;;;;;
mp-1184234;FeAgO3;0.345864825833333;11.523825704242386;Pm-3m;True;True;;Ag;Fe;only octahedral cation;12;6;2.731;1.931;6;6;6;0;0;12;12;8;8;perovskite;1.0;2.0;False;0.8692872355871317;0.5571428571428572;VIII
mp-1184243;GaSnO3;0.5757749151249962;11.6111276788582;Pm-3m;True;True;;Sn;Ga;only octahedral cation;12;6;2.738;1.936;6;6;6;0;0;12;12;8;8;perovskite;3.0;3.0;False;;;
mp-1184219;ErTlO3;0.5838220384999993;17.106591083199998;Pm-3m;True;False;Valences cannot be assigned!;Tl;Er;only octahedral cation;0;6;;2.203;6;6;6;0;0;12;0;8;8;perovskite;;;;;;
mp-1184309;EuLuO3;0.5494520666249976;15.435572118119229;Pm-3m;True;True;;Eu;Lu;only octahedral cation;12;6;3.011;2.129;6;6;6;0;0;12;12;8;8;perovskite;3.0;3.0;False;0.7881066291862449;0.615;IX
mp-1184304;EuInO3;0.5066763509999994;14.725614945526369;Pm-3m;True;True;;Eu;In;only octahedral cation;12;6;2.964;2.096;6;6;6;0;0;12;12;8;8;perovskite;3.0;3.0;False;0.8099586766318634;0.5714285714285715;IX
mp-1184325;EuBeO3;0.398306064499998;9.667523466586958;Pm-3m;True;False;Valences cannot be assigned!;Eu;Be;only octahedral cation;12;6;2.576;1.821;6;6;6;0;0;12;12;8;8;perovskite;;;;;;
mp-1184348;EuPbO3;0.4248101432500046;15.73365299094854;Pm-3m;True;True;;Eu;Pb;only octahedral cation;12;6;3.03;2.142;6;6;6;0;0;12;12;8;8;perovskite;2.0;4.0;False;0.8940430566726463;0.5535714285714286;X
mp-1184349;FeRhO3;1.037876189249996;11.849587371275394;Pm-3m;True;True;;Fe;Rh;only octahedral cation;12;6;2.757;1.949;6;6;6;0;0;12;12;8;8;perovskite;2.0;4.0;False;0.820243866176395;0.4285714285714286;VIII
mp-1184359;EuHgO3;0.571836682999999;15.24857543009044;Pm-3m;True;False;Valences cannot be assigned!;Eu;Hg;only octahedral cation;12;6;2.998;2.12;6;6;6;0;0;12;12;8;8;perovskite;;;;;;
mp-1184353;EuTmO3;0.5840283082499997;15.554875378899606;Pm-3m;True;True;;Eu;Tm;only octahedral cation;12;6;3.018;2.134;6;6;6;0;0;12;12;8;8;perovskite;3.0;3.0;False;0.7815390739430262;0.6285714285714287;IX
mp-1184383;EuAuO3;0.475574181999999;13.880563438412684;Pm-3m;True;False;Structure contains elements not in set of BV parameters: {Element Au};Eu;Au;only octahedral cation;12;6;2.906;2.055;6;6;6;0;0;12;12;8;8;perovskite;;;;;;
mp-1184369;EuPdO3;0.3079723399999992;13.08332592445088;Pm-3m;True;True;;Eu;Pd;only octahedral cation;12;6;2.849;2.015;6;6;6;0;0;12;12;8;8;perovskite;2.0;4.0;False;0.9650340686168764;0.43928571428571433;X
mp-1184400;EuWO3;0.2359478567499913;13.785813822976817;Pm-3m;True;True;;Eu;W;only octahedral cation;12;6;2.899;2.05;6;6;6;0;0;12;12;8;8;perovskite;2.0;4.0;False;0.9439532273121386;0.4714285714285715;X
mp-1184411;EuMoO3;0.1496600012499946;13.786429126151024;Pm-3m;True;True;;Eu;Mo;only octahedral cation;12;6;2.899;2.05;6;6;6;0;0;12;12;8;8;perovskite;2.0;4.0;False;0.9485578772014662;0.46428571428571436;X
mp-1184468;GdBeO3;0.3154374489999991;9.326558497800884;Pm-3m;True;False;Valences cannot be assigned!;Gd;Be;only octahedral cation;12;6;2.545;1.8;6;6;6;0;0;12;12;8;8;perovskite;;;;;;
mp-1184445;EuIrO3;0.3960997172499958;12.900910424682612;Pm-3m;True;True;;Eu;Ir;only octahedral cation;12;6;2.836;2.005;6;6;6;0;0;12;12;8;8;perovskite;2.0;4.0;False;0.9602684682780275;0.44642857142857145;X
mp-1184447;EuTcO3;0.1464484921249962;12.494986531863344;Pm-3m;True;False;Structure contains elements not in set of BV parameters: {Element Tc};Eu;Tc;only octahedral cation;12;6;2.806;1.984;6;6;6;0;0;12;12;8;8;perovskite;;;;;;
mp-1184503;GdRhO3;0.4246224907499947;12.45565327655751;Pm-3m;True;True;;Gd;Rh;only octahedral cation;12;6;2.803;1.982;6;6;6;0;0;12;12;8;8;perovskite;3.0;3.0;False;0.8584584505736922;0.47500000000000003;IX
mp-1184486;GdErO3;0.7349588875000013;15.257369539136912;Pm-3m;True;True;;Gd;Er;only octahedral cation;12;6;2.999;2.121;6;6;6;0;0;12;12;8;8;perovskite;3.0;3.0;False;0.7741120962596831;0.6357142857142858;IX
mp-1184471;GdCdO3;0.6750202639999987;14.175418590974813;Pm-3m;True;False;Valences cannot be assigned!;Gd;Cd;only octahedral cation;12;6;2.926;2.069;6;6;6;0;0;12;12;8;8;perovskite;;;;;;
mp-1184491;GdThO3;0.7811935103333312;19.326993232609595;Pm-3m;True;False;Valences cannot be assigned!;Gd;Th;only octahedral cation;12;6;3.245;2.294;6;6;6;0;0;12;12;8;8;perovskite;;;;;;
mp-1184481;GdCuO3;0.1592712160000022;10.963945873264034;Pm-3m;True;True;;Gd;Cu;only octahedral cation;12;6;2.686;1.899;6;6;6;0;0;12;12;8;8;perovskite;3.0;3.0;False;0.9137714950694197;0.3857142857142858;IX
mp-1184484;GdSiO3;0.6070338796249963;10.381753350294094;Pm-3m;True;True;;Gd;Si;only octahedral cation;12;6;2.638;1.865;6;6;6;0;0;12;12;8;8;perovskite;3.0;3.0;False;;;
mp-1184563;HfBeO3;0.7660095674999994;8.129700754549248;Pm-3m;True;True;;Hf;Be;only octahedral cation;12;6;2.431;1.719;6;6;6;0;0;12;12;8;8;perovskite;4.0;2.0;False;0.8523503362410816;0.32142857142857145;VIII
mp-1184546;HoBO3;0.8710648649999984;8.37687567261188;Pm-3m;True;False;Valences cannot be assigned!;Ho;B;only octahedral cation;12;6;2.456;1.736;6;6;6;0;0;12;12;8;8;perovskite;;;;;;
mp-1184557;GePdO3;0.6740001740000023;10.69670331228745;Pm-3m;True;True;;Pd;Ge;only octahedral cation;12;6;2.664;1.884;6;6;6;0;0;12;12;8;8;perovskite;2.0;4.0;False;0.8280110494723302;0.3785714285714286;VI
mp-1184562;GeBiO3;0.4234269291666601;12.306419815571132;Pm-3m;True;True;;Bi;Ge;only octahedral cation;12;6;2.792;1.974;6;6;6;0;0;12;12;8;8;perovskite;3.0;3.0;False;;;
mp-1184597;HfThO3;0.6684135252499974;13.990531645140416;Pm-3m;True;True;;Th;Hf;only octahedral cation;12;6;2.914;2.06;6;6;6;0;0;12;12;8;8;perovskite;4.0;2.0;False;;;
mp-1184625;HfBO3;1.3355054685000065;8.0360764017225;Pm-3m;True;True;;Hf;B;only octahedral cation;12;6;2.422;1.713;6;6;6;0;0;12;12;8;8;perovskite;4.0;2.0;False;;;
mp-1184610;HoBeO3;0.3660278883750001;9.044622188917648;Pm-3m;True;False;Valences cannot be assigned!;Ho;Be;only octahedral cation;12;6;2.519;1.781;6;6;6;0;0;12;12;8;8;perovskite;;;;;;
mp-1184599;GdZrO3;0.3929369617499993;14.42253874694896;Pm-3m;True;True;;Gd;Zr;only octahedral cation;12;6;2.943;2.081;6;6;6;0;0;12;12;8;8;perovskite;2.0;4.0;False;;;
mp-1184641;GeTeO3;0.7278014918333362;11.880079098201923;Pm-3m;True;True;;Te;Ge;only octahedral cation;12;6;2.759;1.951;6;6;6;0;0;12;12;8;8;perovskite;2.0;4.0;False;;;
mp-1184669;HfNpO3;0.3596936736250029;13.997347453360382;Pm-3m;True;False;Structure contains elements not in set of BV parameters: {Element Np};Np;Hf;only octahedral cation;12;6;2.914;2.061;6;6;6;0;0;12;12;8;8;perovskite;;;;;;
mp-1184751;InSiO3;0.5658543752222229;9.829864010480003;Pm-3m;True;True;;In;Si;only octahedral cation;12;6;2.59;1.832;6;6;6;0;0;12;12;8;8;perovskite;2.0;4.0;False;;;
mp-1184736;HoCuO3;0.2524299536875016;10.675722096892205;Pm-3m;True;True;;Ho;Cu;only octahedral cation;12;6;2.662;1.883;6;6;6;0;0;12;12;8;8;perovskite;3.0;3.0;False;0.9185098394794328;0.3857142857142858;X
mp-1184773;InPtO3;0.7689169633750028;13.088781724075975;Pm-3m;True;False;Structure contains elements not in set of BV parameters: {Element Pt};In;Pt;only octahedral cation;12;6;2.85;2.015;6;6;6;0;0;12;12;8;8;perovskite;;;;;;
mp-1184778;HoErO3;0.9088813988750016;15.314088942993612;Pm-3m;True;False;Valences cannot be assigned!;Ho;Er;only octahedral cation;12;6;3.003;2.123;6;6;6;0;0;12;12;8;8;perovskite;;;;;;
mp-1184765;InSbO3;0.4582018405000045;13.84717177483384;Pm-3m;True;True;;In;Sb;only octahedral cation;0;6;;2.053;6;6;6;0;0;12;0;8;8;perovskite;1.0;5.0;False;;;
mp-1184799;InOsO3;0.4671797329999947;12.545074546928324;Pm-3m;True;False;Structure contains elements not in set of BV parameters: {Element Os};In;Os;only octahedral cation;12;6;2.81;1.987;6;6;6;0;0;12;12;8;8;perovskite;;;;;;
mp-1184833;HoRhO3;0.6007430140000123;12.208721529512754;Pm-3m;True;True;;Ho;Rh;only octahedral cation;12;6;2.784;1.969;6;6;6;0;0;12;12;8;8;perovskite;2.0;4.0;False;;;
mp-1184813;HoSiO3;0.7570571732499971;10.209659172147202;Pm-3m;True;True;;Ho;Si;only octahedral cation;12;6;2.623;1.855;6;6;6;0;0;12;12;8;8;perovskite;3.0;3.0;False;;;
mp-1184913;InAsO3;0.6154403055000008;12.169314068334492;Pm-3m;True;True;;In;As;only octahedral cation;12;6;2.781;1.967;6;6;6;0;0;12;12;8;8;perovskite;3.0;3.0;False;0.8285291577539344;0.41428571428571426;VIII
mp-1184940;KTeO3;0.0842737434722238;13.92985769024502;Pm-3m;True;False;Valences cannot be assigned!;K;Te;only octahedral cation;12;6;2.909;2.057;6;6;6;0;0;12;12;8;8;perovskite;;;;;;
mp-1184957;KRbO3;0.7662700690000004;25.03903529912226;Pm-3m;True;False;Valences cannot be assigned!;Rb;K;only octahedral cation;12;6;3.537;2.501;6;6;6;0;0;12;12;8;8;perovskite;;;;;;
mp-1184935;KPbO3;0.1545958764999984;16.585314923876474;Pm-3m;True;False;Valences cannot be assigned!;K;Pb;only octahedral cation;12;6;3.084;2.18;6;6;6;0;0;12;12;8;8;perovskite;;;;;;
mp-1184936;KAlO3;0.2711289373750016;11.56530868404236;Pm-3m;True;False;Valences cannot be assigned!;K;Al;only octahedral cation;12;6;2.734;1.934;6;6;6;0;0;12;12;8;8;perovskite;;;;;;
mp-1184941;KLuO3;0.2425611580833324;16.755340511641833;Pm-3m;True;False;Valences cannot be assigned!;K;Lu;only octahedral cation;12;6;3.094;2.188;6;6;6;0;0;12;12;8;8;perovskite;;;;;;
mp-1184959;KSrO3;0.5069057789999993;22.77070496434585;Pm-3m;True;True;;K;Sr;only octahedral cation;12;6;3.427;2.423;6;6;6;0;0;12;12;8;8;perovskite;1.0;2.0;False;0.8331800832585676;0.8428571428571429;XII
mp-1184939;KLiO3;0.5087575095000023;13.273795769584972;Pm-3m;True;False;Valences cannot be assigned!;K;Li;only octahedral cation;12;6;2.863;2.024;6;6;6;0;0;12;12;8;8;perovskite;;;;;;
mp-1184942;KAuO3;0.3642798680000005;14.37522043989819;Pm-3m;True;False;Structure contains elements not in set of BV parameters: {Element Au};K;Au;only octahedral cation;12;6;2.94;2.079;6;6;6;0;0;12;12;8;8;perovskite;;;;;;
mp-1184945;KYO3;0.2781948069166668;18.1951637465258;Pm-3m;True;False;Valences cannot be assigned!;K;Y;only octahedral cation;12;6;3.18;2.249;6;6;6;0;0;12;12;8;8;perovskite;;;;;;
mp-1184937;KAsO3;0.4293638469999985;11.355375479881692;Pm-3m;True;False;Valences cannot be assigned!;K;As;only octahedral cation;12;6;2.718;1.922;6;6;6;0;0;12;12;8;8;perovskite;;;;;;
mp-1184944;KHoO3;0.2669531255833339;17.604675283981816;Pm-3m;True;False;Valences cannot be assigned!;K;Ho;only octahedral cation;12;6;3.145;2.224;6;6;6;0;0;12;12;8;8;perovskite;;;;;;
mp-1184947;KCoO3;0.29443553725;11.627832185123951;Pm-3m;True;False;Valences cannot be assigned!;K;Co;only octahedral cation;12;6;2.739;1.937;6;6;6;0;0;12;12;8;8;perovskite;;;;;;
mp-1184948;KMnO3;0.2801401474545466;12.38390085157107;Pm-3m;True;False;Valences cannot be assigned!;K;Mn;only octahedral cation;12;6;2.797;1.978;6;6;6;0;0;12;12;8;8;perovskite;;;;;;
mp-1184953;KYbO3;0.4301343964999997;16.528416898215397;Pm-3m;True;False;Valences cannot be assigned!;K;Yb;only octahedral cation;12;6;3.08;2.178;6;6;6;0;0;12;12;8;8;perovskite;;;;;;
mp-1184954;KDyO3;0.2718639816666668;17.846625145724108;Pm-3m;True;False;Valences cannot be assigned!;K;Dy;only octahedral cation;12;6;3.16;2.234;6;6;6;0;0;12;12;8;8;perovskite;;;;;;
mp-1184965;LaZnO3;0.1314829207499999;12.1220927250082;Pm-3m;True;False;Valences cannot be assigned!;La;Zn;only octahedral cation;12;6;2.778;1.964;6;6;6;0;0;12;12;8;8;perovskite;;;;;;
mp-1184946;KZnO3;0.376694134500001;13.669007422713372;Pm-3m;True;True;;K;Zn;only octahedral cation;12;6;2.891;2.044;6;6;6;0;0;12;12;8;8;perovskite;1.0;2.0;False;1.0044881377603292;0.5285714285714286;XII
mp-1184950;KZrO3;0.0697630343333335;15.226513331067562;Pm-3m;True;False;Valences cannot be assigned!;K;Zr;only octahedral cation;12;6;2.997;2.119;6;6;6;0;0;12;12;8;8;perovskite;;;;;;
mp-1184949;KTmO3;0.2543539998333335;17.181490021741702;Pm-3m;True;True;;K;Tm;only octahedral cation;12;6;3.12;2.206;6;6;6;0;0;12;12;8;8;perovskite;1.0;2.0;False;0.8846109525955164;0.7357142857142858;XII
mp-1184960;KMgO3;0.3745328185000005;14.065494429685256;Pm-3m;True;True;;K;Mg;only octahedral cation;12;6;2.919;2.064;6;6;6;0;0;12;12;8;8;perovskite;1.0;2.0;False;1.0139644409467472;0.5142857142857143;XII
mp-1184964;LaMgO3;0.2099411447499992;12.28659573464044;Pm-3m;True;False;Valences cannot be assigned!;La;Mg;only octahedral cation;12;6;2.79;1.973;6;6;6;0;0;12;12;8;8;perovskite;;;;;;
mp-1184992;KCdO3;0.4129395725000009;16.347684758768615;Pm-3m;True;True;;K;Cd;only octahedral cation;12;6;3.069;2.17;6;6;6;0;0;12;12;8;8;perovskite;1.0;2.0;False;0.9147253680030233;0.6785714285714286;XII
mp-1185009;KOsO3;0.0386250924285649;12.150434951227972;Pm-3m;True;False;Structure contains elements not in set of BV parameters: {Element Os};K;Os;only octahedral cation;12;6;2.78;1.966;6;6;6;0;0;12;12;8;8;perovskite;;;;;;
mp-1185008;KAcO3;0.2124252227499985;20.16190333703947;Pm-3m;True;False;Structure contains elements not in set of BV parameters: {Element Ac};K;Ac;only octahedral cation;12;6;3.291;2.327;6;6;6;0;0;12;12;8;8;perovskite;;;;;;
mp-1184987;KGdO3;0.1905127093333352;17.754767227978547;Pm-3m;True;False;Valences cannot be assigned!;K;Gd;only octahedral cation;12;6;3.154;2.23;6;6;6;0;0;12;12;8;8;perovskite;;;;;;
mp-1185015;KNpO3;0.0;15.740008582508398;Pm-3m;True;False;Structure contains elements not in set of BV parameters: {Element Np};K;Np;only octahedral cation;12;6;3.03;2.143;6;6;6;0;0;12;12;8;8;perovskite;;;;;;
mp-1185065;LaZrO3;0.28710248682499;14.751632809020416;Pm-3m;True;True;;La;Zr;only octahedral cation;12;6;2.965;2.097;6;6;6;0;0;12;12;8;8;perovskite;3.0;3.0;False;;;
mp-1185084;LaPtO3;0.4252258175625023;13.676270233138728;Pm-3m;True;False;Structure contains elements not in set of BV parameters: {Element Pt};La;Pt;only octahedral cation;12;6;2.892;2.045;6;6;6;0;0;12;12;8;8;perovskite;;;;;;
mp-1185122;LaSnO3;0.5259647370625009;14.960507028201372;Pm-3m;True;True;;La;Sn;only octahedral cation;12;6;2.979;2.107;6;6;6;0;0;12;12;8;8;perovskite;3.0;3.0;False;;;
mp-1185232;LaCoO3;0.0474867225000004;11.849349489864172;Pnma;False;True;;La;Co;only octahedral cation;"12;12;12;12";"6;6;6;6";2.696;1.983;6;6;6;0;0;9;12;8;8;perovskite;3.0;3.0;False;0.970952595062125;0.4357142857142857;XII
mp-1185203;LiCdO3;0.5380530354285717;10.646216214501427;Pm-3m;True;True;;Cd;Li;only octahedral cation;12;6;2.66;1.881;6;6;6;0;0;12;12;8;8;perovskite;2.0;1.0;False;0.8871571189886776;0.5428571428571429;XII
mp-1185236;LiTmO3;0.4889175464642852;9.657813394626196;Pm-3m;True;False;Valences cannot be assigned!;Tm;Li;only octahedral cation;12;6;2.575;1.821;6;6;6;0;0;12;12;8;8;perovskite;;;;;;
mp-1185263;LiPaO3;0.0;16.10418249203608;Pm-3m;True;False;Structure contains elements not in set of BV parameters: {Element Pa};Li;Pa;only octahedral cation;0;6;;2.159;6;6;6;0;0;12;0;8;8;perovskite;;;;;;
mp-1185261;LiNiO3;0.5024219344545475;10.760461726997235;Pm-3m;True;True;;Li;Ni;only octahedral cation;12;6;2.669;1.888;6;6;6;0;0;12;12;8;8;perovskite;1.0;2.0;False;0.7849223599774116;0.4928571428571428;VIII
mp-1185297;LiAcO3;0.1292566872142835;12.042132096013496;Pm-3m;True;False;Structure contains elements not in set of BV parameters: {Element Ac};Ac;Li;only octahedral cation;12;6;2.771;1.96;6;6;6;0;0;12;12;8;8;perovskite;;;;;;
mp-1185302;LiBO3;0.9669265611166632;7.236956238444732;Pm-3m;True;True;;Li;B;only octahedral cation;12;6;2.339;1.654;6;6;6;0;0;12;12;8;8;perovskite;1.0;2.0;False;;;
mp-1185303;LiGeO3;0.3736876812000007;10.356209067751866;Pm-3m;True;False;Valences cannot be assigned!;Li;Ge;only octahedral cation;12;6;2.636;1.864;6;6;6;0;0;12;12;8;8;perovskite;;;;;;
mp-1185310;LiErO3;0.460419717214287;9.768934395511888;Pm-3m;True;False;Valences cannot be assigned!;Er;Li;only octahedral cation;12;6;2.585;1.828;6;6;6;0;0;12;12;8;8;perovskite;;;;;;
mp-1185344;LiEuO3;0.4010481502142857;10.660817881135266;Pm-3m;True;True;;Eu;Li;only octahedral cation;12;6;2.661;1.882;6;6;6;0;0;12;12;8;8;perovskite;2.0;1.0;False;0.9002516890106507;0.5428571428571429;X
mp-1185356;LiMgO3;0.5801049234285722;12.512547057038818;Pm-3m;True;True;;Li;Mg;only octahedral cation;0;6;;1.985;6;6;6;0;0;12;0;8;8;perovskite;1.0;2.0;False;0.7738149680909386;0.5142857142857143;VIII
mp-1185308;LiDyO3;0.4125284282142862;9.924090132647986;Pm-3m;True;False;Valences cannot be assigned!;Dy;Li;only octahedral cation;12;6;2.598;1.837;6;6;6;0;0;12;12;8;8;perovskite;;;;;;
mp-1185311;LiCrO3;0.4093665551666605;9.95891262725686;Pm-3m;True;True;;Li;Cr;only octahedral cation;12;6;2.601;1.839;6;6;6;0;0;12;12;8;8;perovskite;1.0;5.0;False;0.8679829271707884;0.35000000000000003;VIII
mp-1185320;LiFeO3;0.3148129761000025;10.775783891888704;Pm-3m;True;False;Valences cannot be assigned!;Li;Fe;only octahedral cation;12;6;2.671;1.888;6;6;6;0;0;12;12;8;8;perovskite;;;;;;
mp-1185357;LiLaO3;0.2220490414642864;11.171653799382405;Pm-3m;True;True;;La;Li;only octahedral cation;12;6;2.703;1.911;6;6;6;0;0;12;12;8;8;perovskite;2.0;1.0;False;;;
mp-1185313;LiAlO3;0.3751262177333325;10.20626605292026;Pm-3m;True;False;Valences cannot be assigned!;Li;Al;only octahedral cation;12;6;2.623;1.855;6;6;6;0;0;12;12;8;8;perovskite;;;;;;
mp-1185387;LiNdO3;0.2598881499642838;10.734820474347911;Pm-3m;True;True;;Nd;Li;only octahedral cation;12;6;2.667;1.886;6;6;6;0;0;12;12;8;8;perovskite;2.0;1.0;False;0.9002516890106507;0.5428571428571429;IX
mp-1185417;LiYbO3;0.6220489708750012;9.211471005277044;Pm-3m;True;False;Valences cannot be assigned!;Yb;Li;only octahedral cation;12;6;2.535;1.792;6;6;6;0;0;12;12;8;8;perovskite;;;;;;
mp-1185401;LiGdO3;0.3536309167142857;10.159474958463182;Pm-3m;True;False;Valences cannot be assigned!;Gd;Li;only octahedral cation;12;6;2.619;1.852;6;6;6;0;0;12;12;8;8;perovskite;;;;;;
mp-1185414;LiSiO3;0.3212861896888883;8.638749529451134;Pm-3m;True;False;Valences cannot be assigned!;Li;Si;only octahedral cation;12;6;2.481;1.754;6;6;6;0;0;12;12;8;8;perovskite;;;;;;
mp-1185388;LiPmO3;0.2875462439642859;10.51424714134114;Pm-3m;True;False;Structure contains elements not in set of BV parameters: {Element Pm};Pm;Li;only octahedral cation;12;6;2.649;1.873;6;6;6;0;0;12;12;8;8;perovskite;;;;;;
mp-1185404;LiPrO3;0.235092001089284;10.895849727057566;Pm-3m;True;True;;Pr;Li;only octahedral cation;12;6;2.681;1.895;6;6;6;0;0;12;12;8;8;perovskite;2.0;1.0;False;;;
mp-1185420;LiRuO3;0.2110826307916653;11.278279751039582;Pm-3m;True;True;;Li;Ru;only octahedral cation;12;6;2.712;1.917;6;6;6;0;0;12;12;8;8;perovskite;1.0;5.0;False;0.8348538078131247;0.4035714285714286;VIII
mp-1185485;LuAlO3;0.2554923397500026;9.944861907248375;Pm-3m;True;True;;Lu;Al;only octahedral cation;12;6;2.6;1.839;6;6;6;0;0;12;12;8;8;perovskite;3.0;3.0;False;0.888725422142472;0.3821428571428572;IX
mp-1185490;LuPdO3;0.6842253166249987;12.455153649837689;Pm-3m;True;False;Valences cannot be assigned!;Lu;Pd;only octahedral cation;12;6;2.803;1.982;6;6;6;0;0;12;12;8;8;perovskite;;;;;;
mp-1185488;LuGaO3;0.4645502310000085;10.687621501610431;Pm-3m;True;True;;Lu;Ga;only octahedral cation;12;6;2.663;1.883;6;6;6;0;0;12;12;8;8;perovskite;3.0;3.0;False;0.8513285603196452;0.4428571428571429;IX
mp-1185498;LuNpO3;0.5750024781874927;14.80105278739678;Pm-3m;True;False;Structure contains elements not in set of BV parameters: {Element Np};Np;Lu;only octahedral cation;12;6;2.969;2.099;6;6;6;0;0;12;12;8;8;perovskite;;;;;;
mp-1185514;LuGeO3;0.8302133093437503;11.646220229763;Pm-3m;True;True;;Lu;Ge;only octahedral cation;12;6;2.741;1.938;6;6;6;0;0;12;12;8;8;perovskite;3.0;3.0;False;;;
mp-1185529;LuReO3;0.9860505965999966;12.384830564691406;Pm-3m;True;True;;Lu;Re;only octahedral cation;12;6;2.798;1.978;6;6;6;0;0;12;12;8;8;perovskite;3.0;3.0;False;;;
mp-1185552;CsTaO3;0.253415689863635;14.23439163424408;Pm-3m;True;True;;Cs;Ta;only octahedral cation;12;6;2.93;2.072;6;6;6;0;0;12;12;8;8;perovskite;1.0;5.0;False;1.1369167854371938;0.4571428571428572;XII
mp-1185544;CsTlO3;0.3681167565000036;18.653603094229485;Pm-3m;True;False;Valences cannot be assigned!;Cs;Tl;only octahedral cation;12;6;3.207;2.268;6;6;6;0;0;12;12;8;8;perovskite;;;;;;
mp-1185545;CsPbO3;0.2149851686666659;17.989991531429308;Pm-3m;True;False;Valences cannot be assigned!;Cs;Pb;only octahedral cation;12;6;3.168;2.24;6;6;6;0;0;12;12;8;8;perovskite;;;;;;
mp-1185548;CsAuO3;0.4482145240000017;15.790408613138007;Pm-3m;True;False;Structure contains elements not in set of BV parameters: {Element Au};Cs;Au;only octahedral cation;12;6;3.033;2.145;6;6;6;0;0;12;12;8;8;perovskite;;;;;;
mp-1185550;CsEuO3;0.3056177194999989;19.49924958007208;Pm-3m;True;False;Valences cannot be assigned!;Cs;Eu;only octahedral cation;12;6;3.254;2.301;6;6;6;0;0;12;12;8;8;perovskite;;;;;;
mp-1185551;CsTbO3;0.2923406153750001;19.39059147979507;Pm-3m;True;True;;Cs;Tb;only octahedral cation;12;6;3.248;2.297;6;6;6;0;0;12;12;8;8;perovskite;1.0;2.0;False;;;
mp-1185561;CsSbO3;0.3255781875000005;14.7648485634017;Pm-3m;True;True;;Cs;Sb;only octahedral cation;12;6;2.966;2.098;6;6;6;0;0;12;12;8;8;perovskite;1.0;5.0;False;1.1596551211459378;0.4285714285714286;XII
mp-1185564;CsYbO3;0.4376385887500014;17.58680735418119;Pm-3m;True;True;;Cs;Yb;only octahedral cation;12;6;3.144;2.223;6;6;6;0;0;12;12;8;8;perovskite;1.0;2.0;False;0.9583926621040808;0.7285714285714286;XII
mp-1185613;MgTlO3;0.5695647169999987;12.501241410557416;Pm-3m;True;False;Valences cannot be assigned!;Tl;Mg;only octahedral cation;12;6;2.806;1.984;6;6;6;0;0;12;12;8;8;perovskite;;;;;;
mp-1185612;MgZnO3;0.7038007069999983;11.151194167860268;Pm-3m;True;False;Valences cannot be assigned!;Mg;Zn;only octahedral cation;12;6;2.701;1.91;6;6;6;0;0;12;12;8;8;perovskite;;;;;;
mp-1185614;MgUO3;0.6235247140000162;11.087068827804467;Pm-3m;True;True;;U;Mg;only octahedral cation;12;6;2.696;1.906;6;6;6;0;0;12;12;8;8;perovskite;4.0;2.0;False;0.8572002017214277;0.5142857142857143;XII
mp-1185692;MgBeO3;0.649928676;8.505569039483134;Pm-3m;True;False;Valences cannot be assigned!;Mg;Be;only octahedral cation;12;6;2.468;1.745;6;6;6;0;0;12;12;8;8;perovskite;;;;;;
mp-1185693;MgBO3;1.0138106532500029;7.567917450012241;Pm-3m;True;False;Valences cannot be assigned!;Mg;B;only octahedral cation;12;6;2.374;1.679;6;6;6;0;0;12;12;8;8;perovskite;;;;;;
mp-1185847;MgBiO3;0.4565172756666671;12.191548725922244;Pm-3m;True;False;Valences cannot be assigned!;Bi;Mg;only octahedral cation;12;6;2.783;1.968;6;6;6;0;0;12;12;8;8;perovskite;;;;;;
mp-1185841;MgAlO3;0.4293485739999969;9.920995494069848;Pm-3m;True;False;Valences cannot be assigned!;Mg;Al;only octahedral cation;12;6;2.598;1.837;6;6;6;0;0;12;12;8;8;perovskite;;;;;;
mp-1185882;MgHgO3;0.5123730264999988;12.546893280007309;Pm-3m;True;True;;Hg;Mg;only octahedral cation;0;6;;1.987;6;6;6;0;0;12;0;8;8;perovskite;1.0;2.0;False;0.8638710204118668;0.5142857142857143;VI
mp-1185889;MgInO3;0.8000117284999995;11.715721347786973;Pm-3m;True;False;Valences cannot be assigned!;In;Mg;only octahedral cation;12;6;2.746;1.942;6;6;6;0;0;12;12;8;8;perovskite;;;;;;
mp-1185896;MgMoO3;0.6407682829999999;12.823649750450262;Pm-3m;True;True;;Mg;Mo;only octahedral cation;12;6;2.83;2.001;6;6;6;0;0;12;12;8;8;perovskite;2.0;4.0;False;0.7898900141059482;0.46428571428571436;VIII
mp-1185941;MgReO3;0.649838266071427;12.070949663062647;Pm-3m;True;True;;Mg;Re;only octahedral cation;12;6;2.774;1.961;6;6;6;0;0;12;12;8;8;perovskite;2.0;4.0;False;0.7976721817326078;0.45;VIII
mp-1185996;MnBO3;1.0809943220520726;7.841561380320572;Pm-3m;True;True;;Mn;B;only octahedral cation;12;6;2.402;1.699;6;6;6;0;0;12;12;8;8;perovskite;3.0;3.0;False;0.8658882440278381;0.1928571428571429;VI
mp-1186097;NaAlO3;0.2169797945000011;10.583874431705532;Pm-3m;True;False;Valences cannot be assigned!;Na;Al;only octahedral cation;12;6;2.655;1.877;6;6;6;0;0;12;12;8;8;perovskite;;;;;;
mp-1186101;NaAgO3;0.3956093030000005;13.90982767952886;Pm-3m;True;False;Valences cannot be assigned!;Na;Ag;only octahedral cation;12;6;2.908;2.056;6;6;6;0;0;12;12;8;8;perovskite;;;;;;
mp-1186113;NiSbO3;0.662873084874998;10.989716407922336;Pm-3m;True;True;;Sb;Ni;only octahedral cation;12;6;2.688;1.901;6;6;6;0;0;12;12;8;8;perovskite;3.0;3.0;False;0.7636753236814713;0.4285714285714286;VI
mp-1186110;NpAlO3;0.0427647980624996;10.68120094894786;Pm-3m;True;False;Structure contains elements not in set of BV parameters: {Element Np};Np;Al;only octahedral cation;12;6;2.663;1.883;6;6;6;0;0;12;12;8;8;perovskite;;;;;;
mp-1186133;NaGeO3;0.2341043824999991;10.671928834888108;Pm-3m;True;False;Valences cannot be assigned!;Na;Ge;only octahedral cation;12;6;2.662;1.882;6;6;6;0;0;12;12;8;8;perovskite;;;;;;
mp-1186112;NiPtO3;1.2424035669999984;12.367586798737676;Pm-3m;True;False;Structure contains elements not in set of BV parameters: {Element Pt};Ni;Pt;only octahedral cation;0;6;;1.977;6;6;6;0;0;12;0;8;8;perovskite;;;;;;
mp-1186118;NaCaO3;0.5469543350000023;18.30577072871689;Pm-3m;True;True;;Na;Ca;only octahedral cation;0;6;;2.253;6;6;6;0;0;12;0;8;8;perovskite;1.0;2.0;False;0.8220116331293615;0.7142857142857143;XII
mp-1186134;NaFeO3;0.1455868349999987;11.240611376229833;Pm-3m;True;False;Valences cannot be assigned!;Na;Fe;only octahedral cation;12;6;2.709;1.915;6;6;6;0;0;12;12;8;8;perovskite;;;;;;
mp-1186126;NaCoO3;0.2224767197499995;10.660078558250955;Pm-3m;True;False;Valences cannot be assigned!;Na;Co;only octahedral cation;12;6;2.661;1.882;6;6;6;0;0;12;12;8;8;perovskite;;;;;;
mp-1186106;MoPbO3;0.1177506388125042;13.860449119542404;Pm-3m;True;True;;Pb;Mo;only octahedral cation;0;6;;2.054;6;6;6;0;0;12;0;8;8;perovskite;2.0;4.0;False;0.9968480964044498;0.46428571428571436;XII
mp-1186138;NaInO3;0.409093491000001;15.232937824577352;Pm-3m;True;False;Valences cannot be assigned!;Na;In;only octahedral cation;12;6;2.997;2.119;6;6;6;0;0;12;12;8;8;perovskite;;;;;;
mp-1186154;NaNiO3;0.3208278035000012;11.158717951831076;Pm-3m;True;True;;Na;Ni;only octahedral cation;12;6;2.702;1.911;6;6;6;0;0;12;12;8;8;perovskite;1.0;2.0;False;0.9439368035935253;0.4928571428571428;XII
mp-1186167;NaSiO3;0.2580561452500012;9.0331193473937;Pm-3m;True;False;Valences cannot be assigned!;Na;Si;only octahedral cation;12;6;2.518;1.781;6;6;6;0;0;12;12;8;8;perovskite;;;;;;
mp-1186153;NaPbO3;0.308695351749999;15.944761424393992;Pm-3m;True;False;Valences cannot be assigned!;Na;Pb;only octahedral cation;12;6;3.043;2.152;6;6;6;0;0;12;12;8;8;perovskite;;;;;;
mp-1186198;NaZnO3;0.4120601989999999;11.929307992672744;Pm-3m;True;True;;Na;Zn;only octahedral cation;12;6;2.763;1.954;6;6;6;0;0;12;12;8;8;perovskite;1.0;2.0;False;0.9218822053787232;0.5285714285714286;XII
mp-1186199;NaYbO3;0.5583557942500015;16.020683635745375;Pm-3m;True;False;Valences cannot be assigned!;Na;Yb;only octahedral cation;12;6;3.048;2.155;6;6;6;0;0;12;12;8;8;perovskite;;;;;;
mp-1186216;NbBiO3;0.426396189815784;13.882397583497228;Pm-3m;True;True;;Bi;Nb;only octahedral cation;12;6;2.906;2.055;6;6;6;0;0;12;12;8;8;perovskite;1.0;5.0;False;;;
mp-1186220;NbFeO3;0.5558583015000185;12.834995043655216;Pm-3m;True;True;;Fe;Nb;only octahedral cation;12;6;2.831;2.002;6;6;6;0;0;12;12;8;8;perovskite;2.0;4.0;False;0.7886960251696106;0.48571428571428577;VIII
mp-1186312;NdNpO3;1.0371019793124958;18.16666944141575;Pm-3m;True;False;Structure contains elements not in set of BV parameters: {Element Np};Np;Nd;only octahedral cation;12;6;3.179;2.248;6;6;6;0;0;12;12;8;8;perovskite;;;;;;
mp-1186316;NdInO3;0.4248462327499993;14.355252679719351;Pm-3m;True;True;;Nd;In;only octahedral cation;12;6;2.939;2.078;6;6;6;0;0;12;12;8;8;perovskite;3.0;3.0;False;0.8581705026218552;0.5714285714285715;XII
mp-1186329;NpRuO3;0.7717826082500032;12.44357171283821;Pm-3m;True;False;Structure contains elements not in set of BV parameters: {Element Np};Np;Ru;only octahedral cation;12;6;2.802;1.981;6;6;6;0;0;12;12;8;8;perovskite;;;;;;
mp-1186326;NdReO3;0.6074133945000053;12.807230160906988;Pm-3m;True;True;;Nd;Re;only octahedral cation;12;6;2.829;2.0;6;6;6;0;0;12;12;8;8;perovskite;3.0;3.0;False;;;
mp-1186334;NpMoO3;0.6744095275000053;13.050233969360487;Pm-3m;True;False;Structure contains elements not in set of BV parameters: {Element Np};Np;Mo;only octahedral cation;12;6;2.847;2.013;6;6;6;0;0;12;12;8;8;perovskite;;;;;;
mp-1186320;NpHgO3;0.1615076874999985;15.53805673514736;Pm-3m;True;False;Structure contains elements not in set of BV parameters: {Element Np};Hg;Np;only octahedral cation;0;6;;2.133;6;6;6;0;0;12;0;8;8;perovskite;;;;;;
mp-1186345;NiPdO3;0.7809306560000007;10.049384407134871;Pm-3m;True;True;;Pd;Ni;only octahedral cation;12;6;2.609;1.845;6;6;6;0;0;12;12;8;8;perovskite;2.0;4.0;False;0.8500326199370198;0.34285714285714286;VI
mp-1186346;NpSnO3;0.8209416810000043;14.392424539991122;Pm-3m;True;False;Structure contains elements not in set of BV parameters: {Element Np};Np;Sn;only octahedral cation;12;6;2.941;2.08;6;6;6;0;0;12;12;8;8;perovskite;;;;;;
mp-1186349;NpSiO3;0.6173401541666692;10.826447646606248;Pm-3m;True;False;Structure contains elements not in set of BV parameters: {Element Np};Np;Si;only octahedral cation;12;6;2.675;1.891;6;6;6;0;0;12;12;8;8;perovskite;;;;;;
mp-1186324;NdTaO3;0.4378589512133342;13.316290882593345;Pm-3m;True;True;;Nd;Ta;only octahedral cation;12;6;2.866;2.027;6;6;6;0;0;12;12;8;8;perovskite;2.0;4.0;False;0.9348767539725988;0.48571428571428577;IX
mp-1186357;NpTaO3;0.4180067763200039;13.172894815922902;Pm-3m;True;False;Structure contains elements not in set of BV parameters: {Element Np};Np;Ta;only octahedral cation;12;6;2.856;2.019;6;6;6;0;0;12;12;8;8;perovskite;;;;;;
mp-1186395;PaHgO3;0.0;16.381945234639154;Pm-3m;True;False;Structure contains elements not in set of BV parameters: {Element Pa};Hg;Pa;only octahedral cation;0;6;;2.171;6;6;6;0;0;12;0;8;8;perovskite;;;;;;
mp-1186392;PaBeO3;0.4520099250000005;9.391101837177956;Pm-3m;True;False;Structure contains elements not in set of BV parameters: {Element Pa};Pa;Be;only octahedral cation;12;6;2.551;1.804;6;6;6;0;0;12;12;8;8;perovskite;;;;;;
mp-1186400;PaCoO3;0.6302286235000043;10.82049867022362;Pm-3m;True;False;Structure contains elements not in set of BV parameters: {Element Pa};Pa;Co;only octahedral cation;12;6;2.674;1.891;6;6;6;0;0;12;12;8;8;perovskite;;;;;;
mp-1186403;PaTaO3;0.7367426743200021;13.166789573882872;Pm-3m;True;False;Structure contains elements not in set of BV parameters: {Element Pa};Pa;Ta;only octahedral cation;12;6;2.855;2.019;6;6;6;0;0;12;12;8;8;perovskite;;;;;;
mp-1186404;PaOsO3;1.1644629560000013;12.425209902546614;Pm-3m;True;False;Structure contains elements not in set of BV parameters: {Element Os, Element Pa;Pa;Os;only octahedral cation;12;6;2.801;1.98;6;6;6;0;0;12;12;8;8;perovskite;;;;;;
mp-1186401;PaSiO3;1.0036761901666704;11.156510390966826;Pm-3m;True;False;Structure contains elements not in set of BV parameters: {Element Pa};Pa;Si;only octahedral cation;12;6;2.702;1.91;6;6;6;0;0;12;12;8;8;perovskite;;;;;;
mp-1186471;PrPbO3;0.5854630621250037;18.68180128317142;Pm-3m;True;True;;Pb;Pr;only octahedral cation;0;6;;2.269;6;6;6;0;0;12;0;8;8;perovskite;2.0;4.0;False;0.9082393767240542;0.6071428571428572;XII
mp-1186515;PrCuO3;0.0246926801875;11.38208400211822;Pm-3m;True;True;;Pr;Cu;only octahedral cation;12;6;2.72;1.923;6;6;6;0;0;12;12;8;8;perovskite;3.0;3.0;False;0.9400146333402607;0.3857142857142858;IX
mp-1186533;PmBeO3;0.2734707282499995;9.633487234522086;Pm-3m;True;False;Structure contains elements not in set of BV parameters: {Element Pm};Pm;Be;only octahedral cation;12;6;2.573;1.819;6;6;6;0;0;12;12;8;8;perovskite;;;;;;
mp-1186557;PmErO3;0.63507635675;15.531011592567532;Pm-3m;True;False;Structure contains elements not in set of BV parameters: {Element Pm};Pm;Er;only octahedral cation;12;6;3.017;2.133;6;6;6;0;0;12;12;8;8;perovskite;;;;;;
mp-1186571;PmEuO3;0.7983015077500006;17.58856892816781;Pm-3m;True;False;Structure contains elements not in set of BV parameters: {Element Pm};Eu;Pm;only octahedral cation;12;6;3.145;2.223;6;6;6;0;0;12;12;8;8;perovskite;;;;;;
mp-1186600;PmMgO3;0.3124673892500009;11.47374021612191;Pm-3m;True;False;Structure contains elements not in set of BV parameters: {Element Pm};Pm;Mg;only octahedral cation;12;6;2.727;1.928;6;6;6;0;0;12;12;8;8;perovskite;;;;;;
mp-1186597;PmInO3;0.4792423347500003;14.254205930288744;Pm-3m;True;False;Structure contains elements not in set of BV parameters: {Element Pm};Pm;In;only octahedral cation;12;6;2.932;2.073;6;6;6;0;0;12;12;8;8;perovskite;;;;;;
mp-1186662;PuGaO3;0.2689982405000073;11.621854164681466;Pm-3m;True;False;Structure contains elements not in set of BV parameters: {Element Pu};Pu;Ga;only octahedral cation;12;6;2.739;1.937;6;6;6;0;0;12;12;8;8;perovskite;;;;;;
mp-1186669;PmWO3;0.5555465584999943;14.061385282683398;Pm-3m;True;False;Structure contains elements not in set of BV parameters: {Element Pm};Pm;W;only octahedral cation;12;6;2.918;2.064;6;6;6;0;0;12;12;8;8;perovskite;;;;;;
mp-1186742;PrBeO3;0.252533759374999;9.970530074330131;Pm-3m;True;False;Valences cannot be assigned!;Pr;Be;only octahedral cation;12;6;2.602;1.84;6;6;6;0;0;12;12;8;8;perovskite;;;;;;
mp-1186756;SrYbO3;0.2714117672499974;15.45554079422996;Pm-3m;True;False;Valences cannot be assigned!;Sr;Yb;only octahedral cation;12;6;3.012;2.13;6;6;6;0;0;12;12;8;8;perovskite;;;;;;
mp-1186755;SrTaO3;0.059606806506677;13.452823025124772;Pm-3m;True;True;;Sr;Ta;only octahedral cation;12;6;2.876;2.033;6;6;6;0;0;12;12;8;8;perovskite;2.0;4.0;False;0.9654727204662474;0.48571428571428577;XII
mp-1186757;SrZnO3;0.1679722980000004;12.609576185689356;Pm-3m;True;False;Valences cannot be assigned!;Sr;Zn;only octahedral cation;12;6;2.814;1.99;6;6;6;0;0;12;12;8;8;perovskite;;;;;;
mp-1186764;SrWO3;0.1950455710000014;13.797003095896772;Pm-3m;True;True;;Sr;W;only octahedral cation;12;6;2.9;2.051;6;6;6;0;0;12;12;8;8;perovskite;2.0;4.0;False;0.9748462420241722;0.4714285714285715;XII
mp-1186747;PrHfO3;0.2237529397499962;14.046907432992969;Pm-3m;True;True;;Pr;Hf;only octahedral cation;12;6;2.917;2.063;6;6;6;0;0;12;12;8;8;perovskite;3.0;3.0;False;;;
mp-1186758;SrTmO3;0.205895362999998;16.083119756001942;Pm-3m;True;False;Valences cannot be assigned!;Sr;Tm;only octahedral cation;12;6;3.052;2.158;6;6;6;0;0;12;12;8;8;perovskite;;;;;;
mp-1186812;PuTiO3;0.0804210210000029;12.024277945462115;Pm-3m;True;False;Structure contains elements not in set of BV parameters: {Element Pu};Pu;Ti;only octahedral cation;12;6;2.77;1.959;6;6;6;0;0;12;12;8;8;perovskite;;;;;;
mp-1186799;PuPbO3;0.2144902858125021;16.554003167514978;Pm-3m;True;False;Structure contains elements not in set of BV parameters: {Element Pu};Pb;Pu;only octahedral cation;0;6;;2.179;6;6;6;0;0;12;0;8;8;perovskite;;;;;;
mp-1186797;PuInO3;0.6572246968888944;14.280667351953976;Pm-3m;True;False;Structure contains elements not in set of BV parameters: {Element Pu};Pu;In;only octahedral cation;12;6;2.934;2.074;6;6;6;0;0;12;12;8;8;perovskite;;;;;;
mp-1186787;PuMgO3;0.6129025160000019;11.217992635467937;Pm-3m;True;False;Structure contains elements not in set of BV parameters: {Element Pu};Pu;Mg;only octahedral cation;12;6;2.707;1.914;6;6;6;0;0;12;12;8;8;perovskite;;;;;;
mp-1186801;PuSbO3;0.6560198416666712;16.076246043681586;Pm-3m;True;False;Structure contains elements not in set of BV parameters: {Element Pu};Sb;Pu;only octahedral cation;0;6;;2.158;6;6;6;0;0;12;0;8;8;perovskite;;;;;;
mp-1186884;RbMgO3;0.4063699160000009;14.762018968268148;Pm-3m;True;True;;Rb;Mg;only octahedral cation;12;6;2.966;2.097;6;6;6;0;0;12;12;8;8;perovskite;1.0;2.0;False;1.0406477157085037;0.5142857142857143;XII
mp-1186888;RbPuO3;0.0220209380000042;15.711830426040496;Pm-3m;True;False;Structure contains elements not in set of BV parameters: {Element Pu};Rb;Pu;only octahedral cation;12;6;3.028;2.141;6;6;6;0;0;12;12;8;8;perovskite;;;;;;
mp-1186893;RbSnO3;0.1858508148333317;14.823908959186662;Pm-3m;True;False;Valences cannot be assigned!;Rb;Sn;only octahedral cation;12;6;2.97;2.1;6;6;6;0;0;12;12;8;8;perovskite;;;;;;
mp-1186885;RbGeO3;0.4199266876666652;12.313069997864698;Pm-3m;True;False;Valences cannot be assigned!;Rb;Ge;only octahedral cation;12;6;2.792;1.974;6;6;6;0;0;12;12;8;8;perovskite;;;;;;
mp-1186897;RbRhO3;0.1158683830000004;13.214389915483633;Pm-3m;True;False;Valences cannot be assigned!;Rb;Rh;only octahedral cation;12;6;2.859;2.021;6;6;6;0;0;12;12;8;8;perovskite;;;;;;
mp-1186886;RbHgO3;0.3636608735000006;16.790252904310343;Pm-3m;True;True;;Rb;Hg;only octahedral cation;12;6;3.096;2.189;6;6;6;0;0;12;12;8;8;perovskite;1.0;2.0;False;0.9116418005380282;0.7285714285714286;XII
mp-1186920;SbAuO3;0.4022502831666656;12.823024992216045;Pm-3m;True;False;Structure contains elements not in set of BV parameters: {Element Au};Au;Sb;only octahedral cation;0;6;;2.001;6;6;6;0;0;12;0;8;8;perovskite;;;;;;
mp-1186948;SbPbO3;0.1702922506093704;14.9935203464664;Pm-3m;True;True;;Pb;Sb;only octahedral cation;0;6;;2.108;6;6;6;0;0;12;0;8;8;perovskite;2.0;4.0;False;;;
mp-1186927;SbPdO3;0.5075797387500032;12.736888012231953;Pm-3m;True;True;;Pd;Sb;only octahedral cation;12;6;2.824;1.997;6;6;6;0;0;12;12;8;8;perovskite;2.0;4.0;False;;;
mp-1186980;ScCoO3;0.5592311030892869;9.820600652558754;Pm-3m;True;True;;Sc;Co;only octahedral cation;12;6;2.589;1.831;6;6;6;0;0;12;12;8;8;perovskite;3.0;3.0;False;0.7985733299967478;0.4357142857142857;VIII
mp-1186993;ScSiO3;0.7078265899687519;9.1956726203738;Pm-3m;True;True;;Sc;Si;only octahedral cation;12;6;2.533;1.791;6;6;6;0;0;12;12;8;8;perovskite;2.0;4.0;False;;;
mp-1187025;SmAlO3;0.0051844454999709;10.719321150850904;Pnma;True;True;;Sm;Al;only octahedral cation;"12;12;12;12";"6;6;6;6";2.61;1.912;6;6;6;0;0;9;12;8;8;perovskite;3.0;3.0;False;0.9647348332467622;0.3821428571428572;XII
mp-1186997;SiMoO3;0.8953065618333378;9.689522500701136;Pm-3m;True;False;Valences cannot be assigned!;Mo;Si;only octahedral cation;12;6;2.578;1.823;6;6;6;0;0;12;12;8;8;perovskite;;;;;;
mp-1186999;SiAgO3;0.4860400653333361;9.497944464646972;Pm-3m;True;False;Valences cannot be assigned!;Ag;Si;only octahedral cation;12;6;2.561;1.811;6;6;6;0;0;12;12;8;8;perovskite;;;;;;
mp-1187065;SnGeO3;0.312997696;11.540392636772236;Pm-3m;True;True;;Sn;Ge;only octahedral cation;12;6;2.732;1.932;6;6;6;0;0;12;12;8;8;perovskite;2.0;4.0;False;;;
mp-1187145;SrDyO3;0.25280565;16.7243428324545;Pm-3m;True;False;Valences cannot be assigned!;Sr;Dy;only octahedral cation;12;6;3.092;2.186;6;6;6;0;0;12;12;8;8;perovskite;;;;;;
mp-1187146;SrAuO3;0.2745435899999959;14.14885133111214;Pm-3m;True;False;Structure contains elements not in set of BV parameters: {Element Au};Sr;Au;only octahedral cation;12;6;2.924;2.068;6;6;6;0;0;12;12;8;8;perovskite;;;;;;
mp-1187147;SrErO3;0.2229598522499989;16.290840873372492;Pm-3m;True;False;Valences cannot be assigned!;Sr;Er;only octahedral cation;12;6;3.065;2.167;6;6;6;0;0;12;12;8;8;perovskite;;;;;;
mp-1187143;SrBeO3;0.376971984999999;10.41142123930184;Pm-3m;True;False;Valences cannot be assigned!;Sr;Be;only octahedral cation;12;6;2.64;1.867;6;6;6;0;0;12;12;8;8;perovskite;;;;;;
mp-1187183;SrLiO3;0.2879579610000018;11.950130623393584;Pm-3m;True;True;;Sr;Li;only octahedral cation;12;6;2.764;1.955;6;6;6;0;0;12;12;8;8;perovskite;2.0;1.0;False;0.9297144715600901;0.5428571428571429;XII
mp-1187182;SrMgO3;0.2206858959999964;13.04704452342054;Pm-3m;True;False;Valences cannot be assigned!;Sr;Mg;only octahedral cation;12;6;2.847;2.013;6;6;6;0;0;12;12;8;8;perovskite;;;;;;
mp-1187192;SrSbO3;0.1320984407999947;14.909574091464776;Pm-3m;True;False;Valences cannot be assigned!;Sr;Sb;only octahedral cation;12;6;2.976;2.104;6;6;6;0;0;12;12;8;8;perovskite;;;;;;
mp-1187191;SrScO3;0.0912574672499983;14.190827815362304;Pm-3m;True;False;Valences cannot be assigned!;Sr;Sc;only octahedral cation;12;6;2.927;2.07;6;6;6;0;0;12;12;8;8;perovskite;;;;;;
mp-1187189;TaAgO3;0.0450003925000004;12.79395295250999;Pm-3m;True;True;;Ag;Ta;only octahedral cation;12;6;2.828;2.0;6;6;6;0;0;12;12;8;8;perovskite;1.0;5.0;False;0.9289442027352681;0.4571428571428572;VIII
mp-1187190;SrPdO3;0.0701218604999969;13.182682792862977;Pm-3m;True;True;;Sr;Pd;only octahedral cation;12;6;2.856;2.02;6;6;6;0;0;12;12;8;8;perovskite;2.0;4.0;False;0.9966170017716105;0.43928571428571433;XII
mp-1187226;SrReO3;0.1264082169333296;12.7703684947154;Pm-3m;True;True;;Sr;Re;only octahedral cation;12;6;2.826;1.998;6;6;6;0;0;12;12;8;8;perovskite;2.0;4.0;False;0.9892528367338891;0.45;XII
mp-1187202;SrPtO3;0.1597648697499991;13.40873067600618;Pm-3m;True;False;Structure contains elements not in set of BV parameters: {Element Pt};Sr;Pt;only octahedral cation;12;6;2.873;2.031;6;6;6;0;0;12;12;8;8;perovskite;;;;;;
mp-1187220;TaFeO3;0.5382121325000551;12.603418239695303;Pm-3m;True;True;;Fe;Ta;only octahedral cation;12;6;2.814;1.99;6;6;6;0;0;12;12;8;8;perovskite;2.0;4.0;False;0.7886960251696106;0.48571428571428577;VIII
mp-1187260;TaInO3;0.1784758237777826;13.455611776942105;Pm-3m;True;True;;In;Ta;only octahedral cation;0;6;;2.034;6;6;6;0;0;12;0;8;8;perovskite;1.0;5.0;False;;;
mp-1187247;SrMoO3;0.0402377300000047;13.451072644002824;I4/mcm;True;True;;Sr;Mo;only octahedral cation;"12;12";"6;6";2.68;2.064;6;6;6;0;0;12;12;8;8;perovskite;2.0;4.0;False;0.9796015895462414;0.46428571428571436;XII
mp-1187310;TbBeO3;0.3317775783750001;9.198807089539011;Pm-3m;True;True;;Tb;Be;only octahedral cation;12;6;2.533;1.791;6;6;6;0;0;12;12;8;8;perovskite;4.0;2.0;False;0.8714613303272044;0.32142857142857145;VIII
mp-1187321;TbCuO3;0.1657082895000012;10.827014329477995;Pm-3m;True;True;;Tb;Cu;only octahedral cation;12;6;2.675;1.891;6;6;6;0;0;12;12;8;8;perovskite;3.0;3.0;False;0.9093976386909464;0.3857142857142858;IX
mp-1187347;TbMgO3;0.4491218913750003;11.470846693823336;Pm-3m;True;True;;Tb;Mg;only octahedral cation;12;6;2.727;1.928;6;6;6;0;0;12;12;8;8;perovskite;4.0;2.0;False;0.7604733307100604;0.5142857142857143;VIII
mp-1187352;TbNiO3;0.1986685039999995;10.451801490476344;Pm-3m;True;True;;Tb;Ni;only octahedral cation;12;6;2.644;1.869;6;6;6;0;0;12;12;8;8;perovskite;3.0;3.0;False;0.882115709530218;0.4285714285714286;IX
mp-1187342;TbErO3;0.8259334588750011;15.350524146877238;Pm-3m;True;False;Valences cannot be assigned!;Tb;Er;only octahedral cation;12;6;3.005;2.125;6;6;6;0;0;12;12;8;8;perovskite;;;;;;
mp-1187364;TbSiO3;0.7094974339999887;10.364855389111414;Pm-3m;True;True;;Tb;Si;only octahedral cation;12;6;2.636;1.864;6;6;6;0;0;12;12;8;8;perovskite;3.0;3.0;False;;;
mp-1187359;TbOsO3;0.7268624563333326;12.453843371533369;Pm-3m;True;False;Structure contains elements not in set of BV parameters: {Element Os};Tb;Os;only octahedral cation;12;6;2.803;1.982;6;6;6;0;0;12;12;8;8;perovskite;;;;;;
mp-1187377;TbTeO3;1.1028784879010392;15.578052285824342;Pm-3m;True;True;;Tb;Te;only octahedral cation;12;6;3.02;2.135;6;6;6;0;0;12;12;8;8;perovskite;2.0;4.0;False;;;
mp-1187389;TbVO3;0.4001705770000008;11.350510184323811;Pm-3m;True;True;;Tb;V;only octahedral cation;12;6;2.717;1.921;6;6;6;0;0;12;12;8;8;perovskite;2.0;4.0;False;;;
mp-1187400;TcSnO3;0.3306577857499979;12.648775483028707;Pm-3m;True;False;Structure contains elements not in set of BV parameters: {Element Tc};Sn;Tc;only octahedral cation;12;6;2.817;1.992;6;6;6;0;0;12;12;8;8;perovskite;;;;;;
mp-1187421;ThBeO3;0.4029256389999993;9.79993002113348;Pm-3m;True;True;;Th;Be;only octahedral cation;12;6;2.588;1.83;6;6;6;0;0;12;12;8;8;perovskite;4.0;2.0;False;0.9975938912956156;0.32142857142857145;XII
mp-1187416;ThBO3;1.1899932451562556;9.984556146038477;Pm-3m;True;True;;Th;B;only octahedral cation;12;6;2.604;1.841;6;6;6;0;0;12;12;8;8;perovskite;4.0;2.0;False;;;
mp-1187425;ThSiO3;1.1082461214999952;11.718680915366614;Pm-3m;True;True;;Th;Si;only octahedral cation;12;6;2.746;1.942;6;6;6;0;0;12;12;8;8;perovskite;4.0;2.0;False;;;
mp-1187442;ThPdO3;0.9338902810000028;13.244694266026904;Pm-3m;True;True;;Th;Pd;only octahedral cation;12;6;2.861;2.023;6;6;6;0;0;12;12;8;8;perovskite;4.0;2.0;False;0.8166144685384464;0.6142857142857143;XII
mp-1187465;TiBeO3;1.0336706335;7.784075256453784;Pm-3m;True;True;;Ti;Be;only octahedral cation;12;6;2.396;1.694;6;6;6;0;0;12;12;8;8;perovskite;4.0;2.0;False;0.8179505468860602;0.32142857142857145;VIII
mp-1187448;ThWO3;1.138614586500001;14.140385959583227;Pm-3m;True;True;;Th;W;only octahedral cation;12;6;2.924;2.068;6;6;6;0;0;12;12;8;8;perovskite;4.0;2.0;False;;;
mp-1187469;TiCuO3;0.5458167405000021;11.420201055884366;Pm-3m;True;True;;Cu;Ti;only octahedral cation;12;6;2.723;1.925;6;6;6;0;0;12;12;8;8;perovskite;2.0;4.0;False;0.7511907451009208;0.43214285714285716;VI
mp-1187460;ThMoO3;0.9487271415000028;13.878101276682909;Pm-3m;True;True;;Th;Mo;only octahedral cation;12;6;2.906;2.055;6;6;6;0;0;12;12;8;8;perovskite;4.0;2.0;False;;;
mp-1187488;TiTeO3;0.5989591473333338;12.443081829952243;Pm-3m;True;True;;Te;Ti;only octahedral cation;12;6;2.802;1.981;6;6;6;0;0;12;12;8;8;perovskite;2.0;4.0;False;;;
mp-1187494;TlBO3;1.1100852811666655;8.834156296029954;Pm-3m;True;False;Valences cannot be assigned!;Tl;B;only octahedral cation;12;6;2.5;1.767;6;6;6;0;0;12;12;8;8;perovskite;;;;;;
mp-1187483;TlCuO3;0.3195030571249999;11.350270943353811;Pm-3m;True;True;;Tl;Cu;only octahedral cation;12;6;2.717;1.921;6;6;6;0;0;12;12;8;8;perovskite;1.0;2.0;False;1.029122545388872;0.5214285714285715;XII
mp-1187485;YbWO3;0.951889923749988;12.27354497933667;Pm-3m;True;True;;Yb;W;only octahedral cation;12;6;2.789;1.972;6;6;6;0;0;12;12;8;8;perovskite;2.0;4.0;False;0.8718695263173936;0.4714285714285715;VIII
mp-1187481;TlGaO3;0.4301048909999982;11.944977701371483;Pm-3m;True;True;;Tl;Ga;only octahedral cation;12;6;2.764;1.954;6;6;6;0;0;12;12;8;8;perovskite;3.0;3.0;False;0.8331258114970213;0.4428571428571429;VIII
mp-1187487;ThCuO3;0.530382224000002;11.576662329435331;Pm-3m;True;True;;Th;Cu;only octahedral cation;12;6;2.735;1.934;6;6;6;0;0;12;12;8;8;perovskite;4.0;2.0;False;0.8664547882145018;0.5214285714285715;XII
mp-1187515;YbSnO3;1.047654392499993;13.485110836800208;Pm-3m;True;True;;Yb;Sn;only octahedral cation;12;6;2.878;2.035;6;6;6;0;0;12;12;8;8;perovskite;2.0;4.0;False;0.8593546527338903;0.4928571428571428;VIII
mp-1187518;YbTcO3;0.7427293312499934;11.946834012431315;Pm-3m;True;False;Structure contains elements not in set of BV parameters: {Element Tc};Yb;Tc;only octahedral cation;12;6;2.764;1.955;6;6;6;0;0;12;12;8;8;perovskite;;;;;;
mp-1187479;YbTaO3;0.8827396511133543;12.668528543607064;Pm-3m;True;True;;Yb;Ta;only octahedral cation;12;6;2.819;1.993;6;6;6;0;0;12;12;8;8;perovskite;2.0;4.0;False;0.8634861654874185;0.48571428571428577;VIII
mp-1187516;YbSiO3;0.9078299743125005;9.57925160158933;Pm-3m;True;True;;Yb;Si;only octahedral cation;12;6;2.568;1.816;6;6;6;0;0;12;12;8;8;perovskite;3.0;3.0;False;;;
mp-1187480;YbPtO3;0.9244611492500248;12.66338356789959;Pm-3m;True;False;Structure contains elements not in set of BV parameters: {Element Pt};Yb;Pt;only octahedral cation;12;6;2.818;1.993;6;6;6;0;0;12;12;8;8;perovskite;;;;;;
mp-1187493;YbScO3;0.7121301611250033;12.496487325745036;Pm-3m;True;True;;Yb;Sc;only octahedral cation;12;6;2.806;1.984;6;6;6;0;0;12;12;8;8;perovskite;3.0;3.0;False;0.8050138739662233;0.5321428571428571;IX
mp-1187535;YbReO3;1.012890438249986;12.124390731603178;Pm-3m;True;True;;Yb;Re;only octahedral cation;12;6;2.778;1.964;6;6;6;0;0;12;12;8;8;perovskite;2.0;4.0;False;0.8847542976422812;0.45;VIII
mp-1187542;YbPuO3;1.2193612660000177;15.996847602349735;Pm-3m;True;False;Structure contains elements not in set of BV parameters: {Element Pu};Yb;Pu;only octahedral cation;12;6;3.047;2.154;6;6;6;0;0;12;12;8;8;perovskite;;;;;;
mp-1187557;TmScO3;0.628655032124998;12.816125166645037;Pm-3m;True;True;;Tm;Sc;only octahedral cation;12;6;2.83;2.001;6;6;6;0;0;12;12;8;8;perovskite;3.0;3.0;False;0.80831040907665;0.5321428571428571;IX
mp-1187556;ThReO3;1.098486394333337;12.815346929465736;Pm-3m;True;True;;Th;Re;only octahedral cation;12;6;2.83;2.001;6;6;6;0;0;12;12;8;8;perovskite;4.0;2.0;False;;;
mp-1187533;TlGeO3;0.3576144115625013;11.52695877189278;Pm-3m;True;True;;Tl;Ge;only octahedral cation;12;6;2.731;1.931;6;6;6;0;0;12;12;8;8;perovskite;3.0;3.0;False;;;
mp-1187529;TlSiO3;0.5353082439999977;10.17009484157894;Pm-3m;True;True;;Tl;Si;only octahedral cation;12;6;2.62;1.852;6;6;6;0;0;12;12;8;8;perovskite;3.0;3.0;False;;;
mp-1187530;TlHgO3;0.6046997844999988;15.473082067194577;Pm-3m;True;False;Valences cannot be assigned!;Hg;Tl;only octahedral cation;0;6;;2.131;6;6;6;0;0;12;0;8;8;perovskite;;;;;;
mp-1187568;YbCdO3;1.0892067513749986;13.444140230173527;Pm-3m;True;False;Valences cannot be assigned!;Yb;Cd;only octahedral cation;12;6;2.875;2.033;6;6;6;0;0;12;12;8;8;perovskite;;;;;;
mp-1187578;YbNbO3;0.862383262611111;12.990864395092997;Pm-3m;True;True;;Yb;Nb;only octahedral cation;12;6;2.842;2.01;6;6;6;0;0;12;12;8;8;perovskite;2.0;4.0;False;0.8634861654874185;0.48571428571428577;VIII
mp-1187561;YbGaO3;0.3980137417499989;10.717580587564743;Pm-3m;True;True;;Yb;Ga;only octahedral cation;12;6;2.666;1.885;6;6;6;0;0;12;12;8;8;perovskite;3.0;3.0;False;0.8548290889393807;0.4428571428571429;IX
mp-1187576;YbNdO3;0.4938107365000093;14.73023649906705;Pm-3m;True;True;;Nd;Yb;only octahedral cation;12;6;2.964;2.096;6;6;6;0;0;12;12;8;8;perovskite;3.0;3.0;False;0.8324405228254329;0.62;XII
mp-1187595;YbNiO3;0.2635039272916675;9.92362308099704;Pm-3m;True;True;;Yb;Ni;only octahedral cation;12;6;2.598;1.837;6;6;6;0;0;12;12;8;8;perovskite;3.0;3.0;False;0.8633773798287745;0.4285714285714286;IX
mp-1187570;YbPdO3;0.6579003947500013;11.996009606361987;Pm-3m;True;True;;Yb;Pd;only octahedral cation;12;6;2.768;1.957;6;6;6;0;0;12;12;8;8;perovskite;2.0;4.0;False;0.8913405579224968;0.43928571428571433;VIII
mp-1187577;TmCrO3;0.3989501684999972;11.268647551823276;Pm-3m;True;True;;Tm;Cr;only octahedral cation;12;6;2.711;1.917;6;6;6;0;0;12;12;8;8;perovskite;3.0;3.0;False;0.8604594677267567;0.43928571428571433;IX
mp-1187572;YbCrO3;0.3787418577500041;10.724416401047549;Pm-3m;True;True;;Yb;Cr;only octahedral cation;12;6;2.666;1.885;6;6;6;0;0;12;12;8;8;perovskite;3.0;3.0;False;0.8569502529317863;0.43928571428571433;IX
mp-1187562;YbCuO3;0.3166037421875014;10.22219586718844;Pm-3m;True;True;;Yb;Cu;only octahedral cation;12;6;2.624;1.856;6;6;6;0;0;12;12;8;8;perovskite;3.0;3.0;False;0.8900797730193551;0.3857142857142858;IX
mp-1187569;YbInO3;0.8942162628750019;13.463544581801354;Pm-3m;True;True;;Yb;In;only octahedral cation;12;6;2.876;2.034;6;6;6;0;0;12;12;8;8;perovskite;3.0;3.0;False;0.7848885271170677;0.5714285714285715;IX
mp-1187623;TlTcO3;0.0359791222916641;12.711366969142336;Pm-3m;True;False;Structure contains elements not in set of BV parameters: {Element Tc};Tl;Tc;only octahedral cation;12;6;2.822;1.995;6;6;6;0;0;12;12;8;8;perovskite;;;;;;
mp-1187621;TlWO3;0.1577519640000027;13.55553558421119;Pm-3m;True;False;Valences cannot be assigned!;Tl;W;only octahedral cation;12;6;2.883;2.039;6;6;6;0;0;12;12;8;8;perovskite;;;;;;
mp-1187655;TmGeO3;0.7538809103749973;11.746200665916094;Pm-3m;True;True;;Tm;Ge;only octahedral cation;12;6;2.749;1.944;6;6;6;0;0;12;12;8;8;perovskite;2.0;4.0;False;0.9122776607018153;0.3785714285714286;VII
mp-1187715;YbEuO3;0.4423815932500012;14.9336545560158;Pm-3m;True;True;;Eu;Yb;only octahedral cation;12;6;2.978;2.105;6;6;6;0;0;12;12;8;8;perovskite;3.0;3.0;False;0.7856742013183862;0.62;IX
mp-1187714;UPdO3;0.4410877060000047;14.926255251575409;Pm-3m;True;True;;Pd;U;only octahedral cation;0;6;;2.105;6;6;6;0;0;12;0;8;8;perovskite;2.0;4.0;False;0.6978433735727498;0.6357142857142858;VI
mp-1187745;UHgO3;0.2455958875000021;15.781278378233347;Pm-3m;True;True;;Hg;U;only octahedral cation;0;6;;2.145;6;6;6;0;0;12;0;8;8;perovskite;1.0;5.0;False;0.8478734089227582;0.5428571428571429;VI
mp-1187750;VOsO3;1.0829107200000054;11.975697063273326;Pm-3m;True;False;Structure contains elements not in set of BV parameters: {Element Os};V;Os;only octahedral cation;12;6;2.766;1.956;6;6;6;0;0;12;12;8;8;perovskite;;;;;;
mp-1187752;UBeO3;0.4390261449999784;9.174066494226556;Pm-3m;True;True;;U;Be;only octahedral cation;12;6;2.531;1.79;6;6;6;0;0;12;12;8;8;perovskite;4.0;2.0;False;0.9823050960267172;0.32142857142857145;XII
mp-1187746;VCoO3;0.5410671914999963;10.76891235772147;Pm-3m;True;True;;Co;V;only octahedral cation;12;6;2.67;1.888;6;6;6;0;0;12;12;8;8;perovskite;2.0;4.0;False;0.8213866650146764;0.41428571428571426;VIII
mp-1187736;UTiO3;0.3075792819999794;12.071272783279747;Pm-3m;True;True;;U;Ti;only octahedral cation;12;6;2.774;1.961;6;6;6;0;0;12;12;8;8;perovskite;3.0;3.0;False;0.8283738861726462;0.47857142857142865;VI
mp-1187767;USiO3;0.7788711141666713;10.936175577311886;Pm-3m;True;True;;U;Si;only octahedral cation;12;6;2.684;1.898;6;6;6;0;0;12;12;8;8;perovskite;4.0;2.0;False;;;
mp-1187744;VBiO3;0.2737100111250017;12.230296346702264;Pm-3m;True;True;;Bi;V;only octahedral cation;12;6;2.786;1.97;6;6;6;0;0;12;12;8;8;perovskite;3.0;3.0;False;0.8908158959065817;0.4571428571428572;VIII
mp-1187783;UTcO3;0.892489728250002;12.487487209120584;Pm-3m;True;False;Structure contains elements not in set of BV parameters: {Element Tc};U;Tc;only octahedral cation;12;6;2.805;1.984;6;6;6;0;0;12;12;8;8;perovskite;;;;;;
mp-1187784;UBO3;0.9734987449791656;9.236723441872504;Pm-3m;True;True;;U;B;only octahedral cation;12;6;2.537;1.794;6;6;6;0;0;12;12;8;8;perovskite;4.0;2.0;False;;;
mp-1187779;UReO3;1.0644196647777893;12.620966064786511;Pm-3m;True;True;;U;Re;only octahedral cation;12;6;2.815;1.991;6;6;6;0;0;12;12;8;8;perovskite;3.0;3.0;False;;;
mp-1187781;UIrO3;1.3472013400000105;12.889757790130412;Pm-3m;True;True;;U;Ir;only octahedral cation;12;6;2.835;2.005;6;6;6;0;0;12;12;8;8;perovskite;3.0;3.0;False;0.8243913194122007;0.48571428571428577;VI
mp-1187797;YbZnO3;0.5752600693750001;10.711092752978466;Pm-3m;True;False;Valences cannot be assigned!;Yb;Zn;only octahedral cation;12;6;2.665;1.885;6;6;6;0;0;12;12;8;8;perovskite;;;;;;
mp-1187862;YSiO3;0.7363874534166648;10.324915821383922;Pm-3m;True;True;;Y;Si;only octahedral cation;12;6;2.633;1.862;6;6;6;0;0;12;12;8;8;perovskite;3.0;3.0;False;;;
mp-1187905;YbBeO3;0.5098551063749994;8.557312673079277;Pm-3m;True;False;Valences cannot be assigned!;Yb;Be;only octahedral cation;12;6;2.473;1.749;6;6;6;0;0;12;12;8;8;perovskite;;;;;;
mp-1187924;YbAuO3;0.9985922152499996;13.39122625382205;Pm-3m;True;False;Structure contains elements not in set of BV parameters: {Element Au};Yb;Au;only octahedral cation;12;6;2.871;2.03;6;6;6;0;0;12;12;8;8;perovskite;;;;;;
mp-1188011;ZrBeO3;0.6621124320000007;8.350331897434312;Pm-3m;True;True;;Zr;Be;only octahedral cation;12;6;2.453;1.735;6;6;6;0;0;12;12;8;8;perovskite;4.0;2.0;False;0.8752835291444291;0.32142857142857145;IX
mp-1188025;ZrNiO3;1.0092109740000028;10.052938793858656;Pm-3m;True;True;;Zr;Ni;only octahedral cation;12;6;2.61;1.845;6;6;6;0;0;12;12;8;8;perovskite;3.0;3.0;False;;;
mp-1188026;ZrBO3;1.1624291192999987;8.199741459431541;Pm-3m;True;True;;Zr;B;only octahedral cation;12;6;2.438;1.724;6;6;6;0;0;12;12;8;8;perovskite;4.0;2.0;False;;;
mp-1188081;PuNiO3;0.5158323470000017;10.780115400681968;Pm-3m;True;False;Structure contains elements not in set of BV parameters: {Element Pu};Pu;Ni;only octahedral cation;12;6;2.671;1.889;6;6;6;0;0;12;12;8;8;perovskite;;;;;;
mp-1188225;SmVO3;0.0;11.685739728002542;Pnma;False;True;;Sm;V;only octahedral cation;"8;8;8;8";"6;6;6;6";2.481;2.02;6;6;6;0;0;8;8;8;8;perovskite;3.0;3.0;False;0.915079363888473;0.4571428571428572;XII
mp-1188346;CoBiO3;0.0822287949999989;11.27438518505053;Pnma;False;True;;Bi;Co;only octahedral cation;"8;8;8;8";"6;6;6;6";2.488;1.973;6;6;6;0;0;8;8;8;8;perovskite;3.0;3.0;False;0.9041116555469787;0.4357142857142857;VIII
mp-1188379;TbMnO3;0.3142365245000018;13.541147657835785;Pnma;False;True;;Mn;Tb;only octahedral cation;"4;4;4;4";"6;6;6;6";2.009;2.27;6;6;4;4;0;4;4;8;8;non-perovskite (edge-sharing BO6);3.0;3.0;False;0.6224853067268573;0.6592857142857144;VI
mp-1188414;SrTcO3;0.0;12.427860599018548;Pnma;False;False;Structure contains elements not in set of BV parameters: {Element Tc};Sr;Tc;only octahedral cation;"12;12;12;12";"6;6;6;6";2.745;1.999;6;6;6;0;0;11;12;8;8;perovskite;;;;;;
mp-1188449;ScRhO3;0.0511400981249963;10.751610092785668;Pnma;True;True;;Sc;Rh;only octahedral cation;"8;8;8;8";"6;6;6;6";2.341;2.062;6;6;6;0;0;6;8;8;8;perovskite;3.0;3.0;False;0.7773038224181419;0.47500000000000003;VIII
mp-1188497;CaMnO3;0.1197485438333378;11.599668310116924;P6_3/mmc;True;True;;Ca;Mn;only octahedral cation;"12;12;12;12";"6;6;6;6";2.751;1.904;6;6;3;0;1;12;12;6;6;non-perovskite (face-sharing BO6);2.0;4.0;False;1.0038718033425598;0.3785714285714286;XII
mp-1188528;NaNbO3;0.0028805844999979;12.01714571298546;Pna2_1;False;True;;Na;Nb;only octahedral cation;"8;8;8;8";"6;6;6;6";2.582;2.015;6;6;6;0;0;7;8;8;8;perovskite;1.0;5.0;False;0.9670725095639545;0.4571428571428572;XII
mp-1188613;MnPbO3;0.0601381378846577;15.864690010589651;P2/c;False;True;;Pb;Mn;only octahedral cation;"4;4;4;4";"6;6;6;6";2.338;1.995;6;6;0;6;0;4;4;4;4;non-perovskite (edge-sharing BO6);2.0;4.0;False;1.0588282889270062;0.3785714285714286;XII
mp-1188609;HoCoO3;0.4204078654999943;13.414843742345358;Pnma;True;True;;Ho;Co;neither octahedral: lower CN;"5;5;5;5";"4;4;4;4";2.156;1.935;4;4;4;0;0;5;5;4;4;non-perovskite (B not octahedral);3.0;3.0;False;0.8865219346219403;0.4357142857142857;X
mp-1188804;DyMnO3;0.3237932911666643;13.273807359840152;Pnma;True;True;;Mn;Dy;only octahedral cation;"4;4;4;4";"6;6;6;6";2.002;2.257;6;6;4;4;0;4;4;6;8;non-perovskite (edge-sharing BO6);3.0;3.0;False;0.6254469582727031;0.6514285714285715;VI
mp-1188902;CaCO3;0.0027308325000046;11.664803155525671;P-1;False;True;;Ca;C;neither octahedral: lower CN;"8;8;8;8";"3;3;3;3";2.463;1.29;3;3;0;0;0;8;8;5;6;non-perovskite (B not octahedral);2.0;4.0;False;1.2419696028532952;0.1142857142857143;XII
mp-1188853;CaTcO3;0.0;11.742369629600534;Pnma;False;False;Structure contains elements not in set of BV parameters: {Element Tc};Ca;Tc;only octahedral cation;"8;8;8;8";"6;6;6;6";2.496;2.021;6;6;6;0;0;8;8;8;8;perovskite;;;;;;
mp-1189181;VNO3;0.3957085515000029;15.13227358617566;Pbcm;True;True;;V;N;neither octahedral: lower CN;"4;4;4;4";"1;1;1;1";1.83;1.163;1;1;0;0;0;4;4;7;7;non-perovskite (B not octahedral);3.0;3.0;False;0.9246780984747162;0.1142857142857143;VI
mp-1189194;NaNbO3;0.029542810499997;12.603266092332344;Pnma;False;True;;Na;Nb;only octahedral cation;"5;5;5;5";"6;6;6;6";2.588;2.012;6;6;6;0;0;11;5;8;8;perovskite;1.0;5.0;False;0.9670725095639545;0.4571428571428572;XII
mp-1189476;NdMnO3;0.0113423685000011;12.290589051279923;P2_1/c;False;True;;Nd;Mn;only octahedral cation;"8;8;8;8";"6;6;6;6";2.551;2.041;6;6;6;0;0;8;8;8;8;perovskite;3.0;3.0;False;0.9232152106445387;0.46071428571428574;XII
mp-1189541;NaBrO3;0.1321937809999998;23.53806708209701;P2_13;False;True;;Na;Br;neither octahedral: shorter M-O;"3;3;3;3";"3;3;3;3";2.265;1.685;3;3;0;0;0;3;3;6;6;non-perovskite (B not octahedral);1.0;5.0;False;;;
mp-1189614;BaThO3;0.0;18.38815641705189;Pnma;True;True;;Ba;Th;only octahedral cation;"8;8;8;8";"6;6;6;6";2.949;2.327;6;6;6;0;0;8;8;8;8;perovskite;2.0;4.0;False;0.9095689792185931;0.6714285714285715;XII
mp-1189578;VNO3;1.3895059370000036;19.93352747839198;Pbcm;False;True;;V;N;neither octahedral: lower CN;"4;4;4;4";"0;0;0;0";1.747;;0;0;0;0;0;4;4;8;8;non-perovskite (B not octahedral);4.0;2.0;False;;;
mp-1189706;CdTcO3;0.1159108135000002;11.94806644443632;Pnma;False;False;Structure contains elements not in set of BV parameters: {Element Tc};Cd;Tc;only octahedral cation;"8;8;8;8";"6;6;6;6";2.508;2.046;6;6;6;0;0;8;8;8;8;perovskite;;;;;;
mp-1189736;ErNiO3;0.0015767070000007;10.694728784278157;P2_1/c;False;True;;Er;Ni;only octahedral cation;"8;8;8;8";"6;6;6;6";2.39;1.975;6;6;6;0;0;8;8;8;8;perovskite;3.0;3.0;False;0.8704484476406399;0.4285714285714286;IX
mp-1189762;EuCrO3;0.1101872794999998;11.197454229308285;Pnma;False;True;;Eu;Cr;only octahedral cation;"8;8;8;8";"6;6;6;6";2.532;1.953;6;6;6;0;0;9;8;8;8;perovskite;3.0;3.0;False;0.8843221283325559;0.43928571428571433;IX
mp-1189809;CaBO3;0.1026162920000031;13.292367965447584;P2_1/c;True;False;Valences cannot be assigned!;B;Ca;only octahedral cation;"3;3;3;3";"6;6;6;6";1.371;2.39;6;6;0;4;0;3;3;6;6;non-perovskite (edge-sharing BO6);;;;;;
mp-1189840;SrBO3;0.0624688072500019;14.024563743610702;Pnma;False;False;Valences cannot be assigned!;Sr;B;neither octahedral: lower CN;"8;8;8;8";"3;3;3;3";2.651;1.373;3;3;0;0;0;8;8;5;7;non-perovskite (B not octahedral);;;;;;
mp-1190015;NaNbO3;0.0036448904999986;12.023753632037296;Pmn2_1;False;True;;Na;Nb;only octahedral cation;"9;9;8;8";"6;6;6;6";2.583;2.012;6;6;6;0;0;8;8;8;8;perovskite;1.0;5.0;False;0.9670725095639545;0.4571428571428572;XII
mp-1190109;KNO3;0.0436110030000005;17.600538079985917;Pnma;False;True;;K;N;neither octahedral: lower CN;"9;9;9;9";"3;3;3;3";3.005;1.267;3;3;0;0;0;9;9;6;6;non-perovskite (B not octahedral);1.0;5.0;False;1.4049703364752317;0.09285714285714286;XII
mp-1192552;KAsO3;0.0052658590833329;17.532589669828976;P-1;False;True;;K;As;neither octahedral: lower CN;"6;6;8;8;6;6";"4;4;4;4;4;4";2.831;1.717;4;4;2;0;0;6;6;4;4;non-perovskite (B not octahedral);1.0;5.0;False;1.1557014058102713;0.3285714285714286;XII
mp-1192651;BaFeO3;0.0;12.591433895777774;P6_3/mmc;False;False;Valences cannot be assigned!;Ba;Fe;only octahedral cation;"12;12;12;12;12;12";"6;6;6;6;6;6";2.838;1.936;6;6;3;0;1;12;12;7;7;non-perovskite (face-sharing BO6);;;;;;
mp-1192792;SrRuO3;4.160273152500002;155.8397259383316;Pnma;False;True;;Sr;Ru;neither octahedral: shorter M-O;"0;0;0;0";"0;0;0;0";;;0;0;0;0;0;0;0;0;0;non-perovskite (B not octahedral);2.0;2.0;False;;;
mp-1192969;SrCuO3;0.0459283064791717;11.784527132863124;Pmma;True;True;;Sr;Cu;only octahedral cation;"12;12;11;11;11;11";"6;6;6;6;6;6";2.724;1.947;6;6;4;1;0;11;11;6;6;non-perovskite (edge-sharing BO6);2.0;2.0;False;0.9428090415820632;0.5214285714285715;XII
mp-1193035;FeBiO3;0.0564112610000018;12.64381472497631;C2/m;False;True;;Bi;Fe;only octahedral cation;"6;6;8;8;4;4";"6;6;6;6;6;6";2.461;2.056;6;6;6;0;0;4;4;8;8;perovskite;3.0;3.0;False;0.88863786193126;0.46071428571428574;VIII
mp-1193069;HoMnO3;0.3161227680000014;12.756083428374389;Cmc2_1;True;True;;Ho;Mn;neither octahedral: lower CN;"7;7;7;7;7;7";"4;5;5;4;5;5";2.344;2.075;4;5;4;2;0;5;7;3;3;non-perovskite (B not octahedral);3.0;3.0;False;0.8713491875746209;0.46071428571428574;X
mp-1193101;SrMnO3;0.0150455418333326;11.350364016702024;P6_3/mmc;False;True;;Sr;Mn;only octahedral cation;"12;12;12;12;12;12";"6;6;6;6;6;6";2.733;1.889;6;6;3;0;1;12;12;7;7;non-perovskite (face-sharing BO6);2.0;4.0;False;1.0405094603988574;0.3785714285714286;XII
mp-1193395;LuFeO3;0.0138013812916657;11.884538065381898;P6_3cm;False;True;;Lu;Fe;neither octahedral: lower CN;"7;7;7;7;7;7";"5;5;5;5;5;5";2.253;1.977;5;5;6;0;0;7;7;6;6;non-perovskite (B not octahedral);3.0;3.0;False;0.8409211207069357;0.46071428571428574;IX
mp-1193602;CaRhO3;0.0051303633333343;11.192861963907;P2_1/m;False;True;;Ca;Rh;only octahedral cation;"9;9;9;9;8;8";"6;6;6;6;6;6";2.489;2.005;6;6;1;4;0;8;8;5;5;non-perovskite (edge-sharing BO6);2.0;4.0;False;0.9687362902255701;0.4285714285714286;XII
mp-1193780;MnInO3;0.0166393080208333;12.147368901876952;P-3c1;False;True;;In;Mn;neither octahedral: lower CN;"6;6;7;7;7;7";"5;5;5;5;5;5";2.262;1.982;5;5;6;0;0;6;6;6;6;non-perovskite (B not octahedral);3.0;3.0;False;0.8021944901480635;0.46071428571428574;VIII
mp-1193907;SrIrO3;0.0034682963333327;12.809238000879423;C2/c;False;True;;Sr;Ir;only octahedral cation;"10;10;10;10;10;10";"6;6;6;6;6;6";2.662;2.024;6;6;3;0;1;8;10;7;7;non-perovskite (face-sharing BO6);2.0;4.0;False;0.9916954363307628;0.44642857142857145;XII
mp-1194043;ErBO3;0.0;10.582051670204631;C2/c;False;True;;Er;B;neither octahedral: lower CN;"8;8;8;8;8;8";"4;4;4;4;4;4";2.343;1.473;4;4;2;0;0;8;8;6;6;non-perovskite (B not octahedral);3.0;3.0;False;1.0424532307073533;0.1928571428571429;IX
mp-1194303;GdBO3;0.0;11.33083866871103;C2/c;False;True;;Gd;B;neither octahedral: lower CN;"8;8;8;8;8;8";"4;4;4;4;4;4";2.408;1.479;4;4;2;0;0;8;8;6;6;non-perovskite (B not octahedral);3.0;3.0;False;1.061507006248308;0.1928571428571429;IX
mp-1194399;CaCO3;0.0072988916666707;12.542024996254714;C2/c;False;True;;C;Ca;only octahedral cation;"3;3;3;3;3;3";"6;6;6;6;6;6";1.29;2.368;6;6;4;1;0;3;3;6;6;non-perovskite (edge-sharing BO6);4.0;2.0;False;0.4596194077712559;0.7142857142857143;VI
mp-1194603;MnBiO3;0.0262128320999979;12.774853043867113;P2_1/c;False;True;;Bi;Mn;only octahedral cation;"7;7;7;7;5;5;5;5";"6;6;6;6;6;6;6;6";2.437;2.067;6;6;6;0;0;5;5;8;8;perovskite;3.0;3.0;False;0.88863786193126;0.46071428571428574;VIII
mp-1194823;NaNbO3;0.0250339659999969;12.674036657317918;Pnma;False;True;;Na;Nb;only octahedral cation;"10;10;10;10;10;10;10;10;7;7;7;7;7;7;7;7;6;6;6;6;6;6;6;6";"6;6;6;6;6;6;6;6;6;6;6;6;6;6;6;6;6;6;6;6;6;6;6;6";2.671;2.021;6;6;6;0;0;10;6;8;8;perovskite;1.0;5.0;False;0.9670725095639545;0.4571428571428572;XII
mp-1194970;KAsO3;0.0;16.059863304592884;Pbcn;False;True;;K;As;neither octahedral: lower CN;"8;8;8;8;8;8;8;8";"4;4;4;4;4;4;4;4";2.793;1.716;4;4;2;0;0;8;8;8;8;non-perovskite (B not octahedral);1.0;5.0;False;1.1557014058102713;0.3285714285714286;XII
mp-1195015;CeAsO3;0.0795185009166701;14.56805267391914;P2_1/c;False;True;;Ce;As;neither octahedral: lower CN;"9;9;9;9;8;8;8;8";"3;3;3;3;3;3;3;3";2.601;1.799;3;3;0;0;0;8;8;7;7;non-perovskite (B not octahedral);3.0;3.0;False;0.9785215052783537;0.41428571428571426;XII
mp-1195114;KAsO3;0.0028843527499988;17.440432098801832;P2_1/c;False;True;;K;As;neither octahedral: lower CN;"6;6;6;6;6;6;6;6;6;6;6;6;6;6;6;6;8;8;8;8;8;8;8;8";"4;4;4;4;4;4;4;4;4;4;4;4;4;4;4;4;4;4;4;4;4;4;4;4";2.818;1.717;4;4;2;0;0;6;6;5;5;non-perovskite (B not octahedral);1.0;5.0;False;1.1557014058102713;0.3285714285714286;XII
mp-1195263;CaTeO3;0.0270804031000011;18.58219989864752;Pca2_1;False;True;;Te;Ca;only octahedral cation;"3;3;3;3;3;3;3;3";"6;6;6;6;6;6;6;6";1.897;2.405;6;6;2;3;0;3;3;5;5;non-perovskite (edge-sharing BO6);4.0;2.0;False;0.6982679464217157;0.7142857142857143;VI
mp-1195541;PPbO3;0.3107895189999983;16.798162239722053;Cmc2_1;False;True;;Pb;P;neither octahedral: lower CN;"6;6;6;6;5;5;5;5";"3;3;3;3;3;3;3;3";2.628;1.556;3;3;0;0;0;5;5;6;7;non-perovskite (B not octahedral);2.0;4.0;False;;;
mp-1195746;MgSiO3;0.0216231144166663;10.913289119177378;P2/c;True;True;;Si;Mg;only octahedral cation;"4;4;4;4;4;4;4;4";"6;6;6;6;6;6;6;6";1.652;2.152;6;6;0;5;0;4;4;4;5;non-perovskite (edge-sharing BO6);4.0;2.0;False;0.6003736821395214;0.5142857142857143;VI
mp-1195796;TeHO3;0.0;11.524211671734;Pna2_1;False;False;Valences cannot be assigned!;Te;H;neither octahedral: lower CN;"6;6;6;6;4;4;4;4";"1;1;1;1;1;1;1;1";1.955;0.99;1;1;0;0;0;4;4;2;3;non-perovskite (B not octahedral);;;;;;
mp-1195803;NaNbO3;0.0253544346666654;12.592696527473164;Pnma;False;True;;Na;Nb;only octahedral cation;"7;7;7;7;7;7;7;7;7;7;7;7";"6;6;6;6;6;6;6;6;6;6;6;6";2.638;2.02;6;6;6;0;0;9;7;8;8;perovskite;1.0;5.0;False;0.9670725095639545;0.4571428571428572;XII
mp-1196002;MgSiO3;0.016838666291667;10.954675698378736;P2/c;True;True;;Mg;Si;neither octahedral: lower CN;"6;6;6;6;6;6;6;6;6;6;6;6;6;6;4;4";"4;4;4;4;4;4;4;4;4;4;4;4;4;4;4;4";2.131;1.651;4;4;2;0;0;4;4;4;4;non-perovskite (B not octahedral);2.0;4.0;False;0.8995969605095522;0.28571428571428575;VIII
mp-1196213;LiNbO3;0.0133306270000037;12.157126234575715;P2_1/c;False;True;;Li;Nb;only octahedral cation;"5;5;5;5;5;5;5;5";"6;6;6;6;6;6;6;6";2.076;2.026;6;6;2;3;0;5;5;5;6;non-perovskite (edge-sharing BO6);1.0;5.0;False;0.8041606531141127;0.4571428571428572;VIII
mp-1196533;CsNO3;0.0216733163333344;20.13681793826569;Pa-3;False;True;;Cs;N;neither octahedral: lower CN;"12;12;12;12;6;6;6;6";"3;3;3;3;3;3;3;3";3.344;1.27;3;3;0;0;0;12;6;8;8;non-perovskite (B not octahedral);1.0;5.0;False;1.515889047249592;0.09285714285714286;XII
mp-1196581;KPO3;0.0098904446249941;17.32598929221153;Pa-3;False;True;;P;K;only octahedral cation;"4;4;4;4;4;4;4;4;4;4;4;4;4;4;4;4;4;4;4;4;4;4;4;4;4;4;4;4;4;4;4;4;4;4;4;4;4;4;4;4;4;4;4;4;4;4;4;4";"6;6;6;6;6;6;6;6;6;6;6;6;6;6;6;6;6;6;6;6;6;6;6;6;6;6;6;6;6;6;6;6;6;6;6;6;6;6;6;6;6;6;6;6;6;6;6;6";1.567;2.865;6;6;0;6;2;4;4;6;6;non-perovskite (face-sharing BO6);5.0;1.0;False;0.4527518239251994;0.9857142857142857;VI
mp-1196890;ScRhO3;0.0246142638749962;10.821298152565667;P2_1/c;False;True;;Sc;Rh;both octahedral: shorter M-O;"6;6;6;6;6;6;6;6";"6;6;6;6;6;6;6;6";2.156;2.079;6;6;6;0;0;6;6;8;8;perovskite;3.0;3.0;False;0.7773038224181419;0.47500000000000003;VIII
mp-1197085;PNO3;0.8963390172500034;19.416093080326256;Cmce;False;True;;P;N;neither octahedral: lower CN;"3;3;3;3;4;4;4;4";"1;1;1;1;0;0;0;0";1.561;1.159;0;1;0;0;0;3;3;4;6;non-perovskite (B not octahedral);5.0;1.0;False;;;
mp-1197230;CaCO3;0.0046937550000043;11.44777513379645;P-1;False;True;;Ca;C;neither octahedral: lower CN;"8;8;9;9;7;7;9;9;8;8";"3;3;3;3;3;3;3;3;3;3";2.483;1.291;3;3;0;0;0;7;7;5;6;non-perovskite (B not octahedral);2.0;4.0;False;1.2419696028532952;0.1142857142857143;XII
mp-1197269;HgNO3;0.2212122009999992;15.835697585470404;P4_132;False;True;;N;Hg;neither octahedral: lower CN;"3;3;3;3;3;3;3;3;3;3;3;3";"2;2;2;2;2;2;2;2;2;2;2;2";1.266;2.589;2;2;0;0;0;3;3;5;5;non-perovskite (B not octahedral);5.0;1.0;False;0.4177117278824006;0.85;VI
mp-1197679;NaSeO3;0.1940341179999967;17.172938008915253;C2/c;False;False;Valences cannot be assigned!;Na;Se;neither octahedral: lower CN;"5;5;5;5;6;6;6;6";"3;3;3;3;3;3;3;3";2.462;1.691;3;3;0;0;0;5;5;5;5;non-perovskite (B not octahedral);;;;;;
mp-1197831;LiBrO3;0.2533212421973685;15.49873568893939;Pbca;False;True;;Li;Br;neither octahedral: lower CN;"4;4;4;4;4;4;4;4";"2;2;2;2;2;2;2;2";1.988;1.729;2;2;0;0;0;4;4;5;6;non-perovskite (B not octahedral);1.0;5.0;False;;;
mp-1197939;CaCO3;0.0081561220000088;13.0035364507734;P-1;False;True;;C;Ca;only octahedral cation;"3;3;3;3;3;3;3;3;3;3;3;3;3;3;3;3;3;3";"6;6;6;6;6;6;6;6;6;6;6;6;6;6;6;6;6;6";1.299;2.398;6;6;4;1;0;3;3;6;6;non-perovskite (edge-sharing BO6);4.0;2.0;False;0.4596194077712559;0.7142857142857143;VI
mp-1198142;NaNbO3;0.0283619004999966;12.494027482188647;Pmmn;True;True;;Na;Nb;only octahedral cation;"9;9;9;9;9;9;9;9;10;10;10;10;9;9;9;9;9;9;9;9;4;4;10;10";"6;6;6;6;6;6;6;6;6;6;6;6;6;6;6;6;6;6;6;6;6;6;6;6";2.707;2.011;6;6;6;0;0;8;4;8;8;perovskite;1.0;5.0;False;0.9670725095639545;0.4571428571428572;XII
mp-1198558;CdCO3;0.5671717884999996;14.076616419571309;P2_1/c;False;True;;C;Cd;only octahedral cation;"2;2;2;2;2;2;2;2";"6;6;6;6;6;6;6;6";1.261;2.336;6;6;4;2;0;2;2;4;4;non-perovskite (edge-sharing BO6);4.0;2.0;False;0.46939854410681453;0.6785714285714286;VI
mp-1198759;PNO3;1.2820885692500026;18.03765407888625;Cmce;False;True;;P;N;neither octahedral: lower CN;"4;4;4;4;4;4;4;4";"0;0;0;0;0;0;0;0";1.558;;0;0;0;0;0;4;4;7;7;non-perovskite (B not octahedral);5.0;1.0;False;;;
mp-1198795;KSiO3;0.1501141795000018;16.755559348420256;Cmce;False;False;Valences cannot be assigned!;K;Si;neither octahedral: lower CN;"6;6;6;6;8;8;8;8";"4;4;4;4;4;4;4;4";2.942;1.638;4;4;2;0;0;8;6;8;8;non-perovskite (B not octahedral);;;;;;
mp-1199037;NaNbO3;0.0424806867499985;12.977904719464703;P222_1;True;True;;Na;Nb;only octahedral cation;"12;12;12;12;12;12;12;12";"6;6;6;6;6;6;6;6";2.833;2.014;6;6;6;0;0;12;12;8;8;perovskite;1.0;5.0;False;0.9670725095639545;0.4571428571428572;XII
mp-1199261;KSiO3;0.1479163257500024;16.786163351636187;P2_1/c;False;False;Valences cannot be assigned!;K;Si;neither octahedral: lower CN;"6;6;6;6;8;8;8;8";"4;4;4;4;4;4;4;4";2.938;1.639;4;4;2;0;0;7;6;8;8;non-perovskite (B not octahedral);;;;;;
mp-1199435;HNO3;0.0028689651250006;10.53490384269294;P2_1/c;False;True;;N;H;neither octahedral: lower CN;"3;3;3;3;3;3;3;3";"2;2;2;2;2;2;2;2";1.266;1.324;2;2;0;0;0;3;3;2;2;non-perovskite (B not octahedral);5.0;1.0;False;;;
mp-1199561;FeSiO3;0.0156932764166679;11.449739499460405;P2_1/c;False;True;;Si;Fe;only octahedral cation;"4;4;4;4;4;4;4;4";"6;6;6;6;6;6;6;6";1.652;2.213;6;6;0;5;0;4;4;4;6;non-perovskite (edge-sharing BO6);4.0;2.0;False;0.5838496358421034;0.5571428571428572;VI
mp-1199593;NaNbO3;0.0327036768749984;12.529845046918254;Pmmn;True;True;;Na;Nb;only octahedral cation;"8;8;4;4;8;8;12;12;6;6;4;4;8;8;6;6";"6;6;6;6;6;6;6;6;6;6;6;6;6;6;6;6";2.659;2.01;6;6;6;0;0;8;4;8;8;perovskite;1.0;5.0;False;0.9670725095639545;0.4571428571428572;XII
mp-1199652;MgBO3;0.1826433575000026;10.446487848254357;P2_1/c;False;False;Valences cannot be assigned!;B;Mg;only octahedral cation;"3;3;3;3;3;3;3;3";"6;6;6;6;6;6;6;6";1.38;2.107;6;6;2;4;0;3;3;4;5;non-perovskite (edge-sharing BO6);;;;;;
mp-1199778;MgSiO3;0.0118766529166656;11.169347229634829;Pna2_1;True;True;;Si;Mg;only octahedral cation;"4;4;4;4;4;4;4;4";"6;6;6;6;6;6;6;6";1.647;2.151;6;6;0;5;0;4;4;5;6;non-perovskite (edge-sharing BO6);4.0;2.0;False;0.6003736821395214;0.5142857142857143;VI
mp-1199904;FeBO3;0.0919413762500021;10.05277322431685;P2_1/c;False;True;;B;Fe;only octahedral cation;"3;3;3;3;3;3;3;3";"6;6;6;6;6;6;6;6";1.388;2.066;6;6;2;4;0;3;3;4;5;non-perovskite (edge-sharing BO6);3.0;3.0;False;0.5774417235117527;0.46071428571428574;VI
mp-1199914;MnSeO3;0.00792151025;14.76993526350025;P2_1/c;False;True;;Se;Mn;only octahedral cation;"3;3;3;3;3;3;3;3";"6;6;6;6;6;6;6;6";1.714;2.215;6;6;3;2;0;3;3;5;5;non-perovskite (edge-sharing BO6);4.0;2.0;False;0.6024676611006458;0.5928571428571429;VI
mp-1200596;PNO3;1.528099839500003;23.066197660850023;Pccn;False;True;;P;N;neither octahedral: lower CN;"3;3;3;3;3;3;3;3";"0;0;0;0;0;0;0;0";1.493;;0;0;0;0;0;3;3;6;6;non-perovskite (B not octahedral);5.0;1.0;False;;;
mp-1200675;KIO3;0.0010637869999996;17.60214158933388;R3;False;True;;K;I;neither octahedral: lower CN;"6;6;6;6;6;6;12;12";"3;3;3;3;3;3;3;3";2.991;1.816;3;3;0;0;0;9;6;8;8;non-perovskite (B not octahedral);1.0;5.0;False;0.9147253680030233;0.6785714285714286;XII
mp-1202188;AgIO3;0.0109432500000004;14.741300801152178;Pbca;False;True;;Ag;I;neither octahedral: lower CN;"5;5;5;5;5;5;5;5";"3;3;3;3;3;3;3;3";2.449;1.841;3;3;0;0;0;5;5;5;5;non-perovskite (B not octahedral);1.0;5.0;False;0.8064026270552968;0.6785714285714286;VIII
mp-1202364;MnSeO3;0.0;14.290988371704207;P2_1/c;False;True;;Se;Mn;only octahedral cation;"3;3;3;3;3;3;3;3";"6;6;6;6;6;6;6;6";1.716;2.192;6;6;1;3;0;3;3;5;5;non-perovskite (edge-sharing BO6);4.0;2.0;False;0.6024676611006458;0.5928571428571429;VI
mp-1202570;CuGeO3;0.0726212830000028;12.765274367537128;Pbam;False;True;;Cu;Ge;neither octahedral: shorter M-O;"4;4;4;4;4;4;4;4;4;4;4;4;4;4;4;4";"4;4;4;4;4;4;4;4;4;4;4;4;4;4;4;4";1.948;1.788;4;4;2;0;0;4;4;8;8;non-perovskite (B not octahedral);2.0;4.0;False;0.780382095299143;0.3785714285714286;VI
mp-1202801;LiPO3;0.000989664133332;12.1586885289899;Pc;False;True;;Li;P;neither octahedral: shorter M-O;"4;4;4;4;4;4;4;4;4;4;4;4;4;4;4;4;4;4;4;4";"4;4;4;4;4;4;4;4;4;4;4;4;4;4;4;4;4;4;4;4";1.995;1.559;4;4;2;0;0;4;4;4;4;non-perovskite (B not octahedral);1.0;5.0;False;0.9216223215465114;0.27142857142857146;VIII
mp-1202955;MnBiO3;0.0348086697249989;12.810453388225762;Pmn2_1;False;True;;Bi;Mn;only octahedral cation;"4;4;6;6;4;4;6;6;5;5;5;5;4;4;4;4";"6;6;6;6;6;6;6;6;6;6;6;6;6;6;6;6";2.387;2.055;6;6;6;0;0;4;4;8;8;perovskite;3.0;3.0;False;0.88863786193126;0.46071428571428574;VIII
mp-1203220;InRhO3;0.0406221204999948;11.487845396130666;P2_1/c;False;True;;In;Rh;both octahedral: shorter M-O;"6;6;6;6;6;6;6;6";"6;6;6;6;6;6;6;6";2.222;2.091;6;6;6;0;0;6;6;8;8;perovskite;3.0;3.0;False;0.7944250519868233;0.47500000000000003;VIII
mp-1203293;NaNbO3;0.0245707684999985;12.477947824275551;Pnma;True;True;;Na;Nb;only octahedral cation;"8;8;8;8;7;7;7;7;9;9;9;9;9;9;9;9;10;10;10;10;8;8;8;8";"6;6;6;6;6;6;6;6;6;6;6;6;6;6;6;6;6;6;6;6;6;6;6;6";2.683;2.015;6;6;6;0;0;7;7;8;8;perovskite;1.0;5.0;False;0.9670725095639545;0.4571428571428572;XII
mp-1203481;NbAgO3;0.0605651891730776;12.871224692045796;Pmc2_1;False;True;;Ag;Nb;only octahedral cation;"3;3;3;3;8;8;8;8";"6;6;6;6;6;6;6;6";2.601;2.048;6;6;6;0;0;8;3;8;8;perovskite;1.0;5.0;False;0.9289442027352681;0.4571428571428572;VIII
mp-1205336;BaMnO3;0.0076263746666667;13.840440327242217;P6_3mc;False;True;;Ba;Mn;only octahedral cation;"12;12;12;12";"6;6;6;6";2.932;1.906;6;6;0;0;2;12;12;6;6;non-perovskite (face-sharing BO6);2.0;4.0;False;1.1027934773945636;0.3785714285714286;XII
mp-1205362;NbAgO3;0.0718574189230762;12.714204996549553;Cmcm;False;True;;Ag;Nb;both octahedral: higher valence;"6;6;6;6";"6;6;6;6";2.615;2.025;6;6;6;0;0;6;6;8;8;perovskite;1.0;5.0;False;0.9289442027352681;0.4571428571428572;VIII
mp-1205366;LuRhO3;0.0;10.90746556179833;Pnma;False;True;;Lu;Rh;only octahedral cation;"8;8;8;8";"6;6;6;6";2.361;2.046;6;6;6;0;0;8;8;6;8;perovskite;3.0;3.0;False;0.8327766062206701;0.47500000000000003;IX
mp-1205375;LaMnO3;0.167216073023809;12.372434334359438;P4/mbm;False;True;;La;Mn;only octahedral cation;"8;8";"6;6";2.653;2.008;6;6;6;0;0;12;8;8;8;perovskite;3.0;3.0;False;0.9543348244864894;0.46071428571428574;XII
mp-1205364;CaTiO3;0.0114495924999999;11.251449585587958;Cmcm;False;True;;Ca;Ti;only octahedral cation;"4;4;10;10";"6;6;6;6";2.497;1.954;6;6;6;0;0;6;4;8;8;perovskite;2.0;4.0;False;0.9663204890030626;0.43214285714285716;XII
mp-1206033;VNiO3;0.0300679120000246;9.736441446710849;P-1;True;True;;Ni;V;both octahedral: higher valence;"6;6";"6;6";2.048;1.958;6;6;0;3;0;6;6;4;4;non-perovskite (edge-sharing BO6);2.0;4.0;False;0.7463904912524668;0.41428571428571426;VI
mp-1206118;VCoO3;0.0221318904999971;10.484497603539772;P-1;True;True;;Co;V;both octahedral: higher valence;"6;6";"6;6";2.133;1.981;6;6;0;3;0;6;6;5;6;non-perovskite (edge-sharing BO6);2.0;4.0;False;0.8213866650146764;0.41428571428571426;VIII
mp-1206341;NdSbO3;0.7686863123333447;15.697867659026397;Pm-3m;True;True;;Nd;Sb;only octahedral cation;12;6;3.028;2.141;6;6;6;0;0;12;12;8;8;perovskite;3.0;3.0;False;0.8740625489667044;0.5428571428571429;XII
mp-1206706;EuGaO3;0.1642481145000012;13.5502516149272;P6_3/mmc;True;True;;Ga;Eu;only octahedral cation;"5;5";"6;6";2.022;2.355;6;6;0;6;0;5;5;6;6;non-perovskite (edge-sharing BO6);3.0;3.0;False;0.6085878559850132;0.6764285714285715;VI
mp-1206844;RbPaO3;0.0;16.818487311512804;Pm-3m;True;False;Structure contains elements not in set of BV parameters: {Element Pa};Rb;Pa;only octahedral cation;12;6;3.098;2.191;6;6;6;0;0;12;12;8;8;perovskite;;;;;;
mp-1206840;SrRhO3;0.0303996117499965;12.655303029275242;I4/mcm;True;True;;Sr;Rh;only octahedral cation;"8;8";"6;6";2.653;2.032;6;6;6;0;0;8;8;8;8;perovskite;2.0;4.0;False;1.0040916292848974;0.4285714285714286;XII
mp-1206846;SrRhO3;0.0175685137499961;12.17055259194724;Imma;True;True;;Sr;Rh;only octahedral cation;"5;5";"6;6";2.502;2.004;6;6;6;0;0;7;5;8;8;perovskite;2.0;4.0;False;1.0040916292848974;0.4285714285714286;XII
mp-1206970;KPaO3;0.0;16.53085239221046;Pm-3m;True;False;Structure contains elements not in set of BV parameters: {Element Pa};K;Pa;only octahedral cation;12;6;3.08;2.178;6;6;6;0;0;12;12;8;8;perovskite;;;;;;
mp-1207000;DyBiO3;1.1387212700000011;17.295567816150264;Pm-3m;True;False;Valences cannot be assigned!;Dy;Bi;only octahedral cation;12;6;3.127;2.211;6;6;6;0;0;12;12;8;8;perovskite;;;;;;
mp-1207083;FeSnO3;0.7771393140000011;13.049086486880912;Pm-3m;True;True;;Fe;Sn;only octahedral cation;12;6;2.847;2.013;6;6;6;0;0;12;12;8;8;perovskite;2.0;4.0;False;0.7849223599774116;0.4928571428571428;VIII
mp-1207179;SmSbO3;0.8600861210000117;15.560210919336782;Pm-3m;True;True;;Sm;Sb;only octahedral cation;12;6;3.019;2.135;6;6;6;0;0;12;12;8;8;perovskite;3.0;3.0;False;0.8642416214502245;0.5428571428571429;XII
mp-1207184;DySbO3;1.0392703892000013;15.331720055125714;Pm-3m;True;True;;Dy;Sb;only octahedral cation;12;6;3.004;2.124;6;6;6;0;0;12;12;8;8;perovskite;3.0;3.0;False;0.8128454341139801;0.5428571428571429;IX
mp-1207172;SrPuO3;0.0906437980000127;16.611525763066023;Pm-3m;True;False;Structure contains elements not in set of BV parameters: {Element Pu};Sr;Pu;only octahedral cation;12;6;3.085;2.182;6;6;6;0;0;12;12;8;8;perovskite;;;;;;
mp-1207180;HoSbO3;1.0767345525500014;15.313007056242023;Pm-3m;True;True;;Ho;Sb;only octahedral cation;12;6;3.003;2.123;6;6;6;0;0;12;12;8;8;perovskite;3.0;3.0;False;0.8249579113843054;0.5428571428571429;X
mp-1207629;YRhO3;0.0;11.408433003358589;Pnma;True;True;;Y;Rh;only octahedral cation;"8;8;8;8";"6;6;6;6";2.41;2.056;6;6;6;0;0;8;8;6;8;perovskite;3.0;3.0;False;0.8475008636497361;0.47500000000000003;IX
mp-1207705;TmRhO3;0.0;11.081110278643662;Pnma;True;True;;Tm;Rh;only octahedral cation;"8;8;8;8";"6;6;6;6";2.378;2.05;6;6;6;0;0;8;8;6;8;perovskite;3.0;3.0;False;0.8396250980481427;0.47500000000000003;IX
mp-1207696;TmScO3;0.0493298766249985;12.266718196540875;Pnma;True;True;;Tm;Sc;only octahedral cation;"8;8;8;8";"6;6;6;6";2.474;2.117;6;6;6;0;0;6;8;8;8;perovskite;3.0;3.0;False;0.80831040907665;0.5321428571428571;IX
mp-1207852;VSnO3;0.2678224332499956;11.97717200248361;Pnma;True;True;;V;Sn;only octahedral cation;"4;4;4;4";"6;6;6;6";2.169;2.111;6;6;6;0;0;4;4;8;8;perovskite;2.0;4.0;False;0.7409396415304015;0.4928571428571428;VI
mp-1208626;SrRhO3;0.0058104137499954;12.17742849012508;Pnma;True;True;;Sr;Rh;only octahedral cation;"8;8;8;8";"6;6;6;6";2.597;2.01;6;6;6;0;0;8;8;8;8;perovskite;2.0;4.0;False;1.0040916292848974;0.4285714285714286;XII
mp-1209329;PrVO3;0.0;11.981288410754576;Pnma;False;True;;Pr;V;only octahedral cation;"8;8;8;8";"6;6;6;6";2.564;2.009;6;6;6;0;0;8;8;8;8;perovskite;3.0;3.0;False;0.8939354846471106;0.4571428571428572;IX
mp-1209729;PuVO3;0.0479939560833386;12.175561882035309;Pnma;True;False;Structure contains elements not in set of BV parameters: {Element Pu};Pu;V;only octahedral cation;"8;8;8;8";"6;6;6;6";2.492;2.071;6;6;6;0;0;8;8;8;8;perovskite;;;;;;
mp-1209736;PuCrO3;0.0820135706666729;12.00957896736069;Pnma;True;False;Structure contains elements not in set of BV parameters: {Element Pu};Pu;Cr;only octahedral cation;"8;8;8;8";"6;6;6;6";2.524;2.036;6;6;6;0;0;8;8;8;8;perovskite;;;;;;
mp-1209810;NiTeO3;0.0463462223333346;11.979160850308904;Pnma;True;True;;Te;Ni;only octahedral cation;"3;3;3;3";"6;6;6;6";1.955;2.143;6;6;6;0;0;3;3;8;8;perovskite;4.0;2.0;False;0.8018387901493387;0.4928571428571428;VI
mp-1209937;NdLuO3;0.0226727263749975;14.269779962424147;Pnma;True;True;;Nd;Lu;only octahedral cation;"8;8;8;8";"6;6;6;6";2.622;2.206;6;6;6;0;0;6;8;8;8;perovskite;3.0;3.0;False;0.8350177380663784;0.615;XII
mp-1209979;NiTeO3;0.2873665103333342;12.570317294619766;Pnma;True;True;;Ni;Te;only octahedral cation;"4;4;4;4";"6;6;6;6";2.062;2.206;6;6;6;0;0;4;4;8;8;perovskite;2.0;4.0;False;0.6235667395273773;0.6928571428571428;VI
mp-1210642;MnTeO3;0.230264361833326;13.207173922999475;Pnma;True;True;;Mn;Te;only octahedral cation;"4;4;4;4";"6;6;6;6";2.181;2.206;6;6;6;0;0;4;4;8;8;perovskite;2.0;4.0;False;0.7041232082701485;0.6928571428571428;VIII
mp-1210723;MnPO3;0.3075736546439422;14.68756503029457;P2_1/c;True;True;;P;Mn;only octahedral cation;"3;3;3;3;3;3;3;3";"6;6;6;6;6;6;6;6";1.56;2.245;6;6;1;3;0;3;3;5;5;non-perovskite (edge-sharing BO6);4.0;2.0;False;;;
mp-1211104;LiSeO3;0.2078412106666709;16.984613437042547;P2_12_12_1;True;False;Valences cannot be assigned!;Li;Se;neither octahedral: lower CN;"4;4;4;4";"3;3;3;3";1.983;1.689;3;3;0;0;0;4;4;4;4;non-perovskite (B not octahedral);;;;;;
mp-1212108;HoRhO3;0.0;11.27287626653443;Pnma;True;True;;Ho;Rh;only octahedral cation;"8;8;8;8";"6;6;6;6";2.397;2.053;6;6;6;0;0;8;8;6;8;perovskite;3.0;3.0;False;0.8629099702615496;0.47500000000000003;X
mp-1212207;InRhO3;0.3344170647499958;12.17544016664564;Pnma;True;True;;In;Rh;both octahedral: shorter M-O;"6;6;6;6";"6;6;6;6";2.217;2.214;6;6;2;2;0;6;6;8;8;non-perovskite (edge-sharing BO6);3.0;3.0;False;0.7944250519868233;0.47500000000000003;VIII
mp-1212404;HfCdO3;0.0146295015000035;12.369137686375192;Pnma;True;True;;Cd;Hf;only octahedral cation;"8;8;8;8";"6;6;6;6";2.529;2.079;6;6;6;0;0;8;8;8;8;perovskite;2.0;4.0;False;0.9081797995334331;0.5071428571428571;XII
mp-1212640;GdInO3;0.0;14.45129712437646;P6_3cm;True;True;;Gd;In;neither octahedral: lower CN;"7;7;7;7;7;7";"5;5;5;5;5;5";2.387;2.128;5;5;6;0;0;7;7;6;6;non-perovskite (B not octahedral);3.0;3.0;False;0.8057803183793973;0.5714285714285715;IX
mp-1212729;EuGaO3;0.1735557585000027;11.807931435258112;Pnma;True;True;;Eu;Ga;only octahedral cation;"8;8;8;8";"6;6;6;6";2.514;2.013;6;6;6;0;0;8;8;8;8;perovskite;3.0;3.0;False;0.8821332121733166;0.4428571428571429;IX
mp-1212757;EuCoO3;0.129256866214348;10.590823390541807;Pnma;True;True;;Eu;Co;only octahedral cation;"8;8;8;8";"6;6;6;6";2.487;1.919;6;6;6;0;0;9;8;8;8;perovskite;3.0;3.0;False;0.8865219346219403;0.4357142857142857;IX
mp-1212778;GdInO3;0.052235792166666;13.657013047995768;Pnma;True;True;;Gd;In;only octahedral cation;"8;8;8;8";"6;6;6;6";2.561;2.198;6;6;6;0;0;6;8;8;8;perovskite;3.0;3.0;False;0.8057803183793973;0.5714285714285715;IX
mp-1212795;EuInO3;0.2181884279999995;13.98082891248429;Pnma;True;True;;Eu;In;only octahedral cation;"8;8;8;8";"6;6;6;6";2.588;2.2;6;6;6;0;0;6;8;8;8;perovskite;3.0;3.0;False;0.8099586766318634;0.5714285714285715;IX
mp-1212884;DyRhO3;0.0;11.374089739405116;Pnma;True;True;;Dy;Rh;only octahedral cation;"8;8;8;8";"6;6;6;6";2.407;2.055;6;6;6;0;0;8;8;6;8;perovskite;3.0;3.0;False;0.8502402603807251;0.47500000000000003;IX
mp-1212980;EuInO3;0.148547207;14.65066249606942;P6_3cm;True;True;;Eu;In;neither octahedral: lower CN;"7;7;7;7;7;7";"5;5;5;5;5;5";2.409;2.131;5;5;6;0;0;7;7;6;6;non-perovskite (B not octahedral);3.0;3.0;False;0.8099586766318634;0.5714285714285715;IX
mp-1212985;ErScO3;0.0408890393749992;12.31702049812294;Pnma;True;True;;Er;Sc;only octahedral cation;"8;8;8;8";"6;6;6;6";2.481;2.115;6;6;6;0;0;6;8;8;8;perovskite;3.0;3.0;False;0.8116069441870767;0.5321428571428571;IX
mp-1213022;ErRhO3;0.0;11.171173210604334;Pnma;True;True;;Er;Rh;only octahedral cation;"8;8;8;8";"6;6;6;6";2.387;2.051;6;6;6;0;0;8;8;6;8;perovskite;3.0;3.0;False;0.8430493439618789;0.47500000000000003;IX
mp-1213088;ErGaO3;0.0135107316333318;12.00382118990772;P6_3cm;True;True;;Er;Ga;neither octahedral: lower CN;"7;7;7;7;7;7";"5;5;5;5;5;5";2.282;1.964;5;5;6;0;0;7;7;6;6;non-perovskite (B not octahedral);3.0;3.0;False;0.8618301461788513;0.4428571428571429;IX
mp-1213082;ErGaO3;0.0506748862999986;11.181628152926097;Pnma;True;True;;Er;Ga;only octahedral cation;"8;8;8;8";"6;6;6;6";2.423;2.014;6;6;6;0;0;8;8;8;8;perovskite;3.0;3.0;False;0.8618301461788513;0.4428571428571429;IX
mp-1213232;CsPO3;0.0131360074999973;19.842831955475383;Pnma;True;True;;P;Cs;only octahedral cation;"4;4;4;4";"6;6;6;6";1.549;3.088;6;6;0;6;0;4;4;7;7;non-perovskite (edge-sharing BO6);5.0;1.0;False;0.4099837363231447;1.1928571428571428;VI
mp-1213226;CsPO3;0.0;18.551450890593436;P2_1/c;True;True;;Cs;P;neither octahedral: lower CN;"7;7;7;7";"4;4;4;4";3.134;1.55;4;4;2;0;0;7;7;7;7;non-perovskite (B not octahedral);1.0;5.0;False;1.302983282186447;0.27142857142857146;XII
mp-1213318;EuUO3;0.0194827925000158;15.68612132158071;Pnma;True;True;;Eu;U;only octahedral cation;"8;8;8;8";"6;6;6;6";2.727;2.255;6;6;6;0;0;6;8;8;8;perovskite;2.0;4.0;False;0.8491456979314435;0.6357142857142858;X
mp-1213363;EuNpO3;0.0;15.582935091163034;Pnma;True;False;Structure contains elements not in set of BV parameters: {Element Np};Eu;Np;only octahedral cation;"8;8;8;8";"6;6;6;6";2.713;2.259;6;6;6;0;0;6;8;8;8;perovskite;;;;;;
mp-1213788;CeTmO3;0.0668438008750005;14.69685334595413;Pnma;True;True;;Ce;Tm;only octahedral cation;"8;8;8;8";"6;6;6;6";2.638;2.24;6;6;6;0;0;6;8;8;8;perovskite;3.0;3.0;False;0.8497686756364651;0.6285714285714287;XII
mp-1213810;CeLuO3;0.0570241827499984;14.42060185010141;Pnma;True;True;;Ce;Lu;only octahedral cation;"8;8;8;8";"6;6;6;6";2.631;2.215;6;6;6;0;0;6;8;8;8;perovskite;3.0;3.0;False;0.8569095888771076;0.615;XII
mp-1213812;CeCdO3;0.1778267175000012;15.286442540103868;Cmcm;True;True;;Cd;Ce;only octahedral cation;"6;6;4;4";"6;6;6;6";2.416;2.261;6;6;6;0;0;4;4;8;8;perovskite;2.0;4.0;False;0.8441671264385655;0.6214285714285714;XII
mp-1213826;CeRhO3;0.1692356910000025;12.599516976833636;Pnma;True;True;;Ce;Rh;only octahedral cation;"8;8;8;8";"6;6;6;6";2.483;2.134;6;6;6;0;0;8;8;6;8;perovskite;3.0;3.0;False;0.9382433803637484;0.47500000000000003;XII
mp-1213970;CaOsO3;0.087307310099991;11.79071603162262;Pnma;True;False;Structure contains elements not in set of BV parameters: {Element Os};Ca;Os;only octahedral cation;"8;8;8;8";"6;6;6;6";2.49;2.031;6;6;6;0;0;8;8;8;8;perovskite;;;;;;
mp-1214407;BaBO3;1.2537079676666547;10.74983629367831;Pm-3m;True;False;Valences cannot be assigned!;Ba;B;only octahedral cation;12;6;2.669;1.887;6;6;6;0;0;12;12;8;8;perovskite;;;;;;
mp-1214439;CePbO3;0.377044176312503;18.05671027572081;Cmcm;True;True;;Pb;Ce;only octahedral cation;"4;4;4;4";"6;6;6;6";2.445;2.354;6;6;0;3;0;6;4;8;8;non-perovskite (edge-sharing BO6);2.0;4.0;False;0.9002372676780274;0.6214285714285714;XII
mp-1214788;BaPtO3;0.0047150411238217;14.897334036701976;P6_3/mmc;True;False;Structure contains elements not in set of BV parameters: {Element Pt};Ba;Pt;only octahedral cation;"12;12;12;12;12;12;12;12;12;12;12;12;12;12";"6;6;6;6;6;6;6;6;6;6;6;6;6;6";3.002;2.061;6;6;3;0;1;12;12;6;6;non-perovskite (face-sharing BO6);;;;;;
mp-1215965;YZrO3;0.1239096287583336;14.40198812025934;I2_12_12_1;True;True;;Y;Zr;both octahedral: shorter M-O;"6;6;6;6;6;6;6;6";"6;6;6;6;6;6;6;6";2.292;2.233;6;6;2;2;0;6;6;6;6;non-perovskite (edge-sharing BO6);3.0;3.0;False;;;
mp-1216067;YBO3;0.0497425566666667;12.523366719974508;Cmcm;True;True;;B;Y;only octahedral cation;"3;3";"6;6";1.386;2.296;6;6;2;2;0;3;3;6;6;non-perovskite (edge-sharing BO6);3.0;3.0;False;0.5134210106876237;0.6428571428571429;VI
mp-1216392;VCrO3;0.0075114801250038;9.96975000973038;R3c;True;True;;V;Cr;both octahedral: shorter M-O;"6;6";"6;6";2.022;2.007;6;6;6;0;0;6;6;7;7;non-perovskite (corner-sharing, A outside cavity);3.0;3.0;False;0.7158798181739737;0.43928571428571433;VI
mp-1216763;TiVO3;0.0;10.387320059980844;R3c;True;True;;V;Ti;both octahedral: higher valence;"6;6";"6;6";2.07;2.022;6;6;6;0;0;6;6;7;7;non-perovskite (corner-sharing, A outside cavity);2.0;4.0;False;0.77235104777982;0.43214285714285716;VI
mp-1217607;TbBO3;0.0;11.930788763395244;Ama2;True;True;;B;Tb;only octahedral cation;"3;3";"6;6";1.379;2.307;6;6;6;0;0;3;3;6;6;non-perovskite (corner-sharing, A outside cavity);3.0;3.0;False;0.5083376343441818;0.6592857142857144;VI
mp-1218206;SrMnO3;0.0126189035000008;12.285041303558083;P6_3mc;True;True;;Sr;Mn;only octahedral cation;"12;12;12;12";"6;6;6;6";2.812;1.923;6;6;3;0;1;12;12;6;6;non-perovskite (face-sharing BO6);2.0;4.0;False;1.0405094603988574;0.3785714285714286;XII
mp-1218370;SrCO3;0.0317049775000066;14.907811553278991;R32;True;True;;C;Sr;only octahedral cation;3;6;1.303;2.542;6;6;6;0;0;3;3;6;6;non-perovskite (corner-sharing, A outside cavity);4.0;2.0;False;0.4275529374616333;0.8428571428571429;VI
mp-1219584;RbNO3;0.0;17.06867257381166;R3m;True;True;;Rb;N;neither octahedral: lower CN;9;3;2.922;1.262;3;3;0;0;0;9;9;7;7;non-perovskite (B not octahedral);1.0;5.0;False;1.4419432400666852;0.09285714285714286;XII
mp-1220387;NbAgO3;0.074483993923077;12.791798090285628;P4/mbm;True;True;;Ag;Nb;only octahedral cation;"8;8";"6;6";2.702;2.022;6;6;6;0;0;12;8;8;8;perovskite;1.0;5.0;False;0.9289442027352681;0.4571428571428572;VIII
mp-1220986;NaNO3;0.0110834510000001;12.420418051079308;R32;True;True;;N;Na;only octahedral cation;3;6;1.259;2.384;6;6;6;0;0;3;3;6;6;non-perovskite (corner-sharing, A outside cavity);5.0;1.0;False;0.44705511372537915;0.7285714285714286;VI
mp-1221516;MoHO3;0.0904766701071375;11.751072688341688;C2;True;True;;H;Mo;only octahedral cation;"2;2";"6;6";1.323;1.948;6;6;4;2;0;1;2;2;2;non-perovskite (edge-sharing BO6);1.0;5.0;False;;;
mp-1221601;MnO3F;0.3400465992222168;18.366335202383635;Cc;True;False;Valences cannot be assigned!;Mn;F;neither octahedral: lower CN;"3;3";"0;0";1.584;;0;0;0;0;0;3;3;1;1;non-perovskite (B not octahedral);;;;;;
mp-1222450;LuBO3;0.0841256620000017;11.366817285947048;Ama2;True;True;;Lu;B;neither octahedral: lower CN;"8;8";"3;3";2.266;1.389;3;3;0;0;0;8;8;6;6;non-perovskite (B not octahedral);3.0;3.0;False;1.0297507136800501;0.1928571428571429;IX
mp-1223446;KIO3;0.0061630479999985;18.476478801420548;R3;True;True;;K;I;neither octahedral: lower CN;9;3;2.992;1.842;3;3;0;0;0;12;9;8;8;non-perovskite (B not octahedral);1.0;5.0;False;0.9147253680030233;0.6785714285714286;XII
mp-1223439;KPO3;0.2459415459999956;20.1794081320203;C2/m;True;True;;K;P;neither octahedral: lower CN;"5;5";"3;3";2.74;1.495;3;3;0;0;0;7;5;5;5;non-perovskite (B not octahedral);1.0;5.0;False;1.2076430420264632;0.27142857142857146;XII
mp-1224030;InCuO3;0.0511924366250005;11.74760846196331;R3m;True;True;;In;Cu;neither octahedral: lower CN;7;5;2.282;1.945;5;5;6;0;0;7;7;6;6;non-perovskite (B not octahedral);3.0;2.0;False;0.7701820339684461;0.5214285714285715;VIII
mp-1224628;GdBO3;0.0853810309999989;12.27630032855572;Ama2;True;True;;B;Gd;only octahedral cation;"3;3";"6;6";1.38;2.34;6;6;6;0;0;3;3;6;6;non-perovskite (corner-sharing, A outside cavity);3.0;3.0;False;0.5050762722761053;0.67;VI
mp-1224772;HNO3;0.0;10.546898570476458;P2_1;True;True;;N;H;neither octahedral: lower CN;"3;3;3;3;3;3;3;3;3;3;3;3;3;3;3;3";"2;2;2;2;2;2;2;2;2;2;2;2;2;2;2;2";1.265;1.319;2;2;0;0;0;3;3;1;2;non-perovskite (B not octahedral);5.0;1.0;False;;;
mp-1225223;EuBO3;0.0631793336666675;12.879283262488732;Ama2;True;True;;Eu;B;neither octahedral: lower CN;"8;8";"3;3";2.455;1.385;3;3;0;0;0;8;8;6;6;non-perovskite (B not octahedral);3.0;3.0;False;1.067011430293473;0.1928571428571429;IX
mp-1226283;CrWO3;0.726917570800012;22.652102388659603;R3;True;True;;Cr;W;neither octahedral: shorter M-O;3;3;2.045;1.812;3;3;0;0;0;3;3;1;1;non-perovskite (B not octahedral);2.0;4.0;False;0.755162581849711;0.4714285714285715;VI
mp-1226313;CrMoO3;0.4444972862499945;12.065136790340544;R3;True;True;;Cr;Mo;both octahedral: higher valence;6;6;1.994;2.145;6;6;6;0;0;6;6;7;7;non-perovskite (corner-sharing, A outside cavity);2.0;4.0;False;0.758846301761173;0.46428571428571436;VI
mp-1227040;CdGeO3;0.7346992187499986;13.779220244027488;Cc;True;True;;Cd;Ge;neither octahedral: lower CN;"5;5";"3;3";2.278;1.914;3;3;0;0;0;5;5;4;4;non-perovskite (B not octahedral);2.0;3.0;False;;;
mp-1227955;BaBiO3;0.022849193999999;17.46396515928049;R32;True;False;Valences cannot be assigned!;Ba;Bi;only octahedral cation;12;6;3.071;2.219;6;6;6;0;0;12;12;8;8;perovskite;;;;;;
mp-1227982;BaCO3;0.0490504610000082;17.785552449024884;R32;True;True;;C;Ba;only octahedral cation;3;6;1.301;2.737;6;6;6;0;0;3;3;6;6;non-perovskite (corner-sharing, A outside cavity);4.0;2.0;False;0.40112239223673235;0.9642857142857144;VI
mp-1227991;BaInO3;0.097662806750006;15.857786982262535;Amm2;True;True;;Ba;In;only octahedral cation;"10;10";"6;6";2.92;2.165;6;6;6;0;0;10;10;8;8;perovskite;2.0;3.0;False;0.9674506415325034;0.5714285714285715;XII
mp-1228456;CaTeO3;0.0154940256000015;17.83702917560521;P-1;True;True;;Ca;Te;neither octahedral: lower CN;"7;7;7;7;7;7;7;7;8;8;7;7;7;7;6;6;7;7";"3;3;3;3;3;3;3;3;3;3;3;3;3;3;3;3;4;4";2.489;1.919;3;4;0;0;0;5;6;5;5;non-perovskite (B not octahedral);2.0;4.0;False;0.8174989790933082;0.6928571428571428;XII
mp-1239170;ZrBeO3;1.6305065499999998;13.948148160152469;Pm-3m;True;True;;Be;Zr;only octahedral cation;0;6;;2.058;6;6;6;0;0;12;0;8;8;perovskite;2.0;4.0;False;0.6170507288656192;0.5142857142857143;VI
mp-1239192;LaTaO3;0.3364102102133319;13.513796800579206;Pm-3m;True;True;;La;Ta;only octahedral cation;12;6;2.88;2.037;6;6;6;0;0;12;12;8;8;perovskite;1.0;5.0;False;;;
mp-1244876;CrFeO3;0.7591282689999961;14.297376608791534;P1;True;False;Valences cannot be assigned!;Cr;Fe;neither octahedral: lower CN;"4;4;4;5;4;5;5;5;4;5;5;3;5;6;5;5";"4;5;4;5;4;5;4;4;4;5;4;4;4;5;4;5";1.947;2.036;4;5;0;4;0;3;3;1;1;non-perovskite (B not octahedral);;;;;;
mp-1244905;CrFeO3;0.4302508221249947;12.567799670005671;P1;True;False;Valences cannot be assigned!;Cr;Fe;neither octahedral: lower CN;"5;6;5;5;5;5;5;6;4;4;5;5;5;5;5;5";"5;5;4;6;4;5;4;5;5;4;6;5;5;4;5;5";1.983;2.051;4;6;0;3;0;4;4;1;2;non-perovskite (B not octahedral);;;;;;
mp-1245072;CrFeO3;0.4473760366249966;12.970240850988043;P1;True;False;Valences cannot be assigned!;Cr;Fe;neither octahedral: lower CN;"5;4;4;5;5;5;4;4;6;6;6;4;5;5;4;5";"5;5;4;4;5;5;4;6;6;4;4;5;5;6;4;4";1.97;2.066;4;6;2;2;2;3;4;2;2;non-perovskite (B not octahedral);;;;;;
mp-1245144;CrFeO3;0.4077534167499959;13.032241627848574;P1;True;False;Valences cannot be assigned!;Cr;Fe;neither octahedral: lower CN;"6;5;6;6;5;5;5;5;5;5;5;4;6;5;5;5";"5;4;5;5;4;4;4;5;5;4;4;5;6;4;4;6";1.981;2.063;4;6;2;2;0;4;4;2;2;non-perovskite (B not octahedral);;;;;;
mp-1245147;CrFeO3;0.4584400442499952;12.7839558976483;P1;True;False;Valences cannot be assigned!;Cr;Fe;neither octahedral: lower CN;"5;6;5;4;5;5;4;6;6;3;5;5;4;6;4;4";"4;5;5;4;6;6;5;5;4;4;5;6;5;3;5;4";1.95;2.087;3;6;2;3;0;3;3;1;2;non-perovskite (B not octahedral);;;;;;
mp-1245179;CrFeO3;0.3990163157499964;12.39041398481788;P1;True;False;Valences cannot be assigned!;Cr;Fe;neither octahedral: lower CN;"5;5;6;4;5;6;4;6;5;5;4;6;6;5;6;5";"6;5;5;4;5;5;4;6;5;4;5;5;5;4;5;5";1.992;2.092;4;6;0;5;1;3;4;3;3;non-perovskite (B not octahedral);;;;;;
mp-1245204;CrFeO3;0.3815727942499958;12.840516915286743;P1;True;False;Valences cannot be assigned!;Cr;Fe;neither octahedral: lower CN;"5;4;5;5;6;6;5;5;5;5;6;5;5;5;5;4";"5;4;5;4;4;6;5;4;4;4;5;4;5;5;4;4";1.979;2.023;4;6;0;2;1;4;4;1;3;non-perovskite (B not octahedral);;;;;;
mp-1245260;CrFeO3;0.4075171337499945;12.820375167847253;P1;True;False;Valences cannot be assigned!;Cr;Fe;neither octahedral: lower CN;"5;5;4;5;4;4;5;5;5;5;6;5;6;4;5;5";"5;4;5;4;4;4;5;5;4;6;5;6;5;5;5;4";1.95;2.065;4;6;0;4;0;4;4;2;2;non-perovskite (B not octahedral);;;;;;
mp-1248251;AlVO3;0.1516174861249961;10.00407195862122;Pnma;True;True;;Al;V;only octahedral cation;"4;4;4;4";"6;6;6;6";1.836;2.073;6;6;6;0;0;4;4;8;8;perovskite;3.0;3.0;False;0.6707115792137104;0.4571428571428572;VI
mp-1248327;TiAlO3;0.2374037218333331;10.47943716193708;Cmcm;True;True;;Ti;Al;only octahedral cation;"5;5;5;5;5;5";"6;6;6;6;6;6";1.956;2.047;6;6;0;6;0;5;5;6;6;non-perovskite (edge-sharing BO6);3.0;3.0;False;0.7564398124321204;0.3821428571428572;VI
mp-1248301;AlSnO3;0.4299562094583296;11.861131494526797;P6_3cm;True;True;;Al;Sn;neither octahedral: lower CN;"6;6;6;6;4;4";"5;5;5;5;5;5";2.029;2.162;5;5;6;0;0;4;4;6;6;non-perovskite (B not octahedral);3.0;3.0;False;;;
mp-1248370;AlMoO3;0.4636322037499951;10.695053338373349;P6_3cm;True;True;;Al;Mo;neither octahedral: lower CN;"6;6;6;6;4;4";"5;5;5;5;5;5";1.979;2.066;5;5;6;0;0;4;4;6;6;non-perovskite (B not octahedral);3.0;3.0;False;0.6546658476535739;0.4928571428571428;VI
mp-1248478;AlCoO3;0.2507092341666652;10.027847199274596;P1;True;True;;Co;Al;only octahedral cation;"5;5;5;5;5;5";"6;6;6;6;6;6";1.912;2.023;6;6;0;6;0;5;5;6;6;non-perovskite (edge-sharing BO6);3.0;3.0;False;0.7345140207674212;0.3821428571428572;VI
mp-1251690;AlCrO3;0.3521423754999997;10.215818993353857;P6_3cm;True;True;;Cr;Al;only octahedral cation;"5;5;5;5;5;5";"6;6;6;6;6;6";1.924;2.045;6;6;0;6;0;5;5;6;6;non-perovskite (edge-sharing BO6);3.0;3.0;False;0.7363411700728129;0.3821428571428572;VI
mp-1251647;AlWO3;0.5481336065833293;10.87252634898166;P6_3cm;True;True;;Al;W;neither octahedral: lower CN;"6;6;6;6;4;4";"5;5;5;5;5;5";1.989;2.085;5;5;6;0;0;4;4;6;6;non-perovskite (B not octahedral);3.0;3.0;False;;;
mp-1253488;AlAgO3;0.1395200418333324;12.395978859704986;Pnma;True;True;;Ag;Al;neither octahedral: shorter M-O;"4;4;4;4";"4;4;4;4";2.067;1.769;4;4;2;0;0;4;4;6;6;non-perovskite (B not octahedral);3.0;3.0;False;0.785674201318386;0.3821428571428572;VI
mp-1253258;AlCuO3;0.1660648327916662;9.660913004707156;P6_3cm;True;True;;Al;Cu;neither octahedral: lower CN;"7;7;7;7;7;7";"5;5;5;5;5;5";2.056;1.914;5;5;6;0;0;4;7;6;6;non-perovskite (B not octahedral);3.0;3.0;False;0.7052843410288502;0.3857142857142858;VI
mp-1254277;AlFeO3;0.2802331709999999;8.970180070629734;Pnma;True;True;;Al;Fe;only octahedral cation;"4;4;4;4";"6;6;6;6";1.855;1.963;6;6;6;0;0;4;4;8;8;perovskite;3.0;3.0;False;0.669071697601941;0.46071428571428574;VI
mp-1256030;MgSiO3;0.4418510981666665;10.563195273294076;Pnma;True;True;;Si;Mg;only octahedral cation;"5;5;5;5;5;5;5;5";"6;6;6;6;6;6;6;6";1.772;2.131;6;6;3;2;1;5;5;3;3;non-perovskite (face-sharing BO6);4.0;2.0;False;0.6003736821395214;0.5142857142857143;VI
mp-1260288;MnAlO3;0.2697255731875003;10.332028860655624;P6_3cm;True;True;;Mn;Al;only octahedral cation;"5;5;5;5;5;5";"6;6;6;6;6;6";1.919;2.058;6;6;0;6;0;5;5;6;6;non-perovskite (edge-sharing BO6);3.0;3.0;False;0.7473040659051625;0.3821428571428572;VI
mp-1259818;AlFeO3;0.2106262885000003;9.895436405618636;P2_1/c;True;True;;Al;Fe;only octahedral cation;"4;4;4;4";"6;6;6;6";1.832;2.067;6;6;6;0;0;4;4;8;8;perovskite;3.0;3.0;False;0.669071697601941;0.46071428571428574;VI
mp-1258775;MnAlO3;0.1767860138541674;10.18202913031637;Cmc2_1;True;True;;Al;Mn;neither octahedral: lower CN;"6;6;6;6;5;5";"5;5;5;5;5;5";1.968;1.986;5;5;6;0;0;5;5;6;6;non-perovskite (B not octahedral);3.0;3.0;False;0.669071697601941;0.46071428571428574;VI
mp-1261047;AlSbO3;0.0618524035000049;16.238123466649725;P2_1;True;True;;Al;Sb;neither octahedral: lower CN;"4;4;4;4";"3;3;3;3";1.777;2.009;3;3;0;0;0;4;4;5;5;non-perovskite (B not octahedral);3.0;3.0;False;0.6334498248129488;0.5428571428571429;VI
mp-1264966;AlFeO3;0.2360475919999993;9.877934754546034;P-1;True;True;;Al;Fe;only octahedral cation;"4;4;4;4";"6;6;6;6";1.833;2.065;6;6;6;0;0;4;4;8;8;perovskite;3.0;3.0;False;0.669071697601941;0.46071428571428574;VI
mp-1271783;MnCO3;0.0299065605000059;11.147753722958068;P2/c;True;True;;C;Mn;only octahedral cation;"3;3;3;3";"6;6;6;6";1.297;2.228;6;6;2;2;0;3;3;6;6;non-perovskite (edge-sharing BO6);4.0;2.0;False;0.4946576585878986;0.5928571428571429;VI
mp-1272234;CoNiO3;0.0236176609999994;9.602910678797514;P1;True;True;;Ni;Co;both octahedral: higher valence;"6;6";"6;6";2.068;1.917;6;6;0;3;0;6;6;2;5;non-perovskite (edge-sharing BO6);2.0;4.0;False;0.7657270324766239;0.3785714285714286;VI
mp-1272373;LaMnO3;0.1728627620238096;12.43573208233892;Pnnm;True;True;;La;Mn;only octahedral cation;"8;8;8;8";"6;6;6;6";2.64;2.021;6;6;6;0;0;8;8;8;8;perovskite;3.0;3.0;False;0.9543348244864894;0.46071428571428574;XII
mp-1272388;FeNiO3;0.0775339643333321;10.126706381606004;R3;True;True;;Ni;Fe;both octahedral: shorter M-O;"6;6";"6;6";2.056;1.995;6;6;0;3;0;6;6;4;4;non-perovskite (edge-sharing BO6);3.0;3.0;False;0.6915469742655721;0.46071428571428574;VI
mp-1272753;LaCoO3;0.0304298195000001;11.893871364913531;P1;True;True;;La;Co;only octahedral cation;"9;9;9;9";"6;6;6;6";2.647;1.987;6;6;6;0;0;9;9;8;8;perovskite;3.0;3.0;False;0.970952595062125;0.4357142857142857;XII
mp-1272815;SrCoO3;0.0395657678548406;11.773367367086356;Amm2;True;True;;Sr;Co;only octahedral cation;"12;12;12;12";"6;6;6;6";2.752;1.946;6;6;6;0;0;12;12;8;8;perovskite;2.0;4.0;False;1.0405094603988574;0.3785714285714286;XII
mp-1272846;CaFeO3;0.0046204169999999;11.33151365257426;P2_1/c;False;True;;Ca;Fe;only octahedral cation;"8;8;8;8";"6;6;6;6";2.507;1.972;6;6;6;0;0;8;8;8;8;perovskite;2.0;4.0;False;0.9760567155925141;0.41785714285714287;XII
mp-1272996;LaMnO3;0.1754413575238089;12.500905427404131;Pbam;True;True;;La;Mn;only octahedral cation;"12;12;12;12";"6;6;6;6";2.821;2.02;6;6;6;0;0;8;12;8;8;perovskite;3.0;3.0;False;0.9543348244864894;0.46071428571428574;XII
mp-1273223;LaMnO3;0.2357874485238102;12.281438895130858;Cmmm;True;True;;La;Mn;only octahedral cation;"12;12;12;12";"6;6;6;6";2.79;1.973;6;6;6;0;0;12;12;8;8;perovskite;3.0;3.0;False;0.9543348244864894;0.46071428571428574;XII
mp-1273356;CoAgO3;0.0822123194999955;11.229869424402173;P-1;True;True;;Ag;Co;only octahedral cation;"5;5;5;5";"6;6;6;6";2.265;1.891;6;6;0;3;0;5;5;5;8;non-perovskite (edge-sharing BO6);2.0;4.0;False;0.8573211751173684;0.3785714285714286;VI
mp-1273178;YCoO3;0.0116558665892867;11.346933864283306;P-1;True;True;;Y;Co;only octahedral cation;"8;8;8;8";"6;6;6;6";2.428;2.022;6;6;6;0;0;8;8;6;8;perovskite;3.0;3.0;False;0.8706911857894055;0.4357142857142857;IX
mp-1273627;VNiO3;0.0823267680000245;10.260262241030391;R3;True;True;;Ni;V;both octahedral: higher valence;"6;6";"6;6";2.096;1.986;6;6;0;3;0;6;6;4;4;non-perovskite (edge-sharing BO6);2.0;4.0;False;0.7463904912524668;0.41428571428571426;VI
mp-1273769;LaMnO3;0.1758644695238089;12.426798768432658;C2/m;True;True;;La;Mn;only octahedral cation;"8;8;8;8";"6;6;6;6";2.647;2.017;6;6;6;0;0;8;8;8;8;perovskite;3.0;3.0;False;0.9543348244864894;0.46071428571428574;XII
mp-1273854;SrCoO3;0.0353151693548401;11.609170342754044;P4/mmm;True;True;;Sr;Co;only octahedral cation;"12;12;12;12";"6;6;6;6";2.733;1.935;6;6;6;0;0;12;12;8;8;perovskite;2.0;4.0;False;1.0405094603988574;0.3785714285714286;XII
mp-1273989;LaCoO3;0.0179204554999996;12.159843791715044;P2_1/c;True;True;;La;Co;only octahedral cation;"9;9;9;9";"6;6;6;6";2.653;2.007;6;6;6;0;0;9;9;8;8;perovskite;3.0;3.0;False;0.970952595062125;0.4357142857142857;XII
mp-1274711;FeBO3;0.1024787310000014;11.809085868426186;P6_3/mmc;True;True;;B;Fe;only octahedral cation;"3;3;3;3";"6;6;6;6";1.381;2.031;6;6;0;0;2;3;3;6;6;non-perovskite (face-sharing BO6);3.0;3.0;False;0.5774417235117527;0.46071428571428574;VI
mp-1275986;YFeO3;0.0087117358749999;12.634126089327966;P6_3/mmc;True;True;;Fe;Y;only octahedral cation;"5;5;5;5";"6;6;6;6";1.994;2.272;6;6;0;6;0;5;5;6;6;non-perovskite (edge-sharing BO6);3.0;3.0;False;0.6702142534724668;0.6428571428571429;VIII
mp-1277045;VCoO3;0.0993139344999978;10.306190016310506;P1;True;True;;Co;V;both octahedral: higher valence;"6;6";"6;6";2.108;1.981;6;6;0;3;0;6;6;4;4;non-perovskite (edge-sharing BO6);2.0;4.0;False;0.8213866650146764;0.41428571428571426;VIII
mp-1277107;TiFeO3;0.0;10.958326816331487;P-1;True;True;;Fe;Ti;both octahedral: higher valence;"6;6;6;6";"6;6;6;6";2.175;2.004;6;6;0;3;0;6;6;6;10;non-perovskite (edge-sharing BO6);2.0;4.0;False;0.8181983702507681;0.43214285714285716;VIII
mp-1277476;LaCoO3;0.0348765289999999;11.971580268954517;P-1;True;True;;La;Co;only octahedral cation;"9;9;9;9";"6;6;6;6";2.641;1.994;6;6;6;0;0;9;9;8;8;perovskite;3.0;3.0;False;0.970952595062125;0.4357142857142857;XII
mp-1278230;LaMnO3;0.1465896095238097;12.507793866078114;P-1;True;True;;La;Mn;only octahedral cation;"9;9;9;9";"6;6;6;6";2.669;2.033;6;6;6;0;0;9;9;8;8;perovskite;3.0;3.0;False;0.9543348244864894;0.46071428571428574;XII
mp-1278019;LaMnO3;0.2176278670238094;12.272857921721904;I4/mmm;True;True;;La;Mn;only octahedral cation;"12;12;12;12";"6;6;6;6";2.79;1.972;6;6;6;0;0;12;12;8;8;perovskite;3.0;3.0;False;0.9543348244864894;0.46071428571428574;XII
mp-1278986;MnBO3;0.0323374645520715;9.521658192539594;P-1;True;True;;B;Mn;only octahedral cation;"3;3;3;3";"6;6;6;6";1.385;2.082;6;6;6;0;0;3;3;6;6;non-perovskite (corner-sharing, A outside cavity);3.0;3.0;False;0.5774417235117527;0.46071428571428574;VI
mp-1278441;LaNiO3;0.0442502484999982;11.518516302072044;Cmmm;True;True;;La;Ni;only octahedral cation;"12;12;12;12";"6;6;6;6";2.731;1.931;6;6;6;0;0;12;12;8;8;perovskite;3.0;3.0;False;0.9758073580374355;0.4285714285714286;XII
mp-1278982;CaFeO3;0.0528907215000007;11.36714792532707;Pmma;True;True;;Ca;Fe;only octahedral cation;"12;12;12;12";"6;6;6;6";2.719;1.922;6;6;6;0;0;12;12;8;8;perovskite;2.0;4.0;False;0.9760567155925141;0.41785714285714287;XII
mp-1278738;LaMnO3;0.215595795023809;12.239876650609622;P4/mmm;True;True;;La;Mn;only octahedral cation;"12;12";"6;6";2.787;1.97;6;6;6;0;0;12;12;8;8;perovskite;3.0;3.0;False;0.9543348244864894;0.46071428571428574;XII
mp-1279343;CoNiO3;0.0003667109999989;9.475617404906613;P-1;True;True;;Ni;Co;both octahedral: higher valence;"6;6";"6;6";2.071;1.893;6;6;0;3;0;6;6;2;5;non-perovskite (edge-sharing BO6);2.0;4.0;False;0.7657270324766239;0.3785714285714286;VI
mp-1279364;MgFeO3;0.0656664204999994;10.421497473551018;P-1;True;True;;Mg;Fe;both octahedral: higher valence;"6;6;6;6";"6;6;6;6";2.121;1.981;6;6;0;3;0;6;6;5;6;non-perovskite (edge-sharing BO6);2.0;4.0;False;0.8157554301849843;0.41785714285714287;VIII
mp-1279320;LaMnO3;0.1712173405238086;12.409088280383124;P4/m;True;True;;La;Mn;only octahedral cation;"8;8;8;8";"6;6;6;6";2.643;2.016;6;6;6;0;0;8;8;8;8;perovskite;3.0;3.0;False;0.9543348244864894;0.46071428571428574;XII
mp-1281528;LaMnO3;0.176898892023809;12.51524499039093;Pmc2_1;True;True;;La;Mn;only octahedral cation;"12;12;12;12";"6;6;6;6";2.816;2.024;6;6;6;0;0;10;12;8;8;perovskite;3.0;3.0;False;0.9543348244864894;0.46071428571428574;XII
mp-1281591;SrNiO3;0.0588251934999934;11.753436671759449;Cmmm;True;True;;Sr;Ni;only octahedral cation;"12;12;12;12";"6;6;6;6";2.75;1.944;6;6;6;0;0;12;12;8;8;perovskite;2.0;4.0;False;1.0681825843456356;0.34285714285714286;XII
mp-1283081;LaMnO3;0.2247499680238096;12.30117361342206;Fm-3m;True;True;;La;Mn;only octahedral cation;"12;12";"6;6";2.792;1.974;6;6;6;0;0;12;12;8;8;perovskite;3.0;3.0;False;0.9543348244864894;0.46071428571428574;XII
mp-1283250;BaCoO3;0.001055195000001;13.769717224763642;C2/m;True;True;;Ba;Co;only octahedral cation;"12;12;12;12";"6;6;6;6";2.96;1.893;6;6;0;0;2;12;12;6;6;non-perovskite (face-sharing BO6);2.0;4.0;False;1.1027934773945636;0.3785714285714286;XII
mp-1284950;LaNiO3;0.020568577999998;11.64758454819806;P-1;True;True;;La;Ni;only octahedral cation;"9;9;9;9";"6;6;6;6";2.623;1.972;6;6;6;0;0;9;9;8;8;perovskite;3.0;3.0;False;0.9758073580374355;0.4285714285714286;XII
mp-1283849;SrCoO3;0.0182865233548401;11.293253836834433;P4/mbm;True;True;;Sr;Co;only octahedral cation;"12;12";"6;6";2.715;1.919;6;6;6;0;0;12;12;8;8;perovskite;2.0;4.0;False;1.0405094603988574;0.3785714285714286;XII
mp-1288734;YCoO3;0.0154647095892865;11.267997056267747;P2_1/c;True;True;;Y;Co;only octahedral cation;"8;8;8;8";"6;6;6;6";2.422;2.014;6;6;6;0;0;8;8;6;8;perovskite;3.0;3.0;False;0.8706911857894055;0.4357142857142857;IX
mp-1288145;LaCoO3;0.0;11.807297697836468;R-3;False;True;;La;Co;only octahedral cation;"9;9";"6;6";2.632;1.979;6;6;6;0;0;9;9;8;8;perovskite;3.0;3.0;False;0.970952595062125;0.4357142857142857;XII
mp-1289249;MnSiO3;0.0144925941666684;11.548571273410698;C2/c;True;True;;Mn;Si;neither octahedral: lower CN;"4;6;4;6";"4;4;4;4";2.142;1.632;4;4;2;0;0;4;4;6;6;non-perovskite (B not octahedral);2.0;4.0;False;0.9270955575556956;0.28571428571428575;VIII
mp-1289597;MnBO3;0.0203677105520725;9.05154553418885;C2/c;True;True;;B;Mn;only octahedral cation;"3;3;3;3";"6;6;6;6";1.379;2.039;6;6;6;0;0;3;3;6;8;non-perovskite (corner-sharing, A outside cavity);3.0;3.0;False;0.5774417235117527;0.46071428571428574;VI
mp-1290304;CdFeO3;0.0925566190000006;11.357611732937066;P2_1/c;True;True;;Cd;Fe;only octahedral cation;"8;8;8;8";"6;6;6;6";2.468;2.005;6;6;6;0;0;8;8;8;8;perovskite;2.0;3.0;False;0.9370461501298502;0.46071428571428574;XII
mp-1291939;SrNiO3;0.0520742884999929;11.881291006910192;Pmma;True;True;;Sr;Ni;only octahedral cation;"12;12;12;12";"6;6;6;6";2.759;1.952;6;6;6;0;0;12;12;8;8;perovskite;2.0;3.0;False;1.0040916292848974;0.4285714285714286;XII
mp-1299294;SrNiO3;0.053711680499993;11.923951551405825;R-3m;True;True;;Sr;Ni;only octahedral cation;"12;12;12;12";"6;6;6;6";2.762;1.954;6;6;6;0;0;12;12;8;8;perovskite;2.0;2.5;True;;;
mp-1303831;MgFeO3;0.0658433029999994;10.380102508478652;R3;True;False;Valences cannot be assigned!;Mg;Fe;both octahedral: shorter M-O;"6;6;6;6";"6;6;6;6";2.12;1.974;6;6;0;3;0;6;6;4;7;non-perovskite (edge-sharing BO6);;;;;;
mp-1311921;MnTlO3;0.0640513796874984;12.254620156458053;P-1;True;True;;Tl;Mn;only octahedral cation;"4;4;4;4";"6;6;6;6";2.264;2.066;6;6;6;0;0;4;4;8;8;perovskite;3.0;3.0;False;0.8229408993760308;0.46071428571428574;VIII
mp-1325463;SrCrO3;0.1985805120803592;12.31762127554568;Cmcm;True;True;;Sr;Cr;only octahedral cation;"12;12;12;12;12;12;12;12;12;12;12;12;12;12";"6;6;6;6;6;6;6;6;6;6;6;6;6;6";2.8;1.936;6;6;3;0;1;12;12;6;6;non-perovskite (face-sharing BO6);2.0;4.0;False;1.0298375684973307;0.3928571428571429;XII
mp-1326513;MgWO3;0.0817830849999978;11.36625955246478;Pnma;True;True;;Mg;W;only octahedral cation;"4;4;4;4";"6;6;6;6";2.06;2.093;6;6;6;0;0;4;4;8;8;perovskite;2.0;4.0;False;0.7860555965617445;0.4714285714285715;VIII
mp-1330514;YCoO3;0.0227223174226178;12.541937863296958;P6_3cm;True;True;;Y;Co;neither octahedral: lower CN;"7;7;7;7;7;7";"5;5;5;5;5;5";2.315;1.987;5;5;6;0;0;7;7;6;6;non-perovskite (B not octahedral);3.0;3.0;False;0.8706911857894055;0.4357142857142857;IX
mp-1333124;YCuO3;0.011914108806815;12.170025509572987;P6_3cm;True;True;;Y;Cu;neither octahedral: lower CN;"7;7;7;7;7;7";"5;5;5;5;5;5";2.3;1.964;5;5;6;0;0;7;7;6;6;non-perovskite (B not octahedral);3.0;3.0;False;0.902107878060157;0.3857142857142858;IX
mp-1333178;AlNiO3;0.3599883540000004;9.321217068918164;P6_3cm;True;True;;Al;Ni;neither octahedral: lower CN;"6;6;6;6;7;7";"5;5;5;5;5;5";2.021;1.852;5;5;6;0;0;7;6;6;6;non-perovskite (B not octahedral);3.0;3.0;False;0.6841258107979847;0.4285714285714286;VI
mp-1336975;YCrO3;0.1579262611666667;12.84847527045256;P6_3cm;True;True;;Y;Cr;neither octahedral: lower CN;"7;7;7;7;7;7";"5;5;5;5;5;5";2.335;2.011;5;5;6;0;0;7;7;6;6;non-perovskite (B not octahedral);3.0;3.0;False;0.8685306617551887;0.43928571428571433;IX
mp-1337287;VCrO3;1.2737238471250016;10.536858607639385;P1;True;True;;Cr;V;neither octahedral: lower CN;"6;6;6;4";"4;4;2;4";2.118;1.903;2;4;0;1;0;3;4;2;2;non-perovskite (B not octahedral);3.0;3.0;False;0.6984412569073004;0.4571428571428572;VI
mp-1337169;ZnSnO3;0.0828422335;11.551530976525488;Pnma;True;True;;Zn;Sn;only octahedral cation;"4;4;4;4";"6;6;6;6";2.069;2.105;6;6;6;0;0;4;4;8;8;perovskite;2.0;4.0;False;0.7781557879086408;0.4928571428571428;VIII
mp-1338333;EuCuO3;0.1751446381249941;14.051142459859856;C2/c;True;True;;Eu;Cu;neither octahedral: lower CN;"8;8;8;8";"4;4;4;4";2.523;1.849;4;4;0;1;0;7;8;3;5;non-perovskite (B not octahedral);3.0;2.0;False;0.8365770368967604;0.5214285714285715;IX
mp-1340624;CaSbO3;0.1107778452999923;13.829796074931522;P2_1/m;True;False;Valences cannot be assigned!;Ca;Sb;only octahedral cation;"8;8;8;8";"6;6;6;6";2.608;2.166;6;6;6;0;0;6;8;8;8;perovskite;;;;;;
mp-1340758;YCuO3;0.0233665168068162;11.172659954990827;Pnma;True;True;;Y;Cu;only octahedral cation;"8;8;8;8";"6;6;6;6";2.431;1.995;6;6;6;0;0;8;8;8;8;perovskite;3.0;3.0;False;0.902107878060157;0.3857142857142858;IX
mp-1340971;ZnWO3;0.0889550014999995;11.39475293227884;Pnma;True;True;;Zn;W;only octahedral cation;"4;4;4;4";"6;6;6;6";2.054;2.093;6;6;6;0;0;4;4;8;8;perovskite;2.0;4.0;False;0.7894881537519705;0.4714285714285715;VIII
mp-1340379;AlSnO3;0.2354362421249964;12.794985197030172;P2_1/c;True;True;;Sn;Al;neither octahedral: lower CN;"4;6;4;6";"4;4;4;4";2.305;1.801;4;4;2;0;0;6;4;8;8;non-perovskite (B not octahedral);3.0;3.0;False;;;
mp-1340878;YSbO3;0.3132786457499996;14.84126158950798;Pnma;True;True;;Y;Sb;only octahedral cation;"4;4;4;4";"6;6;6;6";2.273;2.314;6;6;6;0;0;6;4;8;8;perovskite;3.0;3.0;False;0.8102265201095855;0.5428571428571429;IX
mp-1341277;ZnCrO3;0.1391177405000032;10.008481640721977;Pnma;True;True;;Zn;Cr;only octahedral cation;"4;4;4;4";"6;6;6;6";2.035;1.974;6;6;6;0;0;4;4;8;8;perovskite;2.0;4.0;False;0.834023382937979;0.3928571428571429;VIII
mp-1341716;TiAlO3;0.2612957068333337;10.469757340576631;P6_3cm;True;True;;Ti;Al;only octahedral cation;"5;5;5;5;5;5";"6;6;6;6;6;6";1.951;2.046;6;6;0;6;0;5;5;6;6;non-perovskite (edge-sharing BO6);3.0;3.0;False;0.7564398124321204;0.3821428571428572;VI
mp-1342178;MgSbO3;0.1984464337083356;12.27154081309309;P2_1/m;True;False;Valences cannot be assigned!;Mg;Sb;only octahedral cation;"4;4;4;4";"6;6;6;6";2.082;2.17;6;6;6;0;0;4;4;8;8;perovskite;;;;;;
mp-1342410;CaWO3;0.0536462823333376;12.789518986730428;Pnma;True;True;;Ca;W;only octahedral cation;"8;8;8;8";"6;6;6;6";2.561;2.091;6;6;6;0;0;8;8;8;8;perovskite;2.0;4.0;False;0.9405206701219128;0.4714285714285715;XII
mp-1342458;YTiO3;0.0548743499166501;12.88077855516169;P6_3cm;True;True;;Y;Ti;neither octahedral: lower CN;"7;7;7;7;7;7";"5;5;5;5;5;5";2.328;2.019;5;5;6;0;0;7;7;6;6;non-perovskite (B not octahedral);3.0;3.0;False;0.8454537601143501;0.47857142857142865;IX
mp-1342607;MgMoO3;0.0599380910000011;11.19723790427748;Pnma;True;True;;Mg;Mo;only octahedral cation;"4;4;4;4";"6;6;6;6";2.065;2.077;6;6;6;0;0;4;4;8;8;perovskite;2.0;4.0;False;0.7898900141059482;0.46428571428571436;VIII
mp-1343054;YSnO3;0.2004359368437507;14.443106085966098;P2_1/c;True;True;;Y;Sn;both octahedral: shorter M-O;"6;6;6;6";"6;6;6;6";2.4;2.29;6;6;6;0;0;6;6;8;8;perovskite;3.0;3.0;False;;;
mp-1343137;TiZnO3;0.1041846315000016;10.290095027031668;Pnma;True;True;;Zn;Ti;only octahedral cation;"4;4;4;4";"6;6;6;6";2.1;1.981;6;6;6;0;0;4;4;8;8;perovskite;2.0;4.0;False;0.8111449360244685;0.43214285714285716;VIII
mp-1343733;AlAgO3;0.1630165553333329;11.883877866265156;Pnma;True;True;;Ag;Al;neither octahedral: shorter M-O;"4;4;4;4";"4;4;4;4";2.071;1.777;4;4;2;0;0;4;4;8;8;non-perovskite (B not octahedral);3.0;3.0;False;0.785674201318386;0.3821428571428572;VI
mp-1343327;AlAgO3;0.2797338646666656;11.459159034522004;P6_3cm;True;True;;Al;Ag;neither octahedral: lower CN;"7;7;7;7;4;4";"5;5;5;5;5;5";2.04;2.12;5;5;6;0;0;4;4;6;6;non-perovskite (B not octahedral);3.0;3.0;False;0.6363961030678927;0.5357142857142857;VI
mp-1344602;AlBiO3;0.2347895727499844;13.692263214813696;Pnma;True;True;;Al;Bi;only octahedral cation;"4;4;4;4";"6;6;6;6";1.8;2.474;6;6;6;0;0;4;4;8;8;perovskite;3.0;3.0;False;0.5630665109448435;0.7357142857142858;VI
mp-1345463;AlCrO3;0.1762854609999991;9.551014794006084;Pnma;True;True;;Al;Cr;only octahedral cation;"4;4;4;4";"6;6;6;6";1.856;2.021;6;6;6;0;0;4;4;8;8;perovskite;3.0;3.0;False;0.679033062826784;0.43928571428571433;VI
mp-1346485;MgCrO3;0.1204969680000003;9.67925433373192;Pnma;True;True;;Mg;Cr;only octahedral cation;"8;8;8;8";"6;6;6;6";2.299;1.943;6;6;6;0;0;6;8;8;8;perovskite;2.0;4.0;False;0.8303971943165096;0.3928571428571429;VIII
mp-1345923;MgTiO3;0.0829077269999984;10.094576552012182;Pnma;True;True;;Mg;Ti;only octahedral cation;"8;8;8;8";"6;6;6;6";2.335;1.971;6;6;6;0;0;6;8;8;8;perovskite;2.0;4.0;False;0.8076182189113187;0.43214285714285716;VIII
mp-1347225;MgSbO3;0.1586194027083367;12.244658807410222;P2_1/c;True;False;Valences cannot be assigned!;Mg;Sb;only octahedral cation;"4;4;4;4";"6;6;6;6";2.077;2.172;6;6;6;0;0;4;4;8;8;perovskite;;;;;;
mp-1347073;YSbO3;0.2398817190833337;15.543833816087922;P6_3cm;True;True;;Y;Sb;neither octahedral: lower CN;"7;7;7;7;7;7";"5;5;5;5;5;5";2.414;2.214;5;5;6;0;0;7;7;6;6;non-perovskite (B not octahedral);3.0;3.0;False;0.8102265201095855;0.5428571428571429;IX
mp-1346989;YNiO3;0.0704247343333346;12.528013918995748;P6_3cm;True;True;;Y;Ni;neither octahedral: lower CN;"7;7;7;7;7;7";"5;5;5;5;5;5";2.314;1.987;5;5;6;0;0;7;7;6;6;non-perovskite (B not octahedral);3.0;3.0;False;0.8750446417183524;0.4285714285714286;IX
mp-1347317;AlCuO3;0.1815604186250006;9.67259552670756;Pnma;True;True;;Cu;Al;both octahedral: shorter M-O;"6;6;6;6";"6;6;6;6";2.095;1.951;6;6;2;2;0;4;6;8;8;non-perovskite (edge-sharing BO6);3.0;3.0;False;0.708933930491939;0.3821428571428572;VI
mp-1348382;ZnSbO3;0.1612834165000007;12.302560804122992;P2_1/m;True;False;Valences cannot be assigned!;Zn;Sb;only octahedral cation;"4;4;4;4";"6;6;6;6";2.066;2.174;6;6;6;0;0;4;4;8;8;perovskite;;;;;;
mp-1348445;AlCoO3;0.238834759833332;9.781153452015005;P6_3cm;True;True;;Al;Co;neither octahedral: lower CN;"6;6;6;6;7;7";"5;5;5;5;5;5";2.021;1.918;5;5;6;0;0;6;6;6;6;non-perovskite (B not octahedral);3.0;3.0;False;0.6807221997989898;0.4357142857142857;VI
mp-1358047;YBiO3;0.1201145918750006;16.518310888936085;P6_3cm;True;True;;Y;Bi;neither octahedral: lower CN;"7;7;7;7;7;7";"5;5;5;5;5;5";2.432;2.301;5;5;6;0;0;7;7;6;6;non-perovskite (B not octahedral);3.0;3.0;False;0.7202013512085206;0.7357142857142858;IX
mp-1366217;CaTeO3;0.0;16.251279576798908;P4_1;True;True;;Ca;Te;neither octahedral: lower CN;"6;7;7;6;7;7;7;7;7;7;7;6;7;7;7;7;6;7;7;7";"5;3;5;3;3;3;3;3;3;5;3;3;3;3;3;3;3;3;5;3";2.431;1.963;3;5;0;0;0;6;6;5;5;non-perovskite (B not octahedral);2.0;4.0;False;0.8174989790933082;0.6928571428571428;XII
mp-1368210;CaNiO3;0.0558052647499991;10.965528504263448;Pnma;True;True;;Ca;Ni;only octahedral cation;"8;8;8;8";"6;6;6;6";2.475;1.952;6;6;6;0;0;8;8;8;8;perovskite;2.0;4.0;False;1.0305705215165641;0.34285714285714286;XII
mp-1369159;ZnCoO3;0.1770618095526313;9.12812000006758;Pnma;True;True;;Zn;Co;only octahedral cation;"4;4;4;4";"6;6;6;6";2.03;1.901;6;6;6;0;0;6;4;8;8;perovskite;2.0;4.0;False;0.8426661122948492;0.3785714285714286;VIII
mp-1368304;CaCoO3;0.0651812466666665;10.742629163471198;Pnma;True;True;;Ca;Co;only octahedral cation;"8;8;8;8";"6;6;6;6";2.468;1.932;6;6;6;0;0;8;8;8;8;perovskite;2.0;4.0;False;1.0038718033425598;0.3785714285714286;XII
mp-1368992;MnAlO3;0.1478549351874996;10.036515354186886;Pnma;True;True;;Al;Mn;only octahedral cation;"4;4;4;4";"6;6;6;6";1.812;2.093;6;6;6;0;0;4;4;8;8;perovskite;3.0;3.0;False;0.669071697601941;0.46071428571428574;VI
mp-1369528;YBiO3;0.1657347278750007;15.690537325719616;Pnma;True;True;;Y;Bi;only octahedral cation;"4;4;4;4";"6;6;6;6";2.256;2.381;6;6;6;0;0;4;4;8;8;perovskite;3.0;3.0;False;0.7202013512085206;0.7357142857142858;IX
mp-1369676;YAgO3;0.0105110263749983;13.692704607139458;P6_3cm;True;True;;Y;Ag;neither octahedral: lower CN;"7;7;7;7;7;7";"5;5;5;5;5;5";2.339;2.091;5;5;6;0;0;7;7;6;6;non-perovskite (B not octahedral);3.0;3.0;False;0.8139950155519557;0.5357142857142857;IX
mp-1369873;YAgO3;0.0796173317083326;13.14301372820162;Pnma;True;True;;Y;Ag;only octahedral cation;"8;8;8;8";"6;6;6;6";2.507;2.178;6;6;6;0;0;6;8;6;8;non-perovskite (corner-sharing, A outside cavity);3.0;1.0;False;0.6863095229163548;0.8214285714285714;IX
mp-1369924;YWO3;0.2191466767500109;13.128131140010533;Pnma;True;True;;Y;W;only octahedral cation;"8;8;8;8";"6;6;6;6";2.521;2.172;6;6;6;0;0;6;8;8;8;perovskite;3.0;3.0;False;;;
mp-1370061;MgVO3;0.0928165374999991;9.958890337400964;Pnma;True;True;;Mg;V;only octahedral cation;"8;8;8;8";"6;6;6;6";2.324;1.963;6;6;6;0;0;6;8;8;8;perovskite;2.0;4.0;False;0.8178154186450474;0.41428571428571426;VIII
mp-1370790;VCrO3;1.563478856625002;10.49143176900623;P1;True;True;;Cr;V;neither octahedral: lower CN;"4;6;6;4";"4;2;2;4";2.059;1.883;2;4;1;1;0;3;4;1;1;non-perovskite (B not octahedral);3.0;3.0;False;0.6984412569073004;0.4571428571428572;VI
mp-1371109;YMoO3;0.1794305635937529;14.298912432084093;P6_3cm;True;True;;Y;Mo;neither octahedral: lower CN;"7;7;7;7;7;7";"5;5;5;5;5;5";2.367;2.132;5;5;6;0;0;7;7;6;6;non-perovskite (B not octahedral);3.0;3.0;False;0.8373632935103852;0.4928571428571428;IX
mp-1371447;AlSbO3;0.3398680975000046;12.964347267167716;Pnma;True;True;;Al;Sb;only octahedral cation;"4;4;4;4";"6;6;6;6";1.801;2.399;6;6;6;0;0;4;4;8;8;perovskite;3.0;3.0;False;0.6334498248129488;0.5428571428571429;VI
mp-1372100;SrCrO3;0.1690510279375034;12.157705794022284;Cmcm;True;True;;Sr;Cr;only octahedral cation;"12;12;12;12;12;12";"6;6;6;6;6;6";2.786;1.939;6;6;3;0;1;12;12;7;7;non-perovskite (face-sharing BO6);2.0;4.0;False;1.0298375684973307;0.3928571428571429;XII
mp-1372708;MgFeO3;0.102610596499999;9.314894624400198;Pnma;True;True;;Mg;Fe;only octahedral cation;"8;8;8;8";"6;6;6;6";2.272;1.91;6;6;6;0;0;6;8;8;8;perovskite;2.0;4.0;False;0.8157554301849843;0.41785714285714287;VIII
mp-1372548;NbHO3;3.994251075535717;12.013822371896662;P1;True;True;;Nb;H;neither octahedral: lower CN;"2;4;1;7";"1;1;1;1";2.179;1.396;1;1;0;0;0;1;1;1;1;non-perovskite (B not octahedral);5.0;-1.0;False;;;
mp-1373421;VCrO3;1.564736321125002;10.505837832618976;P1;True;True;;Cr;V;neither octahedral: lower CN;"6;4;4;6";"2;4;4;2";2.061;1.892;2;4;1;0;0;3;4;1;2;non-perovskite (B not octahedral);3.0;3.0;False;0.6984412569073004;0.4571428571428572;VI
mp-1373731;AlMoO3;0.1762591552499959;11.127635668560613;Pnma;True;True;;Al;Mo;only octahedral cation;"4;4;4;4";"6;6;6;6";1.832;2.192;6;6;6;0;0;4;4;8;8;perovskite;3.0;3.0;False;0.6546658476535739;0.4928571428571428;VI
mp-1373518;ZnFeO3;0.1610171225000005;10.184653426038825;Pnma;True;True;;Zn;Fe;only octahedral cation;"4;4;4;4";"6;6;6;6";2.073;1.982;6;6;6;0;0;6;4;8;8;perovskite;2.0;4.0;False;0.8193176809718182;0.41785714285714287;VIII
mp-1374707;AlSbO3;0.4061038650000039;12.20000404046669;P6_3cm;True;True;;Al;Sb;neither octahedral: lower CN;"6;6;6;6;4;4";"4;4;4;4;4;4";2.011;2.117;4;4;6;0;0;4;4;6;6;non-perovskite (B not octahedral);3.0;3.0;False;0.6334498248129488;0.5428571428571429;VI
mp-1374293;VCrO3;1.3655052541250026;10.547758441942674;P-1;True;True;;Cr;V;neither octahedral: lower CN;"4;6;6;4";"4;2;2;4";2.064;1.893;2;4;1;0;0;3;4;2;2;non-perovskite (B not octahedral);3.0;3.0;False;0.6984412569073004;0.4571428571428572;VI
mp-1376082;AlBiO3;0.51767226991665;13.660856356978975;P6_3cm;True;True;;Bi;Al;neither octahedral: lower CN;"5;5;5;5;5;5";"4;4;4;4;4;4";2.315;1.931;4;4;0;0;0;5;5;6;6;non-perovskite (B not octahedral);3.0;3.0;False;0.93915474297128;0.3821428571428572;VIII
mp-1375284;VCrO3;1.6479970981250016;10.497096037716338;P1;True;True;;Cr;V;neither octahedral: lower CN;"4;4;4;6";"2;2;4;2";1.991;1.866;2;4;0;0;0;3;4;2;2;non-perovskite (B not octahedral);3.0;3.0;False;0.6984412569073004;0.4571428571428572;VI
mp-1375712;YWO3;0.3893800552500117;14.085753058202764;P6_3cm;True;True;;Y;W;neither octahedral: lower CN;"7;7;7;7;7;7";"5;5;5;5;5;5";2.367;2.115;5;5;6;0;0;7;7;6;6;non-perovskite (B not octahedral);3.0;3.0;False;;;
mp-1376270;VCrO3;1.300014245125002;10.481745955305335;P1;True;True;;Cr;V;neither octahedral: lower CN;"6;4;4;4";"2;4;2;2";1.991;1.863;2;4;0;0;0;3;4;1;2;non-perovskite (B not octahedral);3.0;3.0;False;0.6984412569073004;0.4571428571428572;VI
mp-1375509;YVO3;0.0807215066666682;13.14950793397772;P6_3cm;True;True;;Y;V;neither octahedral: lower CN;"7;7;7;7;7;7";"5;5;5;5;5;5";2.34;2.037;5;5;6;0;0;7;7;6;6;non-perovskite (B not octahedral);3.0;3.0;False;0.8578869036454434;0.4571428571428572;IX
mp-1376289;YFeO3;0.0137831442083307;12.552397030936852;P6_3cm;True;True;;Y;Fe;neither octahedral: lower CN;"7;7;7;7;7;7";"5;5;5;5;5;5";2.31;1.997;5;5;6;0;0;7;7;6;6;non-perovskite (B not octahedral);3.0;3.0;False;0.8557893806536453;0.46071428571428574;IX
mp-1376863;MgBiO3;0.1240472681666675;13.373456547043787;Pnma;True;False;Valences cannot be assigned!;Mg;Bi;only octahedral cation;"4;4;4;4";"6;6;6;6";2.084;2.262;6;6;6;0;0;4;4;8;8;perovskite;;;;;;
mp-1376465;YSnO3;0.1785681943437511;14.996735865189736;P6_3cm;True;True;;Y;Sn;neither octahedral: lower CN;"7;7;7;7;7;7";"5;5;5;5;5;5";2.403;2.172;5;5;6;0;0;7;7;6;6;non-perovskite (B not octahedral);3.0;3.0;False;;;
mp-1376903;AlNiO3;0.1930841628333341;8.915074311232436;Pnma;True;True;;Ni;Al;both octahedral: shorter M-O;"6;6;6;6";"6;6;6;6";1.977;1.959;6;6;2;2;0;6;6;8;8;non-perovskite (edge-sharing BO6);3.0;3.0;False;0.7308597221566382;0.3821428571428572;VI
mp-1377563;CaSbO3;0.1190805287999925;13.68745085609;Pnma;True;False;Valences cannot be assigned!;Ca;Sb;only octahedral cation;"8;8;8;8";"6;6;6;6";2.604;2.151;6;6;6;0;0;8;8;8;8;perovskite;;;;;;
mp-1378105;ZnBiO3;0.0806278960000002;13.297250356900928;P2_1/c;True;False;Valences cannot be assigned!;Zn;Bi;only octahedral cation;"4;4;4;4";"6;6;6;6";2.048;2.272;6;6;6;0;0;4;4;8;8;perovskite;;;;;;
mp-1378086;VZnO3;0.1053277084999964;10.144854151189415;Pnma;True;True;;Zn;V;only octahedral cation;"4;4;4;4";"6;6;6;6";2.062;1.977;6;6;6;0;0;4;4;8;8;perovskite;2.0;4.0;False;0.8213866650146764;0.41428571428571426;VIII
mp-1378752;AlCoO3;0.1820238749999996;8.567660630659024;Pnma;True;True;;Al;Co;both octahedral: shorter M-O;"6;6;6;6";"6;6;6;6";2.013;1.922;6;6;6;0;0;6;6;8;8;perovskite;3.0;3.0;False;0.6807221997989898;0.4357142857142857;VI
mp-1378884;ZnNiO3;0.1873973974999998;9.600906340651658;Pnma;True;True;;Zn;Ni;both octahedral: higher valence;"6;6;6;6";"6;6;6;6";2.169;1.947;6;6;6;0;0;6;6;8;8;perovskite;2.0;4.0;False;0.8650774450686485;0.34285714285714286;VIII
mp-1378965;CaBiO3;0.0252949564999989;14.470530931388954;Pnma;True;False;Valences cannot be assigned!;Ca;Bi;only octahedral cation;"8;8;8;8";"6;6;6;6";2.623;2.225;6;6;6;0;0;6;8;8;8;perovskite;;;;;;
mp-1379411;YMoO3;0.0295691505937529;12.292973495743832;Pnma;True;True;;Y;Mo;only octahedral cation;"8;8;8;8";"6;6;6;6";2.47;2.116;6;6;6;0;0;6;8;8;8;perovskite;3.0;3.0;False;0.8373632935103852;0.4928571428571428;IX
mp-1379617;ZnMoO3;0.0862259775000007;11.305650652695496;Pnma;True;True;;Zn;Mo;only octahedral cation;"4;4;4;4";"6;6;6;6";2.051;2.086;6;6;6;0;0;4;4;8;8;perovskite;2.0;4.0;False;0.7933393154775898;0.46428571428571436;VIII
mp-1383064;AlCrO3;1.3427578774999986;10.913659283835637;P4/mmm;True;True;;Al;Cr;only octahedral cation;0;6;;1.897;6;6;6;0;0;12;0;8;8;perovskite;3.0;3.0;False;0.679033062826784;0.43928571428571433;VI
mp-1384267;AlSbO3;0.8020277640000044;13.603416288565864;P6_3/mmc;True;True;;Sb;Al;only octahedral cation;"5;5";"6;6";2.156;2.194;6;6;0;6;0;5;5;6;6;non-perovskite (edge-sharing BO6);3.0;3.0;False;0.7893284999291692;0.3821428571428572;VI
mp-1384488;AlVO3;0.3276030136249979;10.54457148889399;P6_3/mmc;True;True;;V;Al;only octahedral cation;"5;5";"6;6";1.94;2.051;6;6;0;6;0;5;5;6;6;non-perovskite (edge-sharing BO6);3.0;3.0;False;0.7454769165997709;0.3821428571428572;VI
mp-1385937;AlCrO3;0.3749110194999989;10.28053083398928;P6_3/mmc;True;True;;Cr;Al;only octahedral cation;"5;5";"6;6";1.916;2.044;6;6;0;6;0;5;5;6;6;non-perovskite (edge-sharing BO6);3.0;3.0;False;0.7363411700728129;0.3821428571428572;VI
mp-1386773;AlCoO3;0.2564648724999996;9.691991245037585;P6_3/mmc;True;True;;Co;Al;only octahedral cation;"5;5";"6;6";1.866;2.021;6;6;0;6;0;5;5;6;6;non-perovskite (edge-sharing BO6);3.0;3.0;False;0.7345140207674212;0.3821428571428572;VI
mp-1387356;YCoO3;0.1063449940892855;12.809699479242504;P6_3/mmc;True;True;;Y;Co;neither octahedral: lower CN;"8;8";"5;5";2.426;2.002;5;5;6;0;0;8;8;6;6;non-perovskite (B not octahedral);3.0;3.0;False;0.8706911857894055;0.4357142857142857;IX
mp-1387900;YCrO3;0.217492438499999;12.458936605980726;P6_3/mmc;True;True;;Cr;Y;only octahedral cation;"5;5";"6;6";1.98;2.26;6;6;0;6;0;5;5;6;6;non-perovskite (edge-sharing BO6);3.0;3.0;False;0.6194870278656057;0.6428571428571429;VI
mp-1389151;AlMoO3;0.5801917037499962;11.4377313977112;P6_3/mmc;True;True;;Mo;Al;only octahedral cation;"5;5";"6;6";2.016;2.082;6;6;0;6;0;5;5;6;6;non-perovskite (edge-sharing BO6);3.0;3.0;False;0.7637484096536868;0.3821428571428572;VI
mp-1389035;YSbO3;0.2564361557500003;15.870455487683046;P6_3/mmc;True;True;;Sb;Y;only octahedral cation;"5;5";"6;6";2.211;2.381;6;6;0;6;0;5;5;6;6;non-perovskite (edge-sharing BO6);3.0;3.0;False;0.6640654988534535;0.6428571428571429;VI
mp-1392353;AlBiO3;0.8655976372499845;14.797103559945391;P6_3/mmc;True;True;;Bi;Al;only octahedral cation;"5;5";"6;6";2.232;2.248;6;6;0;6;0;5;5;6;6;non-perovskite (edge-sharing BO6);3.0;3.0;False;0.93915474297128;0.3821428571428572;VIII
mp-1394022;YSnO3;0.1903668923437509;15.163367792256704;P6_3/mmc;True;True;;Sn;Y;only octahedral cation;"5;5";"6;6";2.164;2.357;6;6;0;6;0;5;5;6;6;non-perovskite (edge-sharing BO6);3.0;3.0;False;;;
mp-1395974;AlVO3;1.2285736276249963;11.174731477707104;Pm-3m;True;True;;Al;V;only octahedral cation;0;6;;1.911;6;6;6;0;0;12;0;8;8;perovskite;3.0;3.0;False;0.6707115792137104;0.4571428571428572;VI
mp-1398131;AlFeO3;0.2655445504999996;10.52782827603756;P6_3/mmc;True;True;;Fe;Al;only octahedral cation;"5;5";"6;6";1.938;2.051;6;6;0;6;0;5;5;6;6;non-perovskite (edge-sharing BO6);3.0;3.0;False;0.7966370971507355;0.3821428571428572;VIII
mp-1399724;MnAlO3;1.2896009311875003;10.6246905957376;Pm-3m;True;True;;Al;Mn;only octahedral cation;0;6;;1.88;6;6;6;0;0;12;0;8;8;perovskite;3.0;3.0;False;0.669071697601941;0.46071428571428574;VI
mp-1399857;YNiO3;0.2545485009999995;12.387001707331976;P6_3/mmc;True;True;;Ni;Y;only octahedral cation;"5;5";"6;6";1.964;2.281;6;6;0;6;0;5;5;6;6;non-perovskite (edge-sharing BO6);3.0;3.0;False;0.6148754619013457;0.6428571428571429;VI
mp-1400236;AlWO3;0.736896008249996;12.006924844116424;P6_3/mmc;True;True;;W;Al;only octahedral cation;"5;5";"6;6";2.039;2.132;6;6;0;6;0;5;5;6;6;non-perovskite (edge-sharing BO6);3.0;3.0;False;;;
mp-1399298;CaCoO3;0.4831187526666678;19.560885472992567;Cm;True;True;;Ca;Co;only octahedral cation;5;6;2.238;2.085;6;6;4;4;0;5;5;4;4;non-perovskite (edge-sharing BO6);2.0;4.0;False;1.0038718033425598;0.3785714285714286;XII
mp-1400395;AlNiO3;0.3705159973333325;9.34651059583781;P6_3/mmc;True;True;;Ni;Al;only octahedral cation;"5;5";"6;6";1.837;2.005;6;6;0;6;0;5;5;6;6;non-perovskite (edge-sharing BO6);3.0;3.0;False;0.7308597221566382;0.3821428571428572;VI
mp-1402500;YVO3;0.1539827890000022;13.271569481375533;P6_3/mmc;True;True;;V;Y;only octahedral cation;"5;5";"6;6";2.03;2.294;6;6;0;6;0;5;5;6;6;non-perovskite (edge-sharing BO6);3.0;3.0;False;0.6271729711393726;0.6428571428571429;VI
mp-1401965;YWO3;0.4044874742500113;14.310874265346971;P6_3/mmc;True;True;;W;Y;only octahedral cation;"5;5";"6;6";2.108;2.323;6;6;0;6;0;5;5;6;6;non-perovskite (edge-sharing BO6);3.0;3.0;False;;;
mp-1402304;YWO3;0.8033917662500105;13.818631975843008;Pm-3m;True;True;;Y;W;only octahedral cation;12;6;2.902;2.052;6;6;6;0;0;12;12;8;8;perovskite;3.0;3.0;False;;;
mp-1403003;TlNiO3;0.3659132236666655;10.886834157842252;Amm2;True;True;;Tl;Ni;only octahedral cation;12;6;2.564;1.89;6;6;6;0;0;12;12;8;8;perovskite;3.0;3.0;False;0.8414570696119914;0.4285714285714286;VIII
mp-1404938;AlCoO3;5.074607378499999;9.323909210681114;P-1;True;True;;Al;Co;only octahedral cation;"2;2";"6;6";1.216;2.083;6;6;0;3;0;2;2;3;3;non-perovskite (edge-sharing BO6);3.0;2.0;False;0.6378795438675847;0.5321428571428571;VI
mp-1404877;AlAgO3;0.5197356773333333;11.648724396800375;P6_3/mmc;True;True;;Ag;Al;only octahedral cation;"5;5";"6;6";2.023;2.12;6;6;0;6;0;5;5;6;6;non-perovskite (edge-sharing BO6);3.0;3.0;False;0.785674201318386;0.3821428571428572;VI
mp-1405134;TiAlO3;0.2579223145;10.563784455287283;P6_3/mmc;True;True;;Ti;Al;only octahedral cation;"5;5";"6;6";1.943;2.05;6;6;0;6;0;5;5;6;6;non-perovskite (edge-sharing BO6);3.0;3.0;False;0.7564398124321204;0.3821428571428572;VI
mp-1406000;YBiO3;0.1552708518750005;16.84330736052438;P6_3/mmc;True;True;;Bi;Y;only octahedral cation;"5;5";"6;6";2.274;2.408;6;6;0;6;0;5;5;6;6;non-perovskite (edge-sharing BO6);3.0;3.0;False;0.7901149685432292;0.6428571428571429;VIII
mp-1405591;MnAlO3;4.9516652271875;9.774293928796553;P-1;True;True;;Al;Mn;only octahedral cation;"2;2";"6;6";1.223;2.155;6;6;0;3;0;2;2;3;3;non-perovskite (edge-sharing BO6);3.0;2.0;False;0.6135657495946051;0.5928571428571429;VI
mp-1406914;AlSnO3;0.6583729961249958;12.722052767406463;P6_3/mmc;True;True;;Sn;Al;only octahedral cation;"5;5";"6;6";2.095;2.158;6;6;0;6;0;5;5;6;6;non-perovskite (edge-sharing BO6);3.0;3.0;False;;;
mp-1412082;AlCuO3;0.2013359691249991;9.700166525182578;P6_3/mmc;True;True;;Cu;Al;only octahedral cation;"5;5";"6;6";1.874;2.015;6;6;0;6;0;5;5;6;6;non-perovskite (edge-sharing BO6);3.0;3.0;False;0.708933930491939;0.3821428571428572;VI
mp-1413707;MgWO3;0.3976137239999975;13.701805372959775;Cm;True;True;;Mg;W;only octahedral cation;5;6;2.192;2.031;6;6;6;0;0;5;5;4;5;non-perovskite (corner-sharing, A outside cavity);2.0;4.0;False;0.7860555965617445;0.4714285714285715;VIII
mp-1412687;YSnO3;0.8104025173437508;14.210725188533374;Pm-3m;True;True;;Y;Sn;only octahedral cation;12;6;2.929;2.071;6;6;6;0;0;12;12;8;8;perovskite;3.0;3.0;False;;;
mp-1418444;AlAgO3;1.649780327333333;12.8358125476236;Pm-3m;True;True;;Al;Ag;only octahedral cation;0;6;;2.002;6;6;6;0;0;12;0;8;8;perovskite;3.0;3.0;False;0.6363961030678927;0.5357142857142857;VI
mp-1416557;AlNiO3;1.3116746173333338;9.801753914179328;Pm-3m;True;True;;Al;Ni;only octahedral cation;12;6;2.588;1.83;6;6;6;0;0;12;12;8;8;perovskite;3.0;3.0;False;0.6841258107979847;0.4285714285714286;VI
mp-1416619;YSbO3;0.9961316007499992;15.357384531357088;Pm-3m;True;True;;Y;Sb;only octahedral cation;12;6;3.005;2.125;6;6;6;0;0;12;12;8;8;perovskite;3.0;3.0;False;0.8102265201095855;0.5428571428571429;IX
mp-1416093;YFeO3;0.3405559808749991;11.711341740398852;Pm-3m;True;True;;Y;Fe;only octahedral cation;12;6;2.746;1.942;6;6;6;0;0;12;12;8;8;perovskite;3.0;3.0;False;0.8557893806536453;0.46071428571428574;IX
mp-1413511;AlBiO3;1.6650228942499847;15.621098222874243;Pm-3m;True;True;;Al;Bi;only octahedral cation;0;6;;2.137;6;6;6;0;0;12;0;8;8;perovskite;3.0;3.0;False;0.5630665109448435;0.7357142857142858;VI
mp-1413617;NaBrO3;0.6091715844999999;21.572843358780094;P2_12_12_1;True;True;;Br;Na;only octahedral cation;"1;1;1;1";"6;6;6;6";1.79;2.507;6;6;6;0;0;1;1;5;6;non-perovskite (corner-sharing, A outside cavity);3.0;1.0;False;;;
mp-1417649;AlWO3;1.1784392712499976;12.27209886964314;Pm-3m;True;True;;Al;W;only octahedral cation;0;6;;1.972;6;6;6;0;0;12;0;8;8;perovskite;3.0;3.0;False;;;
mp-1418929;YAgO3;0.5835275907083313;13.329571920722184;Pm-3m;True;True;;Y;Ag;only octahedral cation;12;6;2.867;2.027;6;6;6;0;0;12;12;8;8;perovskite;3.0;3.0;False;0.8139950155519557;0.5357142857142857;IX
mp-1421498;AlFeO3;1.4042949875;10.983265658300237;Pm-3m;True;True;;Al;Fe;only octahedral cation;0;6;;1.901;6;6;6;0;0;12;0;8;8;perovskite;3.0;3.0;False;0.669071697601941;0.46071428571428574;VI
mp-1424898;YBiO3;1.099079481875;17.13621662627167;Pm-3m;True;True;;Y;Bi;only octahedral cation;12;6;3.117;2.204;6;6;6;0;0;12;12;8;8;perovskite;3.0;3.0;False;0.7202013512085206;0.7357142857142858;IX
mp-1421511;AlSbO3;1.318511898000004;13.30330431804184;Pm-3m;True;True;;Al;Sb;only octahedral cation;0;6;;2.026;6;6;6;0;0;12;0;8;8;perovskite;3.0;3.0;False;0.6334498248129488;0.5428571428571429;VI
mp-1433326;YNiO3;0.2099643790000023;10.605048504517953;Pm-3m;True;True;;Y;Ni;only octahedral cation;12;6;2.657;1.878;6;6;6;0;0;12;12;8;8;perovskite;3.0;3.0;False;0.8750446417183524;0.4285714285714286;IX
mp-1426094;AlSnO3;1.3186308561249964;13.154223022996623;Pm-3m;True;False;Valences cannot be assigned!;Al;Sn;only octahedral cation;0;6;;2.018;6;6;6;0;0;12;0;8;8;perovskite;;;;;;
mp-1435808;AlCoO3;1.2979348044999988;10.085342709676508;Pm-3m;True;True;;Al;Co;only octahedral cation;12;6;2.612;1.847;6;6;6;0;0;12;12;8;8;perovskite;3.0;3.0;False;0.6807221997989898;0.4357142857142857;VI
mp-1427680;ZnWO3;0.4813213570000005;13.011049975367325;Amm2;True;True;;Zn;W;only octahedral cation;1;6;2.114;1.968;6;6;6;0;0;5;1;8;8;perovskite;2.0;4.0;False;0.7894881537519705;0.4714285714285715;VIII
mp-1434307;YMnO3;0.3250519833333332;11.612396155421395;Pm-3m;True;True;;Y;Mn;only octahedral cation;12;6;2.738;1.936;6;6;6;0;0;12;12;8;8;perovskite;3.0;3.0;False;0.8557893806536453;0.46071428571428574;IX
mp-1433892;AlMoO3;1.219777429749996;12.874264765274097;Pm-3m;True;True;;Al;Mo;only octahedral cation;0;6;;2.004;6;6;6;0;0;12;0;8;8;perovskite;3.0;3.0;False;0.6546658476535739;0.4928571428571428;VI
mp-1432347;YCuO3;0.2224574458068167;10.820507253034677;Pm-3m;True;True;;Y;Cu;only octahedral cation;12;6;2.674;1.891;6;6;6;0;0;12;12;8;8;perovskite;3.0;3.0;False;0.902107878060157;0.3857142857142858;IX
mp-1435359;CaVO3;0.0088146909107074;11.24003096026718;P2_1/c;True;True;;Ca;V;only octahedral cation;"8;8;8;8";"6;6;6;6";2.516;1.961;6;6;6;0;0;8;8;8;8;perovskite;2.0;4.0;False;0.9785215052783537;0.41428571428571426;XII
mp-1431390;CaWO3;0.2205363528333386;13.85001483356659;Cm;True;True;;Ca;W;only octahedral cation;7;6;2.466;2.042;6;6;6;0;0;7;7;7;8;non-perovskite (corner-sharing, A outside cavity);2.0;4.0;False;0.9405206701219128;0.4714285714285715;XII
mp-1435972;YCoO3;0.2310354010892865;10.8520969491638;Pm-3m;True;True;;Y;Co;only octahedral cation;12;6;2.677;1.893;6;6;6;0;0;12;12;8;8;perovskite;3.0;3.0;False;0.8706911857894055;0.4357142857142857;IX
mp-1436662;YTiO3;0.3027170202499825;11.80021445772232;Pm-3m;True;True;;Y;Ti;only octahedral cation;12;6;2.753;1.947;6;6;6;0;0;12;12;8;8;perovskite;3.0;3.0;False;0.8454537601143501;0.47857142857142865;IX
mp-1443298;YTiO3;0.0779728082499815;13.009900526231206;P6_3/mmc;True;True;;Ti;Y;only octahedral cation;"5;5";"6;6";2.016;2.283;6;6;0;6;0;5;5;6;6;non-perovskite (edge-sharing BO6);3.0;3.0;False;0.6363961030678927;0.6428571428571429;VI
mp-1444809;MnAlO3;0.2710575871875003;10.362430347666455;P6_3/mmc;True;True;;Mn;Al;only octahedral cation;"5;5";"6;6";1.918;2.058;6;6;0;6;0;5;5;6;6;non-perovskite (edge-sharing BO6);3.0;3.0;False;0.7473040659051625;0.3821428571428572;VI
mp-1445377;YMoO3;0.227837414593754;14.431013645546887;P6_3/mmc;True;True;;Mo;Y;only octahedral cation;"5;5";"6;6";2.116;2.33;6;6;0;6;0;5;5;6;6;non-perovskite (edge-sharing BO6);3.0;3.0;False;0.6425448576869063;0.6428571428571429;VI
mp-1503976;YMoO3;0.6047194465937533;13.665607626170935;Pm-3m;True;True;;Y;Mo;only octahedral cation;12;6;2.891;2.044;6;6;6;0;0;12;12;8;8;perovskite;3.0;3.0;False;0.8373632935103852;0.4928571428571428;IX
mp-1504764;YVO3;0.3532918650000027;11.926101512366476;P4/mmm;True;True;;Y;V;only octahedral cation;12;6;2.763;1.954;6;6;6;0;0;12;12;8;8;perovskite;3.0;3.0;False;0.8578869036454434;0.4571428571428572;IX
mp-1475723;TiAlO3;0.995916567500002;11.5096802642434;Pm-3m;True;True;;Al;Ti;only octahedral cation;0;6;;1.93;6;6;6;0;0;12;0;8;8;perovskite;3.0;3.0;False;0.6609911215439466;0.47857142857142865;VI
mp-1504314;AlCuO3;1.290215500125;10.123603283383186;Pm-3m;True;True;;Al;Cu;only octahedral cation;12;6;2.616;1.85;6;6;6;0;0;12;12;8;8;perovskite;3.0;3.0;False;0.7052843410288502;0.3857142857142858;VI
mp-1504268;LaCoO3;0.0551452460000003;11.941139253008178;Imma;True;True;;La;Co;only octahedral cation;"5;5";"6;6";2.489;1.991;6;6;6;0;0;7;5;8;8;perovskite;3.0;3.0;False;0.970952595062125;0.4357142857142857;XII
mp-2879;SrSnO3;0.0;13.31087499698159;Pnma;False;True;;Sr;Sn;only octahedral cation;"8;8;8;8";"6;6;6;6";2.692;2.063;6;6;6;0;0;9;8;8;8;perovskite;2.0;4.0;False;0.9608532337654522;0.4928571428571428;XII
mp-2920;LaAlO3;0.000273197000002;10.869536345095826;R-3c;False;True;;La;Al;only octahedral cation;"12;12";"6;6";2.596;1.902;6;6;6;0;0;12;12;8;8;perovskite;3.0;3.0;False;1.0085864165761607;0.3821428571428572;XII
mp-2929;BaTbO3;0.1204426637500004;17.643682171360584;Pm-3m;False;True;;Ba;Tb;only octahedral cation;12;6;3.148;2.226;6;6;6;0;0;12;12;8;8;perovskite;2.0;4.0;False;0.9853663941534758;0.5428571428571429;XII
mp-2951;CdGeO3;0.0231605742499994;13.095173149388296;C2/c;False;True;;Ge;Cd;only octahedral cation;"4;4;4;4";"6;6;6;6";1.77;2.326;6;6;0;5;0;4;4;7;7;non-perovskite (edge-sharing BO6);4.0;2.0;False;0.5807302500808668;0.6785714285714286;VI
mp-2939;BaTbO3;0.0973972847499995;17.39297807413048;I4/mcm;False;True;;Ba;Tb;only octahedral cation;"8;8";"6;6";2.959;2.255;6;6;6;0;0;8;8;8;8;perovskite;2.0;4.0;False;0.9853663941534758;0.5428571428571429;XII
mp-2981;CaTeO3;0.0115347391555564;17.187922932329357;P-1;False;True;;Ca;Te;neither octahedral: lower CN;"6;6;6;6;6;6;7;7;6;6;7;7;7;7;7;7;8;8";"3;3;3;3;3;3;4;4;3;3;3;3;3;3;3;3;3;3";2.452;1.923;3;4;0;0;0;6;6;5;5;non-perovskite (B not octahedral);2.0;4.0;False;0.8174989790933082;0.6928571428571428;XII
mp-2998;BaTiO3;0.014779579999999;12.8738833485449;Pm-3m;False;True;;Ba;Ti;only octahedral cation;"12;12";"6;6";2.832;2.004;6;6;6;0;0;12;12;8;8;perovskite;2.0;4.0;False;1.0615418510581087;0.43214285714285716;XII
mp-3033;RbTaO3;0.0;16.69932369384245;C2/m;False;True;;Rb;Ta;only octahedral cation;"8;8;4;4";"6;6;6;6";2.911;2.011;6;6;2;3;0;6;4;6;6;non-perovskite (edge-sharing BO6);1.0;5.0;False;1.0814574300500137;0.4571428571428572;XII
mp-3020;BaNbO3;0.0;14.125595883490728;Pm-3m;False;True;;Ba;Nb;only octahedral cation;12;6;2.923;2.067;6;6;6;0;0;12;12;8;8;perovskite;2.0;4.0;False;1.023265101620917;0.48571428571428577;XII
mp-3047;MgGeO3;0.1414073015000179;9.120375853022862;Cmcm;False;True;;Mg;Ge;only octahedral cation;"8;8";"6;6";2.24;1.907;6;6;2;2;0;8;8;6;6;non-perovskite (edge-sharing BO6);2.0;4.0;False;0.8390023465892196;0.3785714285714286;VIII
mp-3136;NaNbO3;0.0443390239999974;12.889825304034536;Pm-3m;False;True;;Na;Nb;only octahedral cation;12;6;2.835;2.005;6;6;6;0;0;12;12;8;8;perovskite;1.0;5.0;False;0.9670725095639545;0.4571428571428572;XII
mp-3119;NdTiO3;0.0420024694999963;12.402387878190888;Pnma;False;True;;Nd;Ti;only octahedral cation;"8;8;8;8";"6;6;6;6";2.546;2.051;6;6;6;0;0;8;8;8;8;perovskite;3.0;3.0;False;0.912065268486996;0.47857142857142865;XII
mp-3187;BaCeO3;0.0;17.232366586778483;Pnma;False;True;;Ba;Ce;only octahedral cation;"9;9;9;9";"6;6;6;6";2.929;2.254;6;6;6;0;0;8;9;8;8;perovskite;2.0;4.0;False;0.9376173618376686;0.6214285714285714;XII
mp-3163;BaSnO3;0.0;14.22725618659581;Pm-3m;False;True;;Ba;Sn;only octahedral cation;12;6;2.93;2.072;6;6;6;0;0;12;12;8;8;perovskite;2.0;4.0;False;1.0183690963500038;0.4928571428571428;XII
mp-3196;NdGaO3;0.0335974128333322;11.98562171411967;Pnma;False;True;;Nd;Ga;only octahedral cation;"8;8;8;8";"6;6;6;6";2.537;2.018;6;6;6;0;0;8;8;8;8;perovskite;3.0;3.0;False;0.9346411414693473;0.4428571428571429;XII
mp-3205;CaCO3;0.1688654740000084;11.0769826894637;Pmmn;True;True;;Ca;C;neither octahedral: lower CN;"8;8";"3;3";2.58;1.297;3;3;0;0;0;12;8;8;8;non-perovskite (B not octahedral);2.0;4.0;False;1.2419696028532952;0.1142857142857143;XII
mp-3283;RbNbO3;0.0;17.71673224524754;P-1;False;True;;Rb;Nb;only octahedral cation;"6;6;8;8";"6;6;6;6";3.006;2.059;6;6;1;4;0;6;6;5;5;non-perovskite (edge-sharing BO6);1.0;5.0;False;1.0814574300500137;0.4571428571428572;XII
mp-3317;SmRhO3;0.0;11.886775090108374;Pnma;False;True;;Sm;Rh;only octahedral cation;"8;8;8;8";"6;6;6;6";2.462;2.063;6;6;6;0;0;8;8;6;8;perovskite;3.0;3.0;False;0.9040009212263851;0.47500000000000003;XII
mp-3316;BaCeO3;0.0006426110000017;17.22671111186429;Imma;False;True;;Ba;Ce;only octahedral cation;"5;5";"6;6";2.797;2.251;6;6;6;0;0;7;5;8;8;perovskite;2.0;4.0;False;0.9376173618376686;0.6214285714285714;XII
mp-3323;SrZrO3;0.0549089115000001;14.792149481081127;Pm-3m;False;True;;Sr;Zr;only octahedral cation;12;6;2.968;2.099;6;6;6;0;0;12;12;8;8;perovskite;2.0;4.0;False;0.9472562540423559;0.5142857142857143;XII
mp-3336;LaGaO3;0.0380710381428528;12.16297027959511;R-3c;False;True;;La;Ga;only octahedral cation;"9;9";"6;6";2.664;2.004;6;6;6;0;0;9;9;8;8;perovskite;3.0;3.0;False;0.9661458990469658;0.4428571428571429;XII
mp-3378;SrHfO3;0.0;13.545607769744496;Pnma;False;True;;Sr;Hf;only octahedral cation;"8;8;8;8";"6;6;6;6";2.714;2.074;6;6;6;0;0;9;8;8;8;perovskite;2.0;4.0;False;0.9517456201752582;0.5071428571428571;XII
mp-3387;CaSiO3;0.2413147018333337;9.39518266932576;I4/mcm;True;True;;Ca;Si;only octahedral cation;"12;12";"6;6";2.46;1.812;6;6;6;0;0;12;12;8;8;perovskite;2.0;4.0;False;1.0763736558061892;0.28571428571428575;XII
mp-3382;CaSiO3;0.243730027833334;9.400639676203232;P4/mbm;True;True;;Ca;Si;only octahedral cation;"12;12";"6;6";2.553;1.807;6;6;6;0;0;12;12;8;8;perovskite;2.0;4.0;False;1.0763736558061892;0.28571428571428575;XII
mp-3395;SrSeO3;0.0;15.321182131644216;P2_1/m;False;True;;Sr;Se;neither octahedral: lower CN;"9;9";"3;3";2.725;1.707;3;3;0;0;0;9;9;7;7;non-perovskite (B not octahedral);2.0;4.0;False;1.0569385571419974;0.35714285714285715;XII
mp-3408;CeAlO3;0.0006384559999954;10.68926141185251;R-3c;False;True;;Ce;Al;only octahedral cation;"12;12";"6;6";2.574;1.893;6;6;6;0;0;12;12;8;8;perovskite;3.0;3.0;False;1.0012778193545944;0.3821428571428572;XII
mp-3404;RbSO3;0.0074024758541595;19.091719424106486;P321;False;True;;Rb;S;neither octahedral: lower CN;"10;10;10;8;8;8";"3;3;3;3;3;3";3.057;1.456;3;3;0;0;0;8;8;6;6;non-perovskite (B not octahedral);1.0;5.0;False;;;
mp-3442;CaTiO3;0.017396585500002;11.241312515722097;I4/mcm;False;True;;Ca;Ti;only octahedral cation;"8;8";"6;6";2.558;1.95;6;6;6;0;0;8;8;8;8;perovskite;2.0;4.0;False;0.9663204890030626;0.43214285714285716;XII
mp-3466;PrAlO3;0.0;10.709578105965994;R-3c;False;True;;Pr;Al;only octahedral cation;"12;12";"6;6";2.556;1.898;6;6;6;0;0;12;12;8;8;perovskite;3.0;3.0;False;0.9424436117209848;0.3821428571428572;IX
mp-3474;LaCuO3;0.0;11.450128810538684;R-3c;False;True;;La;Cu;only octahedral cation;"12;12";"6;6";2.595;1.947;6;6;6;0;0;12;12;8;8;perovskite;3.0;3.0;False;1.0059869670489026;0.3857142857142858;XII
mp-3470;MgSiO3;0.0076780379166647;10.363428766688944;P2_1/c;False;True;;Si;Mg;only octahedral cation;"4;4;4;4;4;4;4;4";"6;6;6;6;6;6;6;6";1.636;2.106;6;6;0;5;0;4;4;4;5;non-perovskite (edge-sharing BO6);4.0;2.0;False;0.6003736821395214;0.5142857142857143;VI
mp-3547;MgSiO3;0.2170405331666671;8.396580847700344;Pnma;False;True;;Mg;Si;only octahedral cation;"8;8;8;8";"6;6;6;6";2.228;1.814;6;6;6;0;0;8;8;8;8;perovskite;2.0;4.0;False;0.8995969605095522;0.28571428571428575;VIII
mp-3598;BaRuO3;0.025915977166667;13.833977609657593;P6_3/mmc;False;True;;Ba;Ru;only octahedral cation;"12;12;12;12;12;12";"6;6;6;6;6;6";2.915;2.025;6;6;3;0;1;12;12;7;7;non-perovskite (face-sharing BO6);2.0;4.0;False;1.0536591145403504;0.4428571428571429;XII
mp-3597;BaRuO3;0.0;13.94232743850443;P6_3/mmc;False;True;;Ba;Ru;only octahedral cation;"12;12;12;12";"6;6;6;6";2.934;2.002;6;6;3;0;1;12;12;6;6;non-perovskite (face-sharing BO6);2.0;4.0;False;1.0536591145403504;0.4428571428571429;XII
mp-3614;KTaO3;0.0;12.75092400607338;Pm-3m;False;True;;K;Ta;only octahedral cation;12;6;2.825;1.997;6;6;6;0;0;12;12;8;8;perovskite;1.0;5.0;False;1.0537277523564237;0.4571428571428572;XII
mp-3626;SrZrO3;0.0071837564999999;13.951373919974207;Cmcm;False;True;;Sr;Zr;only octahedral cation;"4;4;10;10";"6;6;6;6";2.682;2.097;6;6;6;0;0;6;4;8;8;perovskite;2.0;4.0;False;0.9472562540423559;0.5142857142857143;XII
mp-3666;LiTaO3;0.0;10.512489484369372;R3c;False;True;;Li;Ta;both octahedral: higher valence;"6;6";"6;6";2.152;1.994;6;6;6;0;0;6;6;7;7;non-perovskite (corner-sharing, A outside cavity);1.0;5.0;False;0.8041606531141127;0.4571428571428572;VIII
mp-3671;NaNbO3;0.001741106999999;12.049266769922314;Pbcm;False;True;;Na;Nb;only octahedral cation;"9;9;9;9;8;8;8;8";"6;6;6;6;6;6;6;6";2.607;2.016;6;6;6;0;0;8;8;8;8;perovskite;1.0;5.0;False;0.9670725095639545;0.4571428571428572;XII
mp-3731;LiNbO3;0.0;10.726559048942413;R3c;False;True;;Li;Nb;both octahedral: higher valence;"6;6;6;6;6;6;6;6";"6;6;6;6;6;6;6;6";2.143;2.025;6;6;6;0;0;6;6;7;7;non-perovskite (corner-sharing, A outside cavity);1.0;5.0;False;0.8041606531141127;0.4571428571428572;VIII
mp-3721;SrHfO3;0.0040905669999986;13.560049749179663;I4/mcm;False;True;;Sr;Hf;only octahedral cation;"8;8";"6;6";2.741;2.067;6;6;6;0;0;12;8;8;8;perovskite;2.0;4.0;False;0.9517456201752582;0.5071428571428571;XII
mp-3759;MgGeO3;0.0318020130000187;10.102990576537422;R-3;False;True;;Mg;Ge;both octahedral: higher valence;"6;6";"6;6";2.125;1.935;6;6;0;3;0;6;6;4;7;non-perovskite (edge-sharing BO6);2.0;4.0;False;0.8390023465892196;0.3785714285714286;VIII
mp-3771;MgTiO3;0.0;10.25186191467851;R-3;False;True;;Mg;Ti;both octahedral: higher valence;"6;6";"6;6";2.1;1.985;6;6;0;3;0;6;6;4;10;non-perovskite (edge-sharing BO6);2.0;4.0;False;0.8076182189113187;0.43214285714285716;VIII
mp-3822;SrCO3;0.0;12.92237845597739;Pnma;False;True;;Sr;C;neither octahedral: lower CN;"9;9;9;9";"3;3;3;3";2.649;1.292;3;3;0;0;0;9;9;6;6;non-perovskite (B not octahedral);2.0;4.0;False;1.2872969606216635;0.1142857142857143;XII
mp-3792;YAlO3;0.0188358380499966;10.145587451570243;Pnma;False;True;;Y;Al;only octahedral cation;"8;8;8;8";"6;6;6;6";2.403;1.906;6;6;6;0;0;8;8;8;8;perovskite;3.0;3.0;False;0.9044389061688396;0.3821428571428572;IX
mp-3858;NaTaO3;0.0;11.70305179928378;Pnma;False;True;;Na;Ta;only octahedral cation;"8;8;8;8";"6;6;6;6";2.571;1.984;6;6;6;0;0;8;8;8;8;perovskite;1.0;5.0;False;0.9670725095639545;0.4571428571428572;XII
mp-3834;BaZrO3;7.172199999949669e-05;14.949092648283042;Pm-3m;False;True;;Ba;Zr;only octahedral cation;12;6;2.979;2.106;6;6;6;0;0;12;12;8;8;perovskite;2.0;4.0;False;1.0039582129110884;0.5142857142857143;XII
mp-3953;CaCO3;0.0;12.29495072208524;R-3c;False;True;;C;Ca;only octahedral cation;"3;3";"6;6";1.291;2.359;6;6;6;0;0;3;3;6;6;non-perovskite (corner-sharing, A outside cavity);4.0;2.0;False;0.4596194077712559;0.7142857142857143;VI
mp-3978;SrSiO3;0.0;14.928523677552686;C2/c;False;True;;Sr;Si;neither octahedral: lower CN;"8;8;8;8;8;8";"4;4;4;4;4;4";2.647;1.633;4;4;2;0;0;8;8;6;6;non-perovskite (B not octahedral);2.0;4.0;False;1.1156573658721083;0.28571428571428575;XII
mp-4019;CaTiO3;0.0;11.204986884650031;Pnma;False;True;;Ca;Ti;only octahedral cation;"8;8;8;8";"6;6;6;6";2.506;1.961;6;6;6;0;0;8;8;8;8;perovskite;2.0;4.0;False;0.9663204890030626;0.43214285714285716;XII
mp-4096;CeAlO3;0.0056001959999942;10.662207029006254;I4/mcm;False;True;;Ce;Al;only octahedral cation;"12;12";"6;6";2.555;1.891;6;6;6;0;0;12;12;8;8;perovskite;3.0;3.0;False;1.0012778193545944;0.3821428571428572;XII
mp-4135;RbPO3;0.0;16.51630597771792;P2_1/c;False;True;;Rb;P;neither octahedral: lower CN;"7;7;7;7";"4;4;4;4";2.961;1.549;4;4;2;0;0;7;7;7;7;non-perovskite (B not octahedral);1.0;5.0;False;1.2394231220797913;0.27142857142857146;XII
mp-4126;KUO3;0.0;15.888786795898062;Pm-3m;False;True;;K;U;only octahedral cation;12;6;3.04;2.149;6;6;6;0;0;12;12;8;8;perovskite;1.0;5.0;False;0.9951873216699557;0.5428571428571429;XII
mp-4170;NaTaO3;0.0277541294999981;12.305930988919725;Pm-3m;False;True;;Na;Ta;only octahedral cation;12;6;2.792;1.974;6;6;6;0;0;12;12;8;8;perovskite;1.0;5.0;False;0.9670725095639545;0.4571428571428572;XII
mp-4190;CaSnO3;0.0148707705000008;13.453390939302432;R-3;False;True;;Ca;Sn;both octahedral: higher valence;"6;6";"6;6";2.377;2.093;6;6;0;3;0;6;6;7;7;non-perovskite (edge-sharing BO6);2.0;4.0;False;0.9270203734215983;0.4928571428571428;XII
mp-4243;CaIrO3;0.0;11.421872186793518;Cmcm;False;True;;Ca;Ir;only octahedral cation;"8;8";"6;6";2.447;2.027;6;6;2;2;0;8;8;6;6;non-perovskite (edge-sharing BO6);2.0;4.0;False;0.9567765829388347;0.44642857142857145;XII
mp-4307;BaIrO3;0.0471774166250043;14.206266735440009;C2/c;False;True;;Ba;Ir;only octahedral cation;"10;10;12;12;12;12";"6;6;6;6;6;6";2.877;2.051;6;6;3;0;1;10;10;7;7;non-perovskite (face-sharing BO6);2.0;4.0;False;1.0510574870970408;0.44642857142857145;XII
mp-4320;CuTeO3;0.0448440027499987;14.878739059413943;Pnma;False;True;;Cu;Te;neither octahedral: lower CN;"5;5;5;5;5;5;5;5";"4;4;4;4;3;3;3;3";2.087;1.982;3;4;1;0;0;4;5;6;7;non-perovskite (B not octahedral);2.0;4.0;False;0.635501031192973;0.6928571428571428;VI
mp-4342;KNbO3;0.0011901640000004;13.238386601540457;P4mm;False;True;;K;Nb;only octahedral cation;12;6;2.812;1.968;6;6;6;0;0;12;12;8;8;perovskite;1.0;5.0;False;1.0537277523564237;0.4571428571428572;XII
mp-4356;CaSiO3;0.2437048748333339;9.39946801989045;Im-3;True;True;;Ca;Si;only octahedral cation;"12;12;12;12";"6;6;6;6";2.553;1.807;6;6;6;0;0;12;12;8;8;perovskite;2.0;4.0;False;1.0763736558061892;0.28571428571428575;XII
mp-4346;SrRuO3;0.0413389980000014;12.678228209399284;Pm-3m;False;True;;Sr;Ru;only octahedral cation;12;6;2.819;1.994;6;6;6;0;0;12;12;8;8;perovskite;2.0;4.0;False;0.9941501280048488;0.4428571428571429;XII
mp-4321;MgSiO3;0.019268999666667;10.074077082452323;C2/c;False;True;;Si;Mg;only octahedral cation;"4;4;4;4";"6;6;6;6";1.641;2.105;6;6;0;5;0;4;4;7;7;non-perovskite (edge-sharing BO6);4.0;2.0;False;0.6003736821395214;0.5142857142857143;VI
mp-4355;YTiO3;0.0579532927499837;11.774893543345998;Pnma;False;True;;Y;Ti;only octahedral cation;"8;8;8;8";"6;6;6;6";2.46;2.051;6;6;6;0;0;8;8;8;8;perovskite;3.0;3.0;False;0.8454537601143501;0.47857142857142865;IX
mp-4391;MgSiO3;0.2611187761666667;8.41979956765026;Cmcm;False;True;;Mg;Si;only octahedral cation;"8;8";"6;6";2.217;1.821;6;6;2;2;0;8;8;6;6;non-perovskite (edge-sharing BO6);2.0;4.0;False;0.8995969605095522;0.28571428571428575;VIII
mp-4385;CdCO3;0.0;11.552902720431366;R-3c;False;True;;C;Cd;only octahedral cation;"3;3";"6;6";1.291;2.302;6;6;6;0;0;3;3;6;8;non-perovskite (corner-sharing, A outside cavity);4.0;2.0;False;0.46939854410681453;0.6785714285714286;VI
mp-4387;SrZrO3;0.0;13.910998301560914;Pnma;False;True;;Sr;Zr;only octahedral cation;"8;8;8;8";"6;6;6;6";2.712;2.102;6;6;6;0;0;8;8;8;8;perovskite;2.0;4.0;False;0.9472562540423559;0.5142857142857143;XII
mp-4428;CaSiO3;0.0229512705000001;13.008085386183906;P-1;False;True;;Ca;Si;neither octahedral: lower CN;"6;6;7;7;8;8";"4;4;4;4;4;4";2.506;1.65;4;4;2;0;0;6;6;4;4;non-perovskite (B not octahedral);2.0;4.0;False;1.0763736558061892;0.28571428571428575;XII
mp-4419;NaNbO3;0.030859024999998;12.481392265583448;P4/mbm;False;True;;Na;Nb;only octahedral cation;"8;8";"6;6";2.668;2.011;6;6;6;0;0;12;8;8;8;perovskite;1.0;5.0;False;0.9670725095639545;0.4571428571428572;XII
mp-4429;CaSiO3;0.0;13.289420896817726;P-1;False;True;;Ca;Si;neither octahedral: lower CN;"7;7;6;6;6;6";"4;4;4;4;4;4";2.397;1.63;4;4;2;0;0;6;6;5;6;non-perovskite (B not octahedral);2.0;4.0;False;1.0763736558061892;0.28571428571428575;XII
mp-4434;TbAlO3;0.0090005247500002;10.18330754963362;Pnma;False;True;;Tb;Al;only octahedral cation;"8;8;8;8";"6;6;6;6";2.417;1.903;6;6;6;0;0;8;8;8;8;perovskite;3.0;3.0;False;0.9117475033904061;0.3821428571428572;IX
mp-4438;CaSnO3;0.0;12.440285609619917;Pnma;False;True;;Ca;Sn;only octahedral cation;"8;8;8;8";"6;6;6;6";2.538;2.068;6;6;6;0;0;8;8;8;8;perovskite;2.0;4.0;False;0.9270203734215983;0.4928571428571428;XII
mp-4471;ScAlO3;0.0280202173749994;9.553503967873125;Pnma;False;True;;Sc;Al;only octahedral cation;"8;8;8;8";"6;6;6;6";2.295;1.92;6;6;6;0;0;6;8;8;8;perovskite;3.0;3.0;False;0.8295257846477843;0.3821428571428572;VIII
mp-4482;NaSbO3;0.0;12.883098377675015;R-3;False;True;;Na;Sb;both octahedral: higher valence;"6;6";"6;6";2.415;2.001;6;6;0;3;0;6;6;7;7;non-perovskite (edge-sharing BO6);1.0;5.0;False;0.9864139597552337;0.4285714285714286;XII
mp-4514;NaNbO3;0.0;12.169003756668433;R3c;False;True;;Na;Nb;both octahedral: higher valence;"6;6";"6;6";2.439;2.021;6;6;6;0;0;6;6;8;8;perovskite;1.0;5.0;False;0.9670725095639545;0.4571428571428572;XII
mp-4525;SrRuO3;0.0066221849999976;12.17170792137346;I4/mcm;False;True;;Sr;Ru;only octahedral cation;"12;12";"6;6";2.627;1.988;6;6;6;0;0;12;12;8;8;perovskite;2.0;4.0;False;0.9941501280048488;0.4428571428571429;XII
mp-4531;NaNO3;0.0;12.001067588841227;R-3c;False;True;;N;Na;only octahedral cation;"3;3;3;3";"6;6;6;6";1.259;2.363;6;6;6;0;0;3;3;6;8;non-perovskite (corner-sharing, A outside cavity);5.0;1.0;False;0.44705511372537915;0.7285714285714286;VI
mp-4551;SrHfO3;0.0329575589999997;14.203994627729838;Pm-3m;False;True;;Sr;Hf;only octahedral cation;12;6;2.928;2.071;6;6;6;0;0;12;12;8;8;perovskite;2.0;4.0;False;0.9517456201752582;0.5071428571428571;XII
mp-4559;BaCO3;0.0218447350000081;15.01662219229678;R3m;False;True;;Ba;C;neither octahedral: lower CN;9;3;2.749;1.291;3;3;0;0;0;9;9;7;7;non-perovskite (B not octahedral);2.0;4.0;False;1.3643534688278898;0.1142857142857143;XII
mp-4535;PrGaO3;0.0292606008571434;12.10886911601356;Pnma;False;True;;Pr;Ga;only octahedral cation;"8;8;8;8";"6;6;6;6";2.561;2.018;6;6;6;0;0;8;8;8;8;perovskite;3.0;3.0;False;0.9027863310297553;0.4428571428571429;IX
mp-4571;CaZrO3;0.0;12.93632503931826;Pnma;False;True;;Ca;Zr;only octahedral cation;"8;8;8;8";"6;6;6;6";2.567;2.102;6;6;6;0;0;8;8;8;8;perovskite;2.0;4.0;False;0.9139021605901604;0.5142857142857143;XII
mp-4575;MgGeO3;0.0128496432500178;11.200638532793704;Pbca;False;True;;Ge;Mg;only octahedral cation;"4;4;4;4;4;4;4;4;4;4;4;4;4;4;4;4";"6;6;6;6;6;6;6;6;6;6;6;6;6;6;6;6";1.761;2.096;6;6;0;5;0;4;4;5;5;non-perovskite (edge-sharing BO6);4.0;2.0;False;0.6437340036273757;0.5142857142857143;VI
mp-4582;NdRhO3;0.0;12.184607419593975;Pnma;False;True;;Nd;Rh;only octahedral cation;"8;8;8;8";"6;6;6;6";2.497;2.066;6;6;6;0;0;8;8;8;8;perovskite;3.0;3.0;False;0.9142736589675942;0.47500000000000003;XII
mp-4626;CaCO3;0.0009960545000033;11.244071522250836;Pnma;False;True;;Ca;C;neither octahedral: lower CN;"9;9;9;9";"3;3;3;3";2.52;1.29;3;3;0;0;0;9;9;6;6;non-perovskite (B not octahedral);2.0;4.0;False;1.2419696028532952;0.1142857142857143;XII
mp-4651;SrTiO3;0.0;11.962507795144642;I4/mcm;True;True;;Sr;Ti;only octahedral cation;"12;12";"6;6";2.69;1.96;6;6;6;0;0;12;12;8;8;perovskite;2.0;4.0;False;1.001587660134561;0.43214285714285716;XII
mp-4681;NaNbO3;0.0024077749999982;12.07486691517202;Pmc2_1;False;True;;Na;Nb;only octahedral cation;"8;8;3;3";"6;6;6;6";2.489;2.016;6;6;6;0;0;7;3;8;8;perovskite;1.0;5.0;False;0.9670725095639545;0.4571428571428572;XII
mp-4675;NaTaO3;0.0093388935000007;11.877001155706727;P4/mbm;False;True;;Na;Ta;only octahedral cation;"8;8";"6;6";2.618;1.98;6;6;6;0;0;12;8;8;8;perovskite;1.0;5.0;False;0.9670725095639545;0.4571428571428572;XII
mp-4682;ZnSeO3;0.0621414927500021;12.041966460503534;Pnma;False;True;;Se;Zn;only octahedral cation;"3;3;3;3";"6;6;6;6";1.756;2.191;6;6;6;0;0;3;3;8;8;perovskite;4.0;2.0;False;0.6278050861002058;0.5285714285714286;VI
mp-4699;NaTaO3;0.0033295580000007;11.792702714180402;Cmcm;False;True;;Na;Ta;only octahedral cation;"6;6;10;10";"6;6;6;6";2.568;1.982;6;6;6;0;0;6;6;8;8;perovskite;1.0;5.0;False;0.9670725095639545;0.4571428571428572;XII
mp-4673;SrHfO3;0.003748272000001;13.568492395864606;Cmcm;False;True;;Sr;Hf;only octahedral cation;"4;4;10;10";"6;6;6;6";2.677;2.07;6;6;6;0;0;10;4;8;8;perovskite;2.0;4.0;False;0.9517456201752582;0.5071428571428571;XII
mp-4734;NaPO3;0.0120734107500002;12.76932068524701;P2_1/c;False;True;;Na;P;neither octahedral: lower CN;"5;5;5;5;5;5;5;5";"4;4;4;4;4;4;4;4";2.391;1.545;4;4;2;0;0;5;5;5;5;non-perovskite (B not octahedral);1.0;5.0;False;1.1083302918598135;0.27142857142857146;XII
mp-4748;NaNbO3;0.0267007389999989;12.371766413017587;Cmcm;False;True;;Na;Nb;only octahedral cation;"6;6;10;10";"6;6;6;6";2.615;2.013;6;6;6;0;0;6;6;8;8;perovskite;1.0;5.0;False;0.9670725095639545;0.4571428571428572;XII
mp-4783;BaPrO3;0.1908281109999992;19.3464323256926;Pm-3m;False;True;;Ba;Pr;only octahedral cation;12;6;3.246;2.295;6;6;6;0;0;12;12;8;8;perovskite;2.0;4.0;False;0.9459517383873367;0.6071428571428572;XII
mp-4784;CaPtO3;0.0105472816666543;11.494236831033714;Cmcm;False;False;Structure contains elements not in set of BV parameters: {Element Pt};Ca;Pt;only octahedral cation;"8;8";"6;6";2.438;2.041;6;6;2;2;0;8;8;6;6;non-perovskite (edge-sharing BO6);;;;;;
mp-4789;PrRhO3;0.0;12.353586568073917;Pnma;False;True;;Pr;Rh;only octahedral cation;"8;8;8;8";"6;6;6;6";2.518;2.067;6;6;6;0;0;8;8;8;8;perovskite;3.0;3.0;False;0.8831130211525937;0.47500000000000003;IX
mp-4819;MgGeO3;0.0117278700000174;10.87526260236383;C2/c;False;True;;Ge;Mg;only octahedral cation;"4;4;4;4";"6;6;6;6";1.769;2.093;6;6;0;5;0;4;4;7;7;non-perovskite (edge-sharing BO6);4.0;2.0;False;0.6437340036273757;0.5142857142857143;VI
mp-4853;CaSiO3;0.2437246083333342;9.393294905711766;I4/mmm;True;True;;Ca;Si;only octahedral cation;"12;12;12;12";"6;6;6;6";2.552;1.806;6;6;6;0;0;12;12;8;8;perovskite;2.0;4.0;False;1.0763736558061892;0.28571428571428575;XII
mp-4900;BaCeO3;0.0025211640000009;17.24445509320209;R-3c;False;True;;Ba;Ce;only octahedral cation;"9;9";"6;6";2.995;2.249;6;6;6;0;0;9;9;8;8;perovskite;2.0;4.0;False;0.9376173618376686;0.6214285714285714;XII
mp-4891;HoAlO3;0.0156946146500001;10.04883747311137;Pnma;False;True;;Ho;Al;only octahedral cation;"8;8;8;8";"6;6;6;6";2.387;1.905;6;6;6;0;0;8;8;8;8;perovskite;3.0;3.0;False;0.920883249917364;0.3821428571428572;X
mp-4957;CaNbO3;0.0589310007500039;12.683678528678069;Pnma;False;True;;Ca;Nb;only octahedral cation;"8;8;8;8";"6;6;6;6";2.579;2.062;6;6;6;0;0;8;8;8;8;perovskite;2.0;4.0;False;0.9314772021399712;0.48571428571428577;XII
mp-4995;LiSbO3;0.0;10.775006655742583;Pnna;False;True;;Li;Sb;both octahedral: higher valence;"6;6;6;6";"6;6;6;6";2.163;1.992;6;6;2;2;0;6;6;9;9;non-perovskite (edge-sharing BO6);1.0;5.0;False;0.820243866176395;0.4285714285714286;VIII
mp-5020;BaTiO3;4.098999999868624e-05;13.12712981316802;R3m;False;True;;Ba;Ti;only octahedral cation;12;6;2.793;1.886;6;6;6;0;0;12;12;8;8;perovskite;2.0;4.0;False;1.0615418510581087;0.43214285714285716;XII
mp-5026;MgSiO3;0.0083326439166677;10.721559998243135;Pbcn;False;True;;Si;Mg;only octahedral cation;"4;4;4;4;4;4;4;4";"6;6;6;6;6;6;6;6";1.631;2.11;6;6;0;5;0;4;4;5;6;non-perovskite (edge-sharing BO6);4.0;2.0;False;0.6003736821395214;0.5142857142857143;VI
mp-5039;KPO3;0.0;16.038649020728407;P2_1/c;False;True;;K;P;neither octahedral: lower CN;"7;7;7;7;8;8;8;8";"4;4;4;4;4;4;4;4";2.822;1.549;4;4;2;0;0;7;7;6;6;non-perovskite (B not octahedral);1.0;5.0;False;1.2076430420264632;0.27142857142857146;XII
mp-5052;TiCdO3;0.0387445740000007;11.02734289132152;Pna2_1;False;True;;Cd;Ti;only octahedral cation;"8;8;8;8";"6;6;6;6";2.471;1.972;6;6;6;0;0;8;8;8;8;perovskite;2.0;4.0;False;0.9557403376636129;0.43214285714285716;XII
mp-5076;SrZrO3;0.0092953270000002;13.929130396935385;I4/mcm;False;True;;Sr;Zr;only octahedral cation;"8;8";"6;6";2.749;2.094;6;6;6;0;0;8;8;8;8;perovskite;2.0;4.0;False;0.9472562540423559;0.5142857142857143;XII
mp-5073;RbNO3;0.0170420368888892;15.078844278762393;P3_1;False;True;;Rb;N;neither octahedral: lower CN;"12;12;12;8;8;8;12;12;12";"3;3;3;3;3;3;3;3;3";3.091;1.26;3;3;0;0;0;12;8;8;8;non-perovskite (B not octahedral);1.0;5.0;False;1.4419432400666852;0.09285714285714286;XII
mp-5096;CaSiO3;0.2411233228333351;9.399326291098973;Imma;True;True;;Ca;Si;only octahedral cation;"12;12";"6;6";2.456;1.811;6;6;6;0;0;12;12;8;8;perovskite;2.0;4.0;False;1.0763736558061892;0.28571428571428575;XII
mp-5158;KNO3;0.0;15.312471299400034;Pnma;False;True;;K;N;neither octahedral: lower CN;"9;9;9;9";"3;3;3;3";2.838;1.262;3;3;0;0;0;9;9;6;6;non-perovskite (B not octahedral);1.0;5.0;False;1.4049703364752317;0.09285714285714286;XII
mp-5163;LaRhO3;0.0;12.5310259403746;Pnma;False;True;;La;Rh;only octahedral cation;"8;8;8;8";"6;6;6;6";2.547;2.067;6;6;6;0;0;8;8;8;8;perovskite;3.0;3.0;False;0.9450918721912208;0.47500000000000003;XII
mp-5223;GdAlO3;0.0083843889000032;10.354641097743318;Pnma;False;True;;Gd;Al;only octahedral cation;"8;8;8;8";"6;6;6;6";2.453;1.904;6;6;6;0;0;8;8;8;8;perovskite;3.0;3.0;False;0.9161326617233458;0.3821428571428572;IX
mp-5229;SrTiO3;0.0004700539999991;11.980090061328564;Pm-3m;False;True;;Sr;Ti;only octahedral cation;12;6;2.767;1.956;6;6;6;0;0;12;12;8;8;perovskite;2.0;4.0;False;1.001587660134561;0.43214285714285716;XII
mp-5246;KNbO3;0.0003534000000016;13.279941148589144;Amm2;False;True;;K;Nb;only octahedral cation;12;6;2.791;1.939;6;6;6;0;0;12;12;8;8;perovskite;1.0;5.0;False;1.0537277523564237;0.4571428571428572;XII
mp-5323;CeAlO3;0.0171150289999957;10.64871258679838;Pm-3m;False;True;;Ce;Al;only octahedral cation;12;6;2.66;1.881;6;6;6;0;0;12;12;8;8;perovskite;3.0;3.0;False;1.0012778193545944;0.3821428571428572;XII
mp-5304;LaAlO3;0.0030534250000009;10.827330306696036;Pm-3m;False;True;;La;Al;only octahedral cation;12;6;2.675;1.891;6;6;6;0;0;12;12;8;8;perovskite;3.0;3.0;False;1.0085864165761607;0.3821428571428572;XII
mp-5348;MgCO3;0.0;9.255709187868767;R-3c;False;True;;C;Mg;only octahedral cation;"3;3";"6;6";1.289;2.097;6;6;6;0;0;3;3;6;8;non-perovskite (corner-sharing, A outside cavity);4.0;2.0;False;0.5203238578542518;0.5142857142857143;VI
mp-5338;ZnSeO3;0.0;13.466349452747323;Pbca;False;True;;Zn;Se;neither octahedral: lower CN;"5;5;5;5;5;5;5;5";"3;3;3;3;3;3;3;3";2.053;1.72;3;3;0;0;0;5;5;5;7;non-perovskite (B not octahedral);2.0;4.0;False;0.8559713666995048;0.35714285714285715;VIII
mp-5364;YbBO3;0.0;11.170840702841186;R-3c;False;True;;B;Yb;only octahedral cation;"3;3";"6;6";1.38;2.225;6;6;6;0;0;3;3;6;8;non-perovskite (corner-sharing, A outside cavity);3.0;3.0;False;0.5206650461117877;0.62;VI
mp-5431;BaTeO3;0.0;18.926378785886055;P2_1/m;False;True;;Ba;Te;neither octahedral: lower CN;"9;9";"3;3";2.926;1.87;3;3;0;0;0;9;9;7;7;non-perovskite (B not octahedral);2.0;4.0;False;0.8980554478360793;0.6928571428571428;XII
mp-5504;BaCO3;0.0;15.43958262160443;Pnma;False;True;;Ba;C;neither octahedral: lower CN;"9;9;9;9";"3;3;3;3";2.825;1.295;3;3;0;0;0;9;9;6;6;non-perovskite (B not octahedral);2.0;4.0;False;1.3643534688278898;0.1142857142857143;XII
mp-5537;NbAgO3;0.0594938496730765;12.84375819520931;Pbcm;False;True;;Ag;Nb;only octahedral cation;"3;3;3;3;8;8;8;8";"6;6;6;6;6;6;6;6";2.588;2.051;6;6;6;0;0;9;3;8;8;perovskite;1.0;5.0;False;0.9289442027352681;0.4571428571428572;VIII
mp-5660;BaIrO3;0.1432342616250048;13.55646320091869;Pm-3m;False;True;;Ba;Ir;only octahedral cation;12;6;2.883;2.039;6;6;6;0;0;12;12;8;8;perovskite;2.0;4.0;False;1.0510574870970408;0.44642857142857145;XII
mp-5663;BaCeO3;0.0403338960000017;17.913239715873452;Pm-3m;False;True;;Ba;Ce;only octahedral cation;12;6;3.164;2.237;6;6;6;0;0;12;12;8;8;perovskite;2.0;4.0;False;0.9376173618376686;0.6214285714285714;XII
mp-5690;GdScO3;0.0117445718750008;12.583372843396813;Pnma;False;True;;Gd;Sc;only octahedral cation;"8;8;8;8";"6;6;6;6";2.515;2.109;6;6;6;0;0;6;8;8;8;perovskite;3.0;3.0;False;0.8264413521839973;0.5321428571428571;IX
mp-5692;TbRhO3;0.0;11.47766922555557;Pnma;False;True;;Tb;Rh;only octahedral cation;"8;8;8;8";"6;6;6;6";2.418;2.057;6;6;6;0;0;8;8;6;8;perovskite;3.0;3.0;False;0.8543493554772088;0.47500000000000003;IX
mp-5733;CaSiO3;1.4276166666604697e-05;13.28888207013262;P2_1/c;False;True;;Ca;Si;neither octahedral: lower CN;"7;7;7;7;6;6;6;6;6;6;6;6";"4;4;4;4;4;4;4;4;4;4;4;4";2.397;1.63;4;4;2;0;0;6;6;5;6;non-perovskite (B not octahedral);2.0;4.0;False;1.0763736558061892;0.28571428571428575;XII
mp-5735;BaTbO3;0.0917668097500001;17.447420786847704;Imma;False;True;;Ba;Tb;only octahedral cation;"7;7";"6;6";2.9;2.265;6;6;6;0;0;7;7;8;8;perovskite;2.0;4.0;False;0.9853663941534758;0.5428571428571429;XII
mp-5777;BaTiO3;0.0;13.114621483342678;Amm2;False;True;;Ba;Ti;only octahedral cation;12;6;2.802;1.912;6;6;6;0;0;12;12;8;8;perovskite;2.0;4.0;False;1.0615418510581087;0.43214285714285716;XII
mp-5788;NaUO3;0.0;14.01493449443377;Pnma;False;True;;Na;U;only octahedral cation;"8;8;8;8";"6;6;6;6";2.66;2.151;6;6;6;0;0;8;8;8;8;perovskite;1.0;5.0;False;0.9133462590326238;0.5428571428571429;XII
mp-5773;BaRuO3;0.001936062166667;13.951589291321044;R-3m;False;True;;Ba;Ru;only octahedral cation;"12;12;12";"6;6;6";2.931;2.003;6;6;0;0;2;12;12;6;6;non-perovskite (face-sharing BO6);2.0;4.0;False;1.0536591145403504;0.4428571428571429;XII
mp-5837;LaGaO3;0.0325494031428537;12.23883489030105;Pnma;False;True;;La;Ga;only octahedral cation;"8;8;8;8";"6;6;6;6";2.597;2.016;6;6;6;0;0;8;8;8;8;perovskite;3.0;3.0;False;0.9661458990469658;0.4428571428571429;XII
mp-5834;MgSiO3;0.0078660889166668;10.821949112292558;Pbca;False;True;;Si;Mg;only octahedral cation;"4;4;4;4;4;4;4;4;4;4;4;4;4;4;4;4";"6;6;6;6;6;6;6;6;6;6;6;6;6;6;6;6";1.652;2.143;6;6;0;5;0;4;4;5;6;non-perovskite (edge-sharing BO6);4.0;2.0;False;0.6003736821395214;0.5142857142857143;VI
mp-5827;CaTiO3;0.0644675975000002;11.767971524579286;Pm-3m;False;True;;Ca;Ti;only octahedral cation;12;6;2.75;1.945;6;6;6;0;0;12;12;8;8;perovskite;2.0;4.0;False;0.9663204890030626;0.43214285714285716;XII
mp-5899;NdAlO3;0.0;10.574913460950464;R-3c;False;True;;Nd;Al;only octahedral cation;"12;12";"6;6";2.53;1.895;6;6;6;0;0;12;12;8;8;perovskite;3.0;3.0;False;0.9756977290791119;0.3821428571428572;XII
mp-5893;CaSiO3;0.2442178178333343;9.39326516366317;Pm-3m;False;True;;Ca;Si;only octahedral cation;12;6;2.551;1.804;6;6;6;0;0;12;12;8;8;perovskite;2.0;4.0;False;1.0763736558061892;0.28571428571428575;XII
mp-5924;MgSiO3;0.1170723401666657;9.081105492543925;R-3;False;True;;Mg;Si;both octahedral: higher valence;"6;6";"6;6";2.11;1.816;6;6;0;3;0;6;6;7;7;non-perovskite (edge-sharing BO6);2.0;4.0;False;0.8995969605095522;0.28571428571428575;VIII
mp-5933;BaTiO3;0.0026194420000003;13.341225116938164;P6_3/mmc;False;True;;Ba;Ti;only octahedral cation;"12;12;12;12;12;12";"6;6;6;6;6;6";2.891;1.985;6;6;3;0;1;12;12;7;7;non-perovskite (face-sharing BO6);2.0;4.0;False;1.0615418510581087;0.43214285714285716;XII
mp-5915;TlNO3;0.0;14.913667227875298;Pnma;False;True;;N;Tl;neither octahedral: lower CN;"3;3;3;3;3;3;3;3";"0;0;0;0;0;0;0;0";1.262;;0;0;0;0;0;3;3;8;8;non-perovskite (B not octahedral);5.0;1.0;False;0.37305978455704053;1.0714285714285714;VI
mp-5945;MnSiO3;0.0087883553095267;12.081847994339798;P-1;False;True;;Mn;Si;neither octahedral: lower CN;"6;6;5;5;5;5;6;6;6;6;6;6;6;6";"4;4;4;4;4;4;4;4;4;4;4;4;4;4";2.247;1.647;4;4;2;0;0;5;5;4;5;non-perovskite (B not octahedral);2.0;4.0;False;0.9270955575556956;0.28571428571428575;VIII
mp-5986;BaTiO3;0.0019565740000011;13.065419938509256;P4mm;False;True;;Ba;Ti;only octahedral cation;12;6;2.814;1.948;6;6;6;0;0;12;12;8;8;perovskite;2.0;4.0;False;1.0615418510581087;0.43214285714285716;XII
mp-6909;BaPrO3;0.1122145719999991;18.98531860693081;Imma;False;False;Valences cannot be assigned!;Ba;Pr;only octahedral cation;"7;7";"6;6";2.927;2.356;6;6;6;0;0;7;7;8;8;perovskite;;;;;;
mp-6910;BaPrO3;0.1181481890000002;18.981459273707014;R-3c;False;False;Valences cannot be assigned!;Ba;Pr;only octahedral cation;"9;9";"6;6";3.063;2.35;6;6;6;0;0;9;9;8;8;perovskite;;;;;;
mp-6920;KNO3;0.0026409535000002;14.923229516920632;R3m;False;True;;K;N;neither octahedral: lower CN;9;3;2.779;1.261;3;3;0;0;0;9;9;7;7;non-perovskite (B not octahedral);1.0;5.0;False;1.4049703364752317;0.09285714285714286;XII
mp-6989;BaSeO3;0.0;17.675970785828287;P2_1/m;False;True;;Ba;Se;neither octahedral: lower CN;"9;9";"3;3";2.88;1.707;3;3;0;0;0;9;9;7;7;non-perovskite (B not octahedral);2.0;4.0;False;1.120206005985004;0.35714285714285715;XII
mp-7006;SrNbO3;0.0134760889285647;13.480745345158914;Pm-3m;False;True;;Sr;Nb;only octahedral cation;12;6;2.878;2.035;6;6;6;0;0;12;12;8;8;perovskite;2.0;4.0;False;0.9654727204662474;0.48571428571428577;XII
mp-7027;InBO3;0.0;10.535335310154869;R-3c;False;True;;B;In;only octahedral cation;"3;3";"6;6";1.379;2.174;6;6;6;0;0;3;3;6;8;non-perovskite (corner-sharing, A outside cavity);3.0;3.0;False;0.5367583293552428;0.5714285714285715;VI
mp-7143;BaPuO3;0.0243402839999991;16.818223468643836;Pm-3m;False;False;Structure contains elements not in set of BV parameters: {Element Pu};Ba;Pu;only octahedral cation;12;6;3.098;2.191;6;6;6;0;0;12;12;8;8;perovskite;;;;;;
mp-7238;NdBO3;0.0;11.712325729010129;Pnma;False;True;;Nd;B;neither octahedral: lower CN;"9;9;9;9";"3;3;3;3";2.543;1.371;3;3;0;0;0;9;9;6;6;non-perovskite (B not octahedral);3.0;3.0;False;1.1305240154299891;0.1928571428571429;XII
mp-7339;BaSiO3;0.0220318505000003;16.77323849260032;P2_12_12_1;False;True;;Ba;Si;neither octahedral: lower CN;"8;8;8;8";"4;4;4;4";2.84;1.651;4;4;2;0;0;7;8;6;7;non-perovskite (B not octahedral);2.0;4.0;False;1.182439672984171;0.28571428571428575;XII
mp-7375;KNbO3;0.0;13.285117366229397;R3m;False;True;;K;Nb;only octahedral cation;12;6;2.775;1.917;6;6;6;0;0;12;12;8;8;perovskite;1.0;5.0;False;1.0537277523564237;0.4571428571428572;XII
mp-7405;SmAlO3;0.0;10.420890024180416;Pnma;False;True;;Sm;Al;only octahedral cation;"12;12;12;12";"6;6;6;6";2.57;1.898;6;6;6;0;0;9;12;8;8;perovskite;3.0;3.0;False;0.9647348332467622;0.3821428571428572;XII
mp-7492;LaBO3;0.014214797000001;12.794431487087008;P2_1/m;False;True;;La;B;neither octahedral: lower CN;"9;9";"3;3";2.571;1.374;3;3;0;0;0;9;9;6;6;non-perovskite (B not octahedral);3.0;3.0;False;1.168631566511899;0.1928571428571429;XII
mp-7538;LaErO3;0.0278952662500007;15.203983136667633;Pnma;False;True;;La;Er;only octahedral cation;"8;8;8;8";"6;6;6;6";2.682;2.256;6;6;6;0;0;6;8;8;8;perovskite;3.0;3.0;False;0.852233500469376;0.6357142857142858;XII
mp-7560;LuBO3;0.0;10.998367787860555;R-3c;False;True;;B;Lu;only octahedral cation;"3;3";"6;6";1.38;2.21;6;6;6;0;0;3;3;6;8;non-perovskite (corner-sharing, A outside cavity);3.0;3.0;False;0.522277012198821;0.615;VI
mp-7588;CdGeO3;0.038764083874998;12.456124277059828;I4_1/a;False;True;;Cd;Ge;neither octahedral: lower CN;"6;6;6;6;8;8;8;8;8;8;8;8;8;8;8;8";"4;4;4;4;4;4;4;4;4;4;4;4;6;6;6;6";2.454;1.84;4;6;0;0;0;6;6;6;6;non-perovskite (B not octahedral);2.0;4.0;False;0.9928805062256703;0.3785714285714286;XII
mp-7607;TiHgO3;0.1084842570000006;11.834433484930988;R-3c;False;True;;Hg;Ti;only octahedral cation;"3;3";"6;6";2.276;1.999;6;6;6;0;0;9;3;8;8;perovskite;2.0;4.0;False;0.8957861467400652;0.43214285714285716;VIII
mp-7685;BaRhO3;0.0154937257962961;13.924977284472892;P6_3/mmc;False;True;;Ba;Rh;only octahedral cation;"12;12;12;12";"6;6;6;6";2.934;1.997;6;6;3;0;1;12;12;6;6;non-perovskite (face-sharing BO6);2.0;4.0;False;1.0641957056857538;0.4285714285714286;XII
mp-7964;YAlO3;0.1022256605499976;12.103513647008224;P6_3/mmc;False;True;;Al;Y;only octahedral cation;"5;5";"6;6";1.936;2.273;6;6;0;6;0;5;5;6;6;non-perovskite (edge-sharing BO6);3.0;3.0;False;0.594892009389552;0.6428571428571429;VI
mp-7986;CaSnO3;0.2100904525000091;13.448318169163173;Pm-3m;False;True;;Ca;Sn;only octahedral cation;12;6;2.875;2.033;6;6;6;0;0;12;12;8;8;perovskite;2.0;4.0;False;0.9270203734215983;0.4928571428571428;XII
mp-8020;LaTiO3;0.0675842517499969;12.409837563997788;Pm-3m;False;True;;La;Ti;only octahedral cation;12;6;2.799;1.979;6;6;6;0;0;12;12;8;8;perovskite;3.0;3.0;False;0.9428090415820632;0.47857142857142865;XII
mp-8037;BaThO3;0.0834060899999986;19.4686600765013;Pm-3m;False;True;;Ba;Th;only octahedral cation;12;6;3.253;2.3;6;6;6;0;0;12;12;8;8;perovskite;2.0;4.0;False;0.9095689792185931;0.6714285714285715;XII
mp-8007;LiUO3;0.0;12.688718923279945;R3c;False;True;;Li;U;only octahedral cation;"3;3";"6;6";1.958;2.155;6;6;6;0;0;3;3;8;8;perovskite;1.0;5.0;False;0.7594850612744398;0.5428571428571429;VIII
mp-8098;InGaO3;0.0020049374999997;11.584663498527046;P6_3/mmc;False;True;;Ga;In;only octahedral cation;"5;5";"6;6";1.938;2.193;6;6;0;6;0;5;5;6;6;non-perovskite (edge-sharing BO6);3.0;3.0;False;0.6492525899985572;0.5714285714285715;VI
mp-8074;TaSnO3;0.3249558250000088;13.509616694057744;Pm-3m;False;True;;Sn;Ta;only octahedral cation;0;6;;2.036;6;6;6;0;0;12;0;8;8;perovskite;2.0;4.0;False;;;
mp-8110;AlBO3;0.0328901956250025;8.146986382228382;R-3c;False;True;;B;Al;only octahedral cation;"3;3";"6;6";1.387;1.945;6;6;6;0;0;3;3;8;8;perovskite;3.0;3.0;False;0.6102678680007928;0.3821428571428572;VI
mp-8130;CaGeO3;0.107375905833333;10.821360443589665;Pnma;False;True;;Ca;Ge;only octahedral cation;"8;8;8;8";"6;6;6;6";2.485;1.935;6;6;6;0;0;8;8;8;8;perovskite;2.0;4.0;False;1.0038718033425598;0.3785714285714286;XII
mp-8180;LiNO3;0.0;9.280084348909154;R-3c;False;True;;N;Li;only octahedral cation;"3;3";"6;6";1.258;2.116;6;6;6;0;0;3;3;6;8;non-perovskite (corner-sharing, A outside cavity);5.0;1.0;False;0.500867303340471;0.5428571428571429;VI
mp-8189;LiReO3;0.0750534810000056;10.397122513168792;R3c;False;True;;Li;Re;both octahedral: higher valence;"6;6";"6;6";2.205;1.958;6;6;6;0;0;6;6;7;7;non-perovskite (corner-sharing, A outside cavity);1.0;5.0;False;0.8285291577539344;0.41428571428571426;VIII
mp-8196;AgNO3;0.0311713430000004;13.388611422098112;R3m;False;True;;Ag;N;neither octahedral: lower CN;9;3;2.71;1.27;3;3;0;0;0;9;9;7;7;non-perovskite (B not octahedral);1.0;5.0;False;1.238592270313691;0.09285714285714286;VIII
mp-8218;PrAlO3;0.0180234129999909;10.622475005987331;Pm-3m;False;True;;Pr;Al;only octahedral cation;"12;12";"6;6";2.658;1.879;6;6;6;0;0;12;12;8;8;perovskite;3.0;3.0;False;0.9424436117209848;0.3821428571428572;IX
mp-8216;LaBO3;0.0;12.3524212574134;Pnma;False;True;;La;B;neither octahedral: lower CN;"9;9;9;9";"3;3;3;3";2.591;1.374;3;3;0;0;0;9;9;6;6;non-perovskite (B not octahedral);3.0;3.0;False;1.168631566511899;0.1928571428571429;XII
mp-8275;CdGeO3;0.0440352787499982;11.883630558937064;R-3;False;True;;Cd;Ge;both octahedral: higher valence;"6;6";"6;6";2.374;1.942;6;6;0;3;0;6;6;7;7;non-perovskite (edge-sharing BO6);2.0;4.0;False;0.9928805062256703;0.3785714285714286;XII
mp-8285;ZnGeO3;0.0591087850000011;10.348547026309928;R-3;False;True;;Zn;Ge;both octahedral: higher valence;"6;6";"6;6";2.182;1.932;6;6;0;3;0;6;6;7;7;non-perovskite (edge-sharing BO6);2.0;4.0;False;0.8426661122948492;0.3785714285714286;VIII
mp-8516;CdSO3;0.0962769297500001;15.029701519101502;P2_1/c;False;True;;S;Cd;only octahedral cation;"3;3;3;3";"6;6;6;6";1.555;2.343;6;6;2;2;0;3;3;6;6;non-perovskite (edge-sharing BO6);4.0;2.0;False;0.532586809659655;0.6785714285714286;VI
mp-8557;BaPaO3;0.0;18.15020246705649;Pm-3m;False;False;Structure contains elements not in set of BV parameters: {Element Pa};Ba;Pa;only octahedral cation;12;6;3.178;2.247;6;6;6;0;0;12;12;8;8;perovskite;;;;;;
mp-8558;BaNpO3;0.0;17.126415592188746;Pm-3m;False;False;Structure contains elements not in set of BV parameters: {Element Np};Ba;Np;only octahedral cation;12;6;3.117;2.204;6;6;6;0;0;12;12;8;8;perovskite;;;;;;
mp-8627;SmBO3;0.0;11.769706587166798;P-1;False;True;;Sm;B;neither octahedral: lower CN;"8;8;8;8";"3;3;3;3";2.446;1.378;3;3;0;0;0;8;8;4;5;non-perovskite (B not octahedral);3.0;3.0;False;1.1178214984026857;0.1928571428571429;XII
mp-8697;ScBO3;0.0;10.067384890531;R-3c;False;True;;B;Sc;only octahedral cation;"3;3";"6;6";1.379;2.131;6;6;6;0;0;3;3;6;8;non-perovskite (corner-sharing, A outside cavity);3.0;3.0;False;0.5505213634412747;0.5321428571428571;VI
mp-9138;RbPO3;0.0115628084999999;17.573261743871246;Pnma;False;True;;P;Rb;only octahedral cation;"4;4;4;4";"6;6;6;6";1.548;2.92;6;6;0;6;0;4;4;7;7;non-perovskite (edge-sharing BO6);5.0;1.0;False;0.4310445446959091;1.0857142857142859;VI
mp-9186;CdSeO3;0.0;13.67439067186169;Pnma;False;True;;Se;Cd;only octahedral cation;"3;3;3;3";"6;6;6;6";1.722;2.34;6;6;6;0;0;3;3;8;8;perovskite;4.0;2.0;False;0.5717033550018895;0.6785714285714286;VI
mp-9228;HgSeO3;0.0;15.25033271294946;Pnma;False;True;;Se;Hg;neither octahedral: lower CN;"3;3;3;3";"2;2;2;2";1.72;2.115;2;2;0;0;0;3;3;8;8;non-perovskite (B not octahedral);4.0;2.0;False;0.5551664810968762;0.7285714285714286;VI
mp-9475;KNO3;0.001126074;13.86856999687644;Pnma;False;True;;K;N;neither octahedral: lower CN;"11;11;11;11";"3;3;3;3";2.913;1.261;3;3;0;0;0;11;11;7;7;non-perovskite (B not octahedral);1.0;5.0;False;1.4049703364752317;0.09285714285714286;XII
mp-9657;LiAsO3;0.0;9.439200396968976;R-3;False;True;;Li;As;both octahedral: higher valence;"6;6";"6;6";2.153;1.839;6;6;0;3;0;6;6;7;7;non-perovskite (edge-sharing BO6);1.0;5.0;False;0.8819826518025754;0.3285714285714286;VIII
mp-9716;TiBO3;0.0764089201833329;9.570124589670453;R-3c;False;True;;B;Ti;only octahedral cation;"3;3";"6;6";1.389;2.081;6;6;6;0;0;3;3;6;8;non-perovskite (corner-sharing, A outside cavity);3.0;3.0;False;0.5704677896529151;0.47857142857142865;VI
mp-9812;ZnCO3;0.0;9.345393807406117;R-3c;False;True;;C;Zn;only octahedral cation;"3;3";"6;6";1.29;2.105;6;6;6;0;0;3;3;6;8;non-perovskite (corner-sharing, A outside cavity);4.0;2.0;False;0.5154610180612216;0.5285714285714286;VI
mp-9834;NdGaO3;1.4662541728333327;19.011387084822797;Pm-3m;False;False;Valences cannot be assigned!;Ga;Nd;only octahedral cation;0;6;;2.282;6;6;6;0;0;12;0;8;8;perovskite;;;;;;
mp-9833;PrGaO3;1.4744034378571431;19.507563056001334;Pm-3m;False;False;Valences cannot be assigned!;Ga;Pr;only octahedral cation;0;6;;2.302;6;6;6;0;0;12;0;8;8;perovskite;;;;;;
mp-9831;LaGaO3;1.4438151811428537;19.46601929587108;Pm-3m;False;False;Valences cannot be assigned!;Ga;La;only octahedral cation;0;6;;2.3;6;6;6;0;0;12;0;8;8;perovskite;;;;;;
mp-9890;TaAgO3;0.0315954175000001;12.50421701330729;R-3c;False;True;;Ag;Ta;only octahedral cation;"3;3";"6;6";2.473;2.01;6;6;6;0;0;9;3;8;8;perovskite;1.0;5.0;False;0.9289442027352681;0.4571428571428572;VIII
mp-10339;SrNbO3;0.0077974329285623;13.3475185548459;Pnma;False;True;;Sr;Nb;only octahedral cation;"12;12;12;12";"6;6;6;6";2.819;2.046;6;6;6;0;0;12;12;8;8;perovskite;2.0;4.0;False;0.9654727204662474;0.48571428571428577;XII
mp-10429;LaYO3;0.0399179396249991;15.597155798848746;Pnma;False;True;;La;Y;only octahedral cation;"8;8;8;8";"6;6;6;6";2.697;2.287;6;6;6;0;0;6;8;8;8;perovskite;3.0;3.0;False;0.848528137423857;0.6428571428571429;XII
mp-10792;DyBO3;0.0284027228333343;10.04692347257144;P-1;False;True;;Dy;B;neither octahedral: lower CN;"9;9;8;8;8;8;8;8;7;7;8;8";"4;4;3;3;3;3;4;4;4;4;4;4";2.378;1.45;3;4;1;0;0;7;7;6;6;non-perovskite (B not octahedral);3.0;3.0;False;1.0513449926264655;0.1928571428571429;IX
mp-10791;ErBO3;0.0621952066666668;10.196141141852673;P-1;False;True;;Er;B;neither octahedral: lower CN;"9;9;8;8;8;8;8;8;7;7;8;8";"4;4;3;3;3;3;4;4;4;4;4;4";2.385;1.462;3;4;1;0;0;7;7;6;6;non-perovskite (B not octahedral);3.0;3.0;False;1.0424532307073533;0.1928571428571429;IX
mp-10798;HgSeO3;0.0048951354999982;15.81223577433306;P2_1/c;False;True;;Se;Hg;only octahedral cation;"3;3;3;3";"6;6;6;6";1.718;2.402;6;6;2;2;0;3;3;6;6;non-perovskite (edge-sharing BO6);4.0;2.0;False;0.5551664810968762;0.7285714285714286;VI
mp-11623;LaInO3;0.0067064522499986;14.094701267654065;Pnma;False;True;;La;In;only octahedral cation;"8;8;8;8";"6;6;6;6";2.629;2.175;6;6;6;0;0;8;8;8;8;perovskite;3.0;3.0;False;0.8870975982158503;0.5714285714285715;XII
mp-11775;RbUO3;0.0;16.218235825489813;Pm-3m;False;True;;Rb;U;only octahedral cation;12;6;3.061;2.164;6;6;6;0;0;12;12;8;8;perovskite;1.0;5.0;False;1.0213764617139018;0.5428571428571429;XII
mp-12271;MgSeO3;0.0;11.35054812570208;Pnma;False;True;;Se;Mg;only octahedral cation;"3;3;3;3";"6;6;6;6";1.731;2.145;6;6;6;0;0;3;3;8;8;perovskite;4.0;2.0;False;0.633727775591717;0.5142857142857143;VI
mp-12315;DyBO3;0.0;11.00216243631488;P-1;False;True;;Dy;B;neither octahedral: lower CN;"8;8;8;8";"3;3;3;3";2.384;1.376;3;3;0;0;0;8;8;4;6;non-perovskite (B not octahedral);3.0;3.0;False;1.0513449926264655;0.1928571428571429;IX
mp-12631;SrTcO3;0.0770982330000009;12.442351802652151;Pm-3m;False;False;Structure contains elements not in set of BV parameters: {Element Tc};Sr;Tc;only octahedral cation;12;6;2.802;1.981;6;6;6;0;0;12;12;8;8;perovskite;;;;;;
mp-12725;NbAgO3;0.0919056189230769;13.03164914763482;Pm-3m;False;True;;Ag;Nb;only octahedral cation;12;6;2.845;2.012;6;6;6;0;0;12;12;8;8;perovskite;1.0;5.0;False;0.9289442027352681;0.4571428571428572;VIII
mp-12867;SrSnO3;0.0067069569999995;13.291090821475049;I4/mcm;False;True;;Sr;Sn;only octahedral cation;"8;8";"6;6";2.718;2.055;6;6;6;0;0;12;8;8;8;perovskite;2.0;4.0;False;0.9608532337654522;0.4928571428571428;XII
mp-12866;SrSnO3;0.0036590239999982;13.332770579400238;Imma;False;True;;Sr;Sn;only octahedral cation;"5;5";"6;6";2.6;2.059;6;6;6;0;0;11;5;8;8;perovskite;2.0;4.0;False;0.9608532337654522;0.4928571428571428;XII
mp-12958;BaSiO3;0.2947010163333319;12.293592943589877;R-3m;False;True;;Ba;Si;only octahedral cation;"12;12;12";"6;6;6";2.85;1.847;6;6;0;0;2;12;12;6;6;non-perovskite (face-sharing BO6);2.0;4.0;False;1.182439672984171;0.28571428571428575;XII
mp-13003;CdGeO3;0.1400123382499991;10.798969700733393;Pnma;False;True;;Cd;Ge;only octahedral cation;"8;8;8;8";"6;6;6;6";2.462;1.952;6;6;6;0;0;8;8;8;8;perovskite;2.0;4.0;False;0.9928805062256703;0.3785714285714286;XII
mp-13109;SrHfO3;0.0019199860000007;13.563234605846926;Imma;True;True;;Sr;Hf;only octahedral cation;"5;5";"6;6";2.617;2.07;6;6;6;0;0;11;5;8;8;perovskite;2.0;4.0;False;0.9517456201752582;0.5071428571428571;XII
mp-13108;SrHfO3;0.0328964169999999;14.201696747569835;P4mm;True;True;;Sr;Hf;only octahedral cation;12;6;2.853;2.062;6;6;6;0;0;12;12;8;8;perovskite;2.0;4.0;False;0.9517456201752582;0.5071428571428571;XII
mp-13334;ZnSnO3;0.041423655;11.757007878380284;R3c;False;True;;Zn;Sn;both octahedral: higher valence;"6;6";"6;6";2.191;2.104;6;6;6;0;0;6;6;7;8;non-perovskite (corner-sharing, A outside cavity);2.0;4.0;False;0.7781557879086408;0.4928571428571428;VIII
mp-13374;LaTmO3;0.0213838259999992;15.007189636423655;Pnma;False;True;;La;Tm;only octahedral cation;"8;8;8;8";"6;6;6;6";2.675;2.24;6;6;6;0;0;6;8;8;8;perovskite;3.0;3.0;False;0.8559713666995048;0.6285714285714287;XII
mp-13514;NdBO3;0.0013575665000011;12.05696978442034;P-1;False;True;;Nd;B;neither octahedral: lower CN;"8;8;9;9";"3;3;3;3";2.513;1.38;3;3;0;0;0;8;8;4;5;non-perovskite (B not octahedral);3.0;3.0;False;1.1305240154299891;0.1928571428571429;XII
mp-13554;SnHgO3;0.0649949414999966;13.232972520759612;R-3c;False;True;;Hg;Sn;only octahedral cation;"3;3";"6;6";2.25;2.106;6;6;6;0;0;3;3;8;8;perovskite;2.0;4.0;False;0.8593546527338903;0.4928571428571428;VIII
mp-13658;RbNO3;0.0175489829999992;14.986925152321865;Pmmn;False;True;;Rb;N;neither octahedral: lower CN;"12;12";"3;3";3.058;1.262;3;3;0;0;0;12;12;8;8;non-perovskite (B not octahedral);1.0;5.0;False;1.4419432400666852;0.09285714285714286;XII
mp-13641;TiCdO3;0.0;11.904414777961351;R-3;False;True;;Cd;Ti;both octahedral: higher valence;"6;6";"6;6";2.324;1.987;6;6;0;3;0;6;6;7;10;non-perovskite (edge-sharing BO6);2.0;4.0;False;0.9557403376636129;0.43214285714285716;XII
mp-13863;BaGeO3;0.0;17.285692056775623;P2_12_12_1;False;True;;Ba;Ge;neither octahedral: lower CN;"8;8;8;8";"4;4;4;4";2.82;1.769;4;4;2;0;0;8;8;6;7;non-perovskite (B not octahedral);2.0;4.0;False;1.1027934773945636;0.3785714285714286;XII
mp-13981;KPO3;0.0134933819999973;16.064783073142088;Pnma;False;True;;P;K;only octahedral cation;"4;4;4;4";"6;6;6;6";1.547;2.793;6;6;0;6;0;4;4;7;7;non-perovskite (edge-sharing BO6);5.0;1.0;False;0.4527518239251994;0.9857142857142857;VI
mp-14142;TiZnO3;0.0286353285000027;10.696230133551444;R-3;False;True;;Zn;Ti;both octahedral: higher valence;"6;6";"6;6";2.156;1.999;6;6;0;3;0;6;6;7;10;non-perovskite (edge-sharing BO6);2.0;4.0;False;0.8111449360244685;0.43214285714285716;VIII
mp-14254;NdAlO3;0.0274909169999926;10.423401901492896;Pm-3m;False;True;;Nd;Al;only octahedral cation;"12;12";"6;6";2.641;1.868;6;6;6;0;0;12;12;8;8;perovskite;3.0;3.0;False;0.9756977290791119;0.3821428571428572;XII
mp-14550;TiCdO3;0.0425426290000006;11.369326900224667;Pnma;False;True;;Cd;Ti;only octahedral cation;"8;8;8;8";"6;6;6;6";2.498;1.989;6;6;6;0;0;8;8;8;8;perovskite;2.0;4.0;False;0.9557403376636129;0.43214285714285716;XII
mp-14628;ZnSnO3;0.0549305799999997;11.93966291288976;R-3;False;True;;Zn;Sn;both octahedral: higher valence;"6;6";"6;6";2.197;2.109;6;6;0;3;0;6;6;7;7;non-perovskite (edge-sharing BO6);2.0;4.0;False;0.7781557879086408;0.4928571428571428;VIII
mp-14607;KSbO3;0.0183910506666675;14.744247040421678;Pn-3;False;True;;K;Sb;both octahedral: higher valence;"6;6;6;6;6;6;6;6;6;6;6;6";"6;6;6;6;6;6;6;6;6;6;6;6";2.729;1.997;6;6;4;1;0;6;6;6;6;non-perovskite (edge-sharing BO6);1.0;5.0;False;1.0748023074035522;0.4285714285714286;XII
mp-16053;CuSiO3;0.0912007643333359;12.601771806237531;Pmma;False;True;;Cu;Si;neither octahedral: shorter M-O;"4;4";"4;4";1.931;1.655;4;4;2;0;0;4;4;8;8;non-perovskite (B not octahedral);2.0;4.0;False;0.8367430244040812;0.28571428571428575;VI
mp-16293;KSbO3;0.0447229700000013;15.008980580372462;Fd-3m;False;True;;K;Sb;both octahedral: higher valence;"6;6;6;6";"6;6;6;6";2.676;2.024;6;6;6;0;0;6;6;6;6;non-perovskite (corner-sharing, A outside cavity);1.0;5.0;False;1.0748023074035522;0.4285714285714286;XII
mp-16415;LaPdO3;0.0;12.99485116226444;Pnma;False;True;;La;Pd;only octahedral cation;"8;8;8;8";"6;6;6;6";2.57;2.091;6;6;6;0;0;8;8;8;8;perovskite;3.0;3.0;False;0.9035253315161439;0.5428571428571429;XII
mp-16819;ZnTeO3;0.0007195042499965;14.315840977653773;Pbca;False;True;;Zn;Te;neither octahedral: lower CN;"5;5;5;5;5;5;5;5";"3;3;3;3;3;3;3;3";2.058;1.887;3;3;0;0;0;5;5;7;7;non-perovskite (B not octahedral);2.0;4.0;False;0.6862217707717548;0.6928571428571428;VIII
mp-17008;CaTeO3;0.0157517884666686;17.08704270666146;P2_1;False;True;;Ca;Te;neither octahedral: lower CN;"6;6;8;7;7;8";"3;3;3;3;3;3";2.452;1.868;3;3;0;0;0;6;6;5;5;non-perovskite (B not octahedral);2.0;4.0;False;0.8174989790933082;0.6928571428571428;XII
mp-17097;SrIrO3;0.0193014599999958;12.808145565564182;Cmcm;True;True;;Sr;Ir;only octahedral cation;"10;10;10;10;10;10";"6;6;6;6;6;6";2.661;2.023;6;6;3;0;1;10;10;7;7;non-perovskite (face-sharing BO6);2.0;4.0;False;0.9916954363307628;0.44642857142857145;XII
mp-17272;NbCuO3;0.0177181852857177;13.95973689888928;C2/m;False;True;;Cu;Nb;only octahedral cation;"2;2;2;2";"6;6;6;6";1.834;2.03;6;6;2;3;0;2;2;4;4;non-perovskite (edge-sharing BO6);1.0;5.0;False;0.7521675074386313;0.4571428571428572;VI
mp-17464;SrGeO3;0.0;16.020062125603577;C2/c;False;True;;Sr;Ge;neither octahedral: lower CN;"8;8;8;8;8;8";"4;4;4;4;4;4";2.667;1.761;4;4;2;0;0;8;8;6;6;non-perovskite (B not octahedral);2.0;4.0;False;1.0405094603988574;0.3785714285714286;XII
mp-17552;CaSiO3;0.0203279605000004;13.669824292121143;C2/c;False;True;;Ca;Si;neither octahedral: lower CN;"8;8;8;8;8;8";"4;4;4;4;4;4";2.55;1.644;4;4;2;0;0;8;8;6;6;non-perovskite (B not octahedral);2.0;4.0;False;1.0763736558061892;0.28571428571428575;XII
mp-17554;LaMnO3;0.1255334950238094;12.754087862409538;Pnma;False;True;;La;Mn;only octahedral cation;"8;8;8;8";"6;6;6;6";2.579;2.061;6;6;6;0;0;8;8;8;8;perovskite;3.0;3.0;False;0.9543348244864894;0.46071428571428574;XII
mp-17620;TmBO3;0.3181681136000023;10.802907195118305;P6_3/mcm;False;True;;B;Tm;only octahedral cation;"3;3;3;3;3;3";"6;6;6;6;6;6";1.383;2.365;6;6;0;6;0;3;3;6;6;non-perovskite (edge-sharing BO6);3.0;3.0;False;0.5179247037638308;0.6285714285714287;VI
mp-17766;MnSiO3;0.017891537666669;11.54720489621143;P2_1/c;False;True;;Mn;Si;neither octahedral: lower CN;"4;4;4;4;6;6;6;6";"4;4;4;4;4;4;4;4";2.145;1.633;4;4;2;0;0;4;4;6;6;non-perovskite (B not octahedral);2.0;4.0;False;0.9270955575556956;0.28571428571428575;VIII
mp-17761;CaGeO3;0.0;14.546077733571332;P-1;False;True;;Ca;Ge;neither octahedral: lower CN;"7;7;6;6;6;6";"4;4;4;4;4;4";2.408;1.755;4;4;2;0;0;6;6;6;6;non-perovskite (B not octahedral);2.0;4.0;False;1.0038718033425598;0.3785714285714286;XII
mp-17853;YGaO3;0.026932728216666;12.740856084308652;P6_3cm;False;True;;Y;Ga;neither octahedral: lower CN;"7;7;7;7;7;7";"5;5;5;5;5;5";2.331;1.998;5;5;6;0;0;7;7;6;6;non-perovskite (B not octahedral);3.0;3.0;False;0.8663808333845072;0.4428571428571429;IX
mp-17868;NaAsO3;0.0;13.984691943578252;P-1;False;True;;As;Na;only octahedral cation;"4;4;4;4;4;4";"6;6;6;6;6;6";1.708;2.407;6;6;0;6;0;4;4;5;6;non-perovskite (edge-sharing BO6);5.0;1.0;False;0.5434787657053629;0.7285714285714286;VI
mp-18001;TlNiO3;0.0741019011666663;11.259568878448576;Pnma;False;True;;Tl;Ni;both octahedral: shorter M-O;"6;6;6;6";"6;6;6;6";2.343;2.005;6;6;6;0;0;8;6;8;8;perovskite;3.0;3.0;False;0.8414570696119914;0.4285714285714286;VIII
mp-18269;FeSiO3;0.0182157546666665;11.650457398590255;C2/c;False;True;;Fe;Si;neither octahedral: lower CN;"4;4;6;6";"4;4;4;4";2.135;1.645;4;4;2;0;0;4;4;6;6;non-perovskite (B not octahedral);2.0;4.0;False;0.9113820735293279;0.28571428571428575;VIII
mp-18313;SrSiO3;0.0170194363333333;14.186993802115127;P-1;False;True;;Sr;Si;neither octahedral: lower CN;"7;7;6;6;8;8";"4;4;4;4;4;4";2.618;1.639;4;4;2;0;0;6;6;4;4;non-perovskite (B not octahedral);2.0;4.0;False;1.1156573658721083;0.28571428571428575;XII
mp-18331;GdCrO3;0.0;11.229758418922788;Pnma;False;True;;Gd;Cr;only octahedral cation;"8;8;8;8";"6;6;6;6";2.455;1.992;6;6;6;0;0;8;8;8;8;perovskite;3.0;3.0;False;0.8797601490990942;0.43928571428571433;IX
mp-18407;BaSiO3;0.4085672189999991;11.674065866344655;P6_3/mmc;False;False;Valences cannot be assigned!;Ba;Si;only octahedral cation;"12;12;12;12;12;12";"6;6;6;6;6;6";2.773;1.881;6;6;3;0;1;12;12;7;7;non-perovskite (face-sharing BO6);;;;;;
mp-18634;CdSO3;0.0990616390833336;15.05940989427262;R-3;False;True;;S;Cd;only octahedral cation;"3;3;3;3;3;3";"6;6;6;6;6;6";1.556;2.356;6;6;2;2;0;3;3;6;6;non-perovskite (edge-sharing BO6);4.0;2.0;False;0.532586809659655;0.6785714285714286;VI
mp-18656;GdGaO3;0.0489260799999993;11.630273955638364;Pnma;False;True;;Gd;Ga;only octahedral cation;"8;8;8;8";"6;6;6;6";2.477;2.02;6;6;6;0;0;8;8;8;8;perovskite;3.0;3.0;False;0.8775825249676605;0.4428571428571429;IX
mp-18702;AgPO3;0.0;13.0886201032182;P2_1/c;False;True;;Ag;P;neither octahedral: lower CN;"5;5;5;5;5;5;5;5";"4;4;4;4;4;4;4;4";2.478;1.545;4;4;2;0;0;5;5;5;6;non-perovskite (B not octahedral);1.0;5.0;False;1.0646326817864873;0.27142857142857146;VIII
mp-18725;YCrO3;0.0;10.969015975548787;Pnma;False;True;;Y;Cr;only octahedral cation;"8;8;8;8";"6;6;6;6";2.416;1.991;6;6;6;0;0;8;8;8;8;perovskite;3.0;3.0;False;0.8685306617551887;0.43928571428571433;IX
mp-18717;SrVO3;0.0391016768602838;11.871933123823007;Pm-3m;False;True;;Sr;V;only octahedral cation;12;6;2.758;1.95;6;6;6;0;0;12;12;8;8;perovskite;2.0;4.0;False;1.0142339689746438;0.41428571428571426;XII
mp-18732;TiNiO3;0.0;10.019293107218306;R-3;False;True;;Ni;Ti;both octahedral: higher valence;"6;6";"6;6";2.06;1.987;6;6;0;3;0;6;6;4;7;non-perovskite (edge-sharing BO6);2.0;4.0;False;0.7370838766483213;0.43214285714285716;VI
mp-18747;SrMoO3;0.0840975250000042;13.58924618006879;Pm-3m;False;True;;Sr;Mo;only octahedral cation;12;6;2.885;2.04;6;6;6;0;0;12;12;8;8;perovskite;2.0;4.0;False;0.9796015895462414;0.46428571428571436;XII
mp-18769;CeVO3;0.0040093217999981;11.91039940584282;Pnma;False;True;;Ce;V;only octahedral cation;"8;8;8;8";"6;6;6;6";2.516;2.026;6;6;6;0;0;8;8;8;8;perovskite;3.0;3.0;False;0.9497414610054609;0.4571428571428572;XII
mp-18770;YCrO3;0.303307565499999;11.447857655913896;Pm-3m;True;True;;Y;Cr;only octahedral cation;12;6;2.725;1.927;6;6;6;0;0;12;12;8;8;perovskite;3.0;3.0;False;0.8685306617551887;0.43928571428571433;IX
mp-18815;KVO3;0.0;15.663597847771673;Pbcm;False;True;;K;V;neither octahedral: lower CN;"8;8;8;8";"4;4;4;4";2.841;1.73;4;4;2;0;0;8;8;8;8;non-perovskite (B not octahedral);1.0;5.0;False;1.1080436158799507;0.3857142857142858;XII
mp-18814;MnCO3;0.0;10.21728891545014;R-3c;False;True;;C;Mn;only octahedral cation;"3;3";"6;6";1.291;2.186;6;6;6;0;0;3;3;6;8;non-perovskite (corner-sharing, A outside cavity);4.0;2.0;False;0.4946576585878986;0.5928571428571429;VI
mp-18808;LuMnO3;0.0;11.77809640652664;P6_3cm;False;True;;Lu;Mn;neither octahedral: lower CN;"7;7;7;7;7;7";"5;5;5;5;5;5";2.251;1.963;5;5;6;0;0;7;7;6;6;non-perovskite (B not octahedral);3.0;3.0;False;0.8409211207069357;0.46071428571428574;IX
mp-18841;LaCrO3;0.0914568244999998;12.113309022731803;Pm-3m;False;True;;La;Cr;only octahedral cation;12;6;2.777;1.964;6;6;6;0;0;12;12;8;8;perovskite;3.0;3.0;False;0.9685432834118468;0.43928571428571433;XII
mp-18840;BaMnO3;0.0;13.1054013012114;R-3m;False;True;;Ba;Mn;only octahedral cation;"12;12;12";"6;6;6";2.895;1.915;6;6;0;0;2;12;12;6;6;non-perovskite (face-sharing BO6);2.0;4.0;False;1.1027934773945636;0.3785714285714286;XII
mp-18883;YVO3;0.0;11.21366056560689;Pnma;False;True;;Y;V;only octahedral cation;"8;8;8;8";"6;6;6;6";2.423;2.014;6;6;6;0;0;8;8;8;8;perovskite;3.0;3.0;False;0.8578869036454434;0.4571428571428572;IX
mp-18954;ScMnO3;0.0077854388958318;11.075414138837916;P6_3cm;False;True;;Sc;Mn;neither octahedral: lower CN;"7;7;7;7;7;7";"5;5;5;5;5;5";2.19;1.939;5;5;6;0;0;7;7;6;6;non-perovskite (B not octahedral);3.0;3.0;False;0.7849058157914244;0.46071428571428574;VIII
mp-18946;VBO3;0.0;8.969635938619572;R-3c;False;True;;B;V;only octahedral cation;"3;3";"6;6";1.38;2.03;6;6;6;0;0;3;3;8;8;perovskite;3.0;3.0;False;0.5788570218536933;0.4571428571428572;VI
mp-18983;ErNiO3;0.0;10.288988962756848;Pnma;False;True;;Er;Ni;only octahedral cation;"8;8;8;8";"6;6;6;6";2.361;1.947;6;6;6;0;0;8;8;8;8;perovskite;3.0;3.0;False;0.8704484476406399;0.4285714285714286;IX
mp-18965;BaCoO3;0.0;13.172506170092356;P6_3/mmc;False;True;;Ba;Co;only octahedral cation;"12;12;12;12";"6;6;6;6";2.914;1.871;6;6;0;0;2;12;12;6;6;non-perovskite (face-sharing BO6);2.0;4.0;False;1.1027934773945636;0.3785714285714286;XII
mp-18974;HoNiO3;0.0;10.38048670554988;Pnma;False;True;;Ho;Ni;only octahedral cation;"8;8;8;8";"6;6;6;6";2.374;1.948;6;6;6;0;0;8;8;8;8;perovskite;3.0;3.0;False;0.8909545442950498;0.4285714285714286;X
mp-18961;ScCrO3;0.0368469178749997;10.394443607047316;Pnma;False;True;;Sc;Cr;only octahedral cation;"8;8;8;8";"6;6;6;6";2.336;2.01;6;6;6;0;0;6;8;8;8;perovskite;3.0;3.0;False;0.7965917584582943;0.43928571428571433;VIII
mp-18969;FeCO3;0.0;9.54533447182052;R-3c;False;True;;C;Fe;only octahedral cation;"3;3";"6;6";1.29;2.126;6;6;6;0;0;3;3;6;8;non-perovskite (corner-sharing, A outside cavity);4.0;2.0;False;0.5060030177298229;0.5571428571428572;VI
mp-19002;TmNiO3;0.0068081824166661;10.188793590696529;Pnma;False;True;;Tm;Ni;only octahedral cation;"8;8;8;8";"6;6;6;6";2.348;1.946;6;6;6;0;0;8;8;8;8;perovskite;3.0;3.0;False;0.8669129137347071;0.4285714285714286;IX
mp-19001;SrMnO3;0.0030636509999997;11.705250896787453;P6_3/mmc;False;True;;Sr;Mn;only octahedral cation;"12;12;12;12";"6;6;6;6";2.766;1.891;6;6;3;0;1;12;12;6;6;non-perovskite (face-sharing BO6);2.0;4.0;False;1.0405094603988574;0.3785714285714286;XII
mp-19012;CaMoO3;0.0063622725000023;11.927211957531169;Pnma;False;True;;Ca;Mo;only octahedral cation;"8;8;8;8";"6;6;6;6";2.516;2.027;6;6;6;0;0;8;8;8;8;perovskite;2.0;4.0;False;0.9451085758298245;0.46428571428571436;XII
mp-19025;LaMnO3;0.2064026010238091;12.273344840962292;Pm-3m;False;True;;La;Mn;only octahedral cation;12;6;2.789;1.972;6;6;6;0;0;12;12;8;8;perovskite;3.0;3.0;False;0.9543348244864894;0.46071428571428574;XII
mp-19024;HoVO3;0.0;11.13154182543083;Pnma;False;True;;Ho;V;only octahedral cation;"8;8;8;8";"6;6;6;6";2.409;2.017;6;6;6;0;0;8;8;8;8;perovskite;3.0;3.0;False;0.873484847348088;0.4571428571428572;X
mp-19031;RbVO3;0.0;17.17317096543575;Pbcm;False;True;;Rb;V;neither octahedral: lower CN;"10;10;10;10";"4;4;4;4";3.079;1.73;4;4;2;0;0;10;10;8;8;non-perovskite (B not octahedral);1.0;5.0;False;1.1372026584031072;0.3857142857142858;XII
mp-19051;LaCoO3;0.0033163850000006;11.112679978342914;R-3c;False;True;;La;Co;only octahedral cation;"12;9;9;12";"6;6;6;6";2.632;1.931;6;6;6;0;0;10;9;8;8;perovskite;3.0;3.0;False;0.970952595062125;0.4357142857142857;XII
mp-19053;LaVO3;0.1772593870000012;12.326611592958944;Pm-3m;False;True;;La;V;only octahedral cation;12;6;2.793;1.975;6;6;6;0;0;12;12;8;8;perovskite;3.0;3.0;False;0.9566738804288581;0.4571428571428572;XII
mp-19035;BaFeO3;0.0480246226666665;12.340647230254866;Pm-3m;False;True;;Ba;Fe;only octahedral cation;12;6;2.794;1.976;6;6;6;0;0;12;12;8;8;perovskite;2.0;4.0;False;1.0722374868370317;0.41785714285714287;XII
mp-19056;HoMnO3;0.0002160293333339;12.283497317439329;P6_3cm;False;True;;Ho;Mn;neither octahedral: lower CN;"7;7;7;7;7;7";"5;5;5;5;5;5";2.294;1.979;5;5;6;0;0;7;7;6;6;non-perovskite (B not octahedral);3.0;3.0;False;0.8713491875746209;0.46071428571428574;X
mp-19063;ErCrO3;0.0;10.746277133539785;Pnma;False;True;;Er;Cr;only octahedral cation;"8;8;8;8";"6;6;6;6";2.389;1.988;6;6;6;0;0;8;8;8;8;perovskite;3.0;3.0;False;0.8639686825217271;0.43928571428571433;IX
mp-19062;NdCrO3;0.1431141595000014;11.881239197947574;Pm-3m;False;True;;Nd;Cr;only octahedral cation;12;6;2.759;1.951;6;6;6;0;0;12;12;8;8;perovskite;3.0;3.0;False;0.9369603502571127;0.43928571428571433;XII
mp-19074;TiFeO3;0.1231184259999995;10.16130315680444;Cmcm;True;True;;Fe;Ti;only octahedral cation;"8;8";"6;6";2.322;1.983;6;6;2;2;0;8;8;6;6;non-perovskite (edge-sharing BO6);2.0;4.0;False;0.8181983702507681;0.43214285714285716;VIII
mp-19082;TiMnO3;0.0;10.783263051258718;R-3;False;True;;Mn;Ti;both octahedral: higher valence;"6;6";"6;6";2.17;1.99;6;6;0;3;0;6;6;7;10;non-perovskite (edge-sharing BO6);2.0;4.0;False;0.8323052387033676;0.43214285714285716;VIII
mp-19083;NaVO3;0.0;13.8295523024171;C2/c;False;True;;V;Na;only octahedral cation;"4;4;4;4";"6;6;6;6";1.729;2.405;6;6;0;5;0;4;4;6;6;non-perovskite (edge-sharing BO6);5.0;1.0;False;0.5668541964883893;0.7285714285714286;VI
mp-19097;FeBO3;0.0;9.018607292723622;R-3c;False;True;;B;Fe;only octahedral cation;"3;3";"6;6";1.378;2.036;6;6;6;0;0;3;3;8;8;perovskite;3.0;3.0;False;0.5774417235117527;0.46071428571428574;VI
mp-19113;CoTeO3;0.0472107255000011;12.390269431387509;Pnma;False;True;;Te;Co;only octahedral cation;"3;3;3;3";"6;6;6;6";1.954;2.177;6;6;6;0;0;3;3;8;8;perovskite;4.0;2.0;False;0.7812788211711503;0.5321428571428571;VI
mp-19115;CaFeO3;0.0;10.547979122587815;Pnma;False;True;;Ca;Fe;only octahedral cation;"8;8;8;8";"6;6;6;6";2.488;1.907;6;6;6;0;0;10;8;8;8;perovskite;2.0;4.0;False;0.9760567155925141;0.41785714285714287;XII
mp-19138;BaNiO3;0.0;13.3449151553611;P6_3/mmc;False;True;;Ba;Ni;only octahedral cation;"12;12";"6;6";2.93;1.872;6;6;0;0;2;12;12;6;6;non-perovskite (face-sharing BO6);2.0;4.0;False;1.1321230911550575;0.34285714285714286;XII
mp-19157;LaMnO3;0.1381322560238089;11.873020526443598;C2/c;False;True;;La;Mn;only octahedral cation;"9;9";"6;6";2.617;1.983;6;6;6;0;0;9;9;8;8;perovskite;3.0;3.0;False;0.9543348244864894;0.46071428571428574;XII
mp-19147;NiCO3;0.0;8.894505301232424;R-3c;False;True;;C;Ni;only octahedral cation;"3;3";"6;6";1.289;2.063;6;6;6;0;0;3;3;6;8;non-perovskite (corner-sharing, A outside cavity);4.0;2.0;False;0.5277926213641215;0.4928571428571428;VI
mp-19150;BaVO3;0.0751386589999771;13.578135495954989;P-3m1;False;True;;Ba;V;only octahedral cation;"12;12;12;12;12";"6;6;6;6;6";2.907;1.994;6;6;0;0;2;12;12;7;7;non-perovskite (face-sharing BO6);2.0;4.0;False;1.0749451572583373;0.41428571428571426;XII
mp-19156;BaMnO3;0.007774698166667;13.862812636506428;P6_3/mmc;False;True;;Ba;Mn;only octahedral cation;"12;12";"6;6";2.964;1.905;6;6;0;0;2;12;12;6;6;non-perovskite (face-sharing BO6);2.0;4.0;False;1.1027934773945636;0.3785714285714286;XII
mp-19170;PrNiO3;0.0010816025000002;11.065153943462883;R-3c;False;True;;Pr;Ni;only octahedral cation;"9;9";"6;6";2.588;1.934;6;6;6;0;0;9;9;8;8;perovskite;3.0;3.0;False;0.9118141943400528;0.4285714285714286;IX
mp-19168;LaMnO3;0.1406756570238094;12.466110534715934;R-3c;False;True;;La;Mn;only octahedral cation;"9;9";"6;6";2.679;2.026;6;6;6;0;0;9;9;8;8;perovskite;3.0;3.0;False;0.9543348244864894;0.46071428571428574;XII
mp-19205;ErVO3;0.0;11.025180952361488;Pnma;False;True;;Er;V;only octahedral cation;"8;8;8;8";"6;6;6;6";2.397;2.015;6;6;6;0;0;8;8;8;8;perovskite;3.0;3.0;False;0.8533808310202351;0.4571428571428572;IX
mp-19201;CaMnO3;0.0350749438333366;10.901021838481672;Pnma;False;True;;Ca;Mn;only octahedral cation;"8;8;8;8";"6;6;6;6";2.478;1.946;6;6;6;0;0;8;8;8;8;perovskite;2.0;4.0;False;1.0038718033425598;0.3785714285714286;XII
mp-19217;ErMnO3;0.0;12.142641366771665;P6_3cm;False;True;;Er;Mn;neither octahedral: lower CN;"7;7;7;7;7;7";"5;5;5;5;5;5";2.282;1.975;5;5;6;0;0;7;7;6;6;non-perovskite (B not octahedral);3.0;3.0;False;0.8512943253209192;0.46071428571428574;IX
mp-19227;YMnO3;0.0195200516666655;12.505119599578148;P6_3/mmc;False;True;;Mn;Y;only octahedral cation;"5;5";"6;6";1.986;2.276;6;6;0;6;0;5;5;6;6;non-perovskite (edge-sharing BO6);3.0;3.0;False;0.6287101597941259;0.6428571428571429;VI
mp-19265;DyNiO3;0.0;10.472929847270816;Pnma;False;True;;Dy;Ni;only octahedral cation;"8;8;8;8";"6;6;6;6";2.387;1.949;6;6;6;0;0;8;8;8;8;perovskite;3.0;3.0;False;0.8778730688430986;0.4285714285714286;IX
mp-19241;BaNiO3;8.089700000013522e-05;13.35298435547286;P6_3mc;False;True;;Ba;Ni;only octahedral cation;"12;12";"6;6";2.91;1.872;6;6;0;0;2;12;12;6;6;non-perovskite (face-sharing BO6);2.0;4.0;False;1.1321230911550575;0.34285714285714286;XII
mp-19257;SmCrO3;0.1972817555000006;11.660305892546749;Pm-3m;False;True;;Sm;Cr;only octahedral cation;12;6;2.742;1.939;6;6;6;0;0;12;12;8;8;perovskite;3.0;3.0;False;0.9264327058722013;0.43928571428571433;XII
mp-19242;YNiO3;0.0;10.502496206390854;Pnma;False;True;;Y;Ni;only octahedral cation;"8;8;8;8";"6;6;6;6";2.39;1.95;6;6;6;0;0;8;8;8;8;perovskite;3.0;3.0;False;0.8750446417183524;0.4285714285714286;IX
mp-19253;NdVO3;0.2229974875000007;12.07842906562836;Pm-3m;False;True;;Nd;V;only octahedral cation;12;6;2.774;1.962;6;6;6;0;0;12;12;8;8;perovskite;3.0;3.0;False;0.9254779930235694;0.4571428571428572;XII
mp-19267;BaMnO3;0.005607107666667;13.95114825608369;P6_3cm;True;True;;Ba;Mn;only octahedral cation;"12;12;12;12;12;12";"6;6;6;6;6;6";2.882;1.906;6;6;0;0;2;12;12;6;6;non-perovskite (face-sharing BO6);2.0;4.0;False;1.1027934773945636;0.3785714285714286;XII
mp-19269;NdCrO3;0.0;11.572384944613349;Pnma;False;True;;Nd;Cr;only octahedral cation;"8;8;8;8";"6;6;6;6";2.517;1.99;6;6;6;0;0;8;8;8;8;perovskite;3.0;3.0;False;0.9369603502571127;0.43928571428571433;XII
mp-19271;BaCrO3;0.2948362236250021;13.53370495827564;P6_3/mmc;False;True;;Ba;Cr;only octahedral cation;"12;12;12;12";"6;6;6;6";2.913;1.965;6;6;3;0;1;12;12;6;6;non-perovskite (face-sharing BO6);2.0;4.0;False;1.0914827750623115;0.3928571428571429;XII
mp-19270;TiFeO3;0.0317737499999992;10.229482436671372;R3c;False;True;;Fe;Ti;both octahedral: higher valence;"6;6";"6;6";2.082;2.0;6;6;6;0;0;6;6;7;7;non-perovskite (corner-sharing, A outside cavity);2.0;4.0;False;0.8181983702507681;0.43214285714285716;VIII
mp-19281;LaCrO3;0.0;11.8308831572619;Pnma;False;True;;La;Cr;only octahedral cation;"8;8;8;8";"6;6;6;6";2.582;1.988;6;6;6;0;0;8;8;8;8;perovskite;3.0;3.0;False;0.9685432834118468;0.43928571428571433;XII
mp-19299;CrBO3;0.0;8.663825814730751;R-3c;False;True;;B;Cr;only octahedral cation;"3;3";"6;6";1.377;2.001;6;6;6;0;0;3;3;8;8;perovskite;3.0;3.0;False;0.5860388707600668;0.43928571428571433;VI
mp-19319;ErMnO3;0.0344051806666669;10.952924567598355;Pnma;False;True;;Er;Mn;only octahedral cation;"8;8;8;8";"6;6;6;6";2.38;2.013;6;6;6;0;0;8;8;6;8;perovskite;3.0;3.0;False;0.8512943253209192;0.46071428571428574;IX
mp-19328;NaWO3;0.0553004563043524;12.51025890983622;Pm-3m;False;True;;Na;W;only octahedral cation;12;6;2.807;1.985;6;6;6;0;0;12;12;8;8;perovskite;1.0;5.0;False;0.9766474849061719;0.4428571428571429;XII
mp-19339;LaNiO3;0.0006800044999977;11.243959122238897;R-3c;False;True;;La;Ni;only octahedral cation;"9;9";"6;6";2.616;1.938;6;6;6;0;0;12;9;8;8;perovskite;3.0;3.0;False;0.9758073580374355;0.4285714285714286;XII
mp-19331;MnNiO3;0.0;9.45143295599752;R-3;False;True;;Ni;Mn;both octahedral: higher valence;"6;6";"6;6";2.047;1.912;6;6;0;3;0;6;6;1;4;non-perovskite (edge-sharing BO6);2.0;4.0;False;0.7657270324766239;0.3785714285714286;VI
mp-19322;BaMoO3;0.0;13.270278526397457;Pm-3m;False;True;;Ba;Mo;only octahedral cation;12;6;2.863;2.024;6;6;6;0;0;12;12;8;8;perovskite;2.0;4.0;False;1.03823971286415;0.46428571428571436;XII
mp-19327;LuNiO3;0.0149141902916678;10.041108924176452;Pnma;False;True;;Lu;Ni;only octahedral cation;"8;8;8;8";"6;6;6;6";2.329;1.943;6;6;6;0;0;8;8;6;8;perovskite;3.0;3.0;False;0.8598418459228417;0.4285714285714286;IX
mp-19353;PrCrO3;0.1180232594999992;11.743635289999691;Pm-3m;False;True;;Pr;Cr;only octahedral cation;12;6;2.748;1.943;6;6;6;0;0;12;12;8;8;perovskite;3.0;3.0;False;0.9050264956228814;0.43928571428571433;IX
mp-19357;LaCrO3;0.0035275184999985;11.786084206710214;R-3c;False;True;;La;Cr;only octahedral cation;"9;9";"6;6";2.638;1.98;6;6;6;0;0;9;9;8;8;perovskite;3.0;3.0;False;0.9685432834118468;0.43928571428571433;XII
mp-19350;LaVO3;0.0;12.07409994228212;Pnma;False;True;;La;V;only octahedral cation;"8;8;8;8";"6;6;6;6";2.586;2.003;6;6;6;0;0;8;8;8;8;perovskite;3.0;3.0;False;0.9566738804288581;0.4571428571428572;XII
mp-19373;LiVO3;0.0;11.59107176088388;C2/c;False;True;;Li;V;neither octahedral: lower CN;"6;6;4;4";"4;4;4;4";2.103;1.731;4;4;2;0;0;4;4;6;6;non-perovskite (B not octahedral);1.0;5.0;False;0.8456122331715412;0.3857142857142858;VIII
mp-19376;TiMnO3;0.0363191124999993;10.662481101239544;R3c;False;True;;Mn;Ti;both octahedral: higher valence;"6;6";"6;6";2.17;1.999;6;6;6;0;0;6;6;7;8;non-perovskite (corner-sharing, A outside cavity);2.0;4.0;False;0.8323052387033676;0.43214285714285716;VIII
mp-19381;DyCrO3;0.0;10.926896969443671;Pnma;False;True;;Dy;Cr;only octahedral cation;"8;8;8;8";"6;6;6;6";2.412;1.99;6;6;6;0;0;8;8;8;8;perovskite;3.0;3.0;False;0.871338033591165;0.43928571428571433;IX
mp-19385;YMnO3;0.0;12.442467020468218;P6_3cm;False;True;;Y;Mn;neither octahedral: lower CN;"7;7;7;7;7;7";"5;5;5;5;5;5";2.308;1.985;5;5;6;0;0;7;7;6;6;non-perovskite (B not octahedral);3.0;3.0;False;0.8557893806536453;0.46071428571428574;IX
mp-19417;TiFeO3;0.0120412149999982;10.26757785909774;R-3;False;True;;Fe;Ti;both octahedral: higher valence;"6;6";"6;6";2.088;1.991;6;6;0;3;0;6;6;1;4;non-perovskite (edge-sharing BO6);2.0;4.0;False;0.8181983702507681;0.43214285714285716;VIII
mp-19424;TiCoO3;0.0031547079999967;10.2011734456397;R-3;False;True;;Co;Ti;both octahedral: higher valence;"6;6";"6;6";2.093;1.985;6;6;0;3;0;6;6;4;10;non-perovskite (edge-sharing BO6);2.0;4.0;False;0.8111449360244685;0.43214285714285716;VIII
mp-19440;LiVO3;0.0040143570000079;14.037303325164364;C2/c;True;True;;Li;V;neither octahedral: shorter M-O;"4;4;4;4";"4;4;4;4";2.028;1.746;4;4;2;0;0;4;4;4;6;non-perovskite (B not octahedral);1.0;5.0;False;0.8456122331715412;0.3857142857142858;VIII
mp-19785;HoFeO3;0.0122662793749999;11.196862750504348;Pnma;False;True;;Ho;Fe;only octahedral cation;"8;8;8;8";"6;6;6;6";2.415;2.023;6;6;6;0;0;8;8;8;8;perovskite;3.0;3.0;False;0.8713491875746209;0.46071428571428574;X
mp-19802;TbCoO3;0.0;10.282207556256736;Pnma;False;True;;Tb;Co;only octahedral cation;"8;8;8;8";"6;6;6;6";2.386;1.93;6;6;6;0;0;8;8;8;8;perovskite;3.0;3.0;False;0.8777270741594211;0.4357142857142857;IX
mp-19801;EuRhO3;0.0652755777499933;11.927815017039938;Pnma;False;True;;Eu;Rh;only octahedral cation;"8;8;8;8";"6;6;6;6";2.483;2.046;6;6;6;0;0;8;8;8;8;perovskite;3.0;3.0;False;0.8629099702615496;0.47500000000000003;IX
mp-19845;TiPbO3;0.0412217459999979;12.505163584571164;Pm-3m;False;True;;Pb;Ti;only octahedral cation;12;6;2.807;1.985;6;6;6;0;0;12;12;8;8;perovskite;2.0;4.0;False;1.0192212457003103;0.43214285714285716;XII
mp-19843;CeAlO3;0.0;10.687575134548563;Imma;False;True;;Ce;Al;only octahedral cation;"12;12;12;12";"6;6;6;6";2.628;1.893;6;6;6;0;0;12;12;8;8;perovskite;3.0;3.0;False;1.0012778193545944;0.3821428571428572;XII
mp-19853;TbFeO3;6.255587500092474e-05;11.392230357132764;Pnma;False;True;;Tb;Fe;only octahedral cation;"8;8;8;8";"6;6;6;6";2.438;2.025;6;6;6;0;0;8;8;8;8;perovskite;3.0;3.0;False;0.8627048503963012;0.46071428571428574;IX
mp-19893;PbCO3;0.0;13.437586650998057;Pnma;False;True;;Pb;C;neither octahedral: lower CN;"9;9;9;9";"3;3;3;3";2.687;1.294;3;3;0;0;0;9;9;6;6;non-perovskite (B not octahedral);2.0;4.0;False;1.3099606395058476;0.1142857142857143;XII
mp-19935;ErFeO3;0.0179546204999994;11.100355291020348;Pnma;False;True;;Er;Fe;only octahedral cation;"8;8;8;8";"6;6;6;6";2.405;2.022;6;6;6;0;0;8;8;8;8;perovskite;3.0;3.0;False;0.8512943253209192;0.46071428571428574;IX
mp-19990;BaTiO3;1.8074598639999984;17.032844978251298;P4/mmm;False;True;;Ti;Ba;neither octahedral: lower CN;4;2;2.056;2.518;2;2;2;0;0;4;4;8;8;non-perovskite (B not octahedral);4.0;2.0;False;0.5502576406324405;0.9642857142857144;VIII
mp-20011;NaSbO3;0.0551372470000011;14.003671720828152;Fd-3m;False;True;;Na;Sb;both octahedral: higher valence;"6;6;6;6";"6;6;6;6";2.562;2.006;6;6;6;0;0;6;6;6;6;non-perovskite (corner-sharing, A outside cavity);1.0;5.0;False;0.9864139597552337;0.4285714285714286;XII
mp-20029;SrCrO3;0.0725450819375019;11.80188771556595;Pm-3m;False;True;;Sr;Cr;only octahedral cation;12;6;2.753;1.947;6;6;6;0;0;12;12;8;8;perovskite;2.0;4.0;False;1.0298375684973307;0.3928571428571429;XII
mp-20032;VPbO3;0.0220541723125062;14.562135938137562;P4mm;False;True;;V;Pb;neither octahedral: lower CN;"5;5";"4;4";1.949;2.422;4;4;4;0;0;5;5;8;8;non-perovskite (B not octahedral);4.0;2.0;False;0.5787901066082937;0.85;VIII
mp-20031;NdCoO3;0.0781587439998885;10.991260106768596;Pm-3m;False;True;;Nd;Co;only octahedral cation;12;6;2.688;1.901;6;6;6;0;0;12;12;8;8;perovskite;3.0;3.0;False;0.9392910973970557;0.4357142857142857;XII
mp-20016;SmCoO3;0.0;10.592451091855876;Pnma;False;True;;Sm;Co;only octahedral cation;"8;8;8;8";"6;6;6;6";2.444;1.931;6;6;6;0;0;8;8;8;8;perovskite;3.0;3.0;False;0.9287372648420326;0.4357142857142857;XII
mp-20079;CaPbO3;0.002454472999994;13.763648307001272;Pnma;False;True;;Ca;Pb;only octahedral cation;"8;8;8;8";"6;6;6;6";2.583;2.181;6;6;6;0;0;6;8;8;8;perovskite;2.0;4.0;False;0.8907919910120186;0.5535714285714286;XII
mp-20073;TiFeO3;0.0718263530000005;10.43857829786444;Pnma;True;True;;Fe;Ti;only octahedral cation;"4;4;4;4";"6;6;6;6";2.123;1.982;6;6;6;0;0;6;4;8;8;perovskite;2.0;4.0;False;0.8181983702507681;0.43214285714285716;VIII
mp-20090;PrCoO3;0.0;10.9734010336557;Pnma;False;True;;Pr;Co;only octahedral cation;"12;12;12;12";"6;6;6;6";2.616;1.932;6;6;6;0;0;9;12;8;8;perovskite;3.0;3.0;False;0.9072778053134856;0.4357142857142857;IX
mp-20129;BaTbO3;0.0908034197500002;17.414698007600748;Pnma;True;True;;Ba;Tb;only octahedral cation;"5;5;5;5";"6;6;6;6";2.794;2.262;6;6;6;0;0;7;5;8;8;perovskite;2.0;4.0;False;0.9853663941534758;0.5428571428571429;XII
mp-20178;CeBO3;0.0058736120000073;12.484650887509291;P2_1/m;False;True;;Ce;B;neither octahedral: lower CN;"9;9";"3;3";2.545;1.373;3;3;0;0;0;9;9;6;6;non-perovskite (B not octahedral);3.0;3.0;False;1.1601632218270301;0.1928571428571429;XII
mp-20186;PrRuO3;0.0756391043000022;12.647445054606417;Pnma;False;True;;Pr;Ru;only octahedral cation;"8;8;8;8";"6;6;6;6";2.531;2.089;6;6;6;0;0;8;8;8;8;perovskite;3.0;3.0;False;0.8767444176346663;0.48571428571428577;IX
mp-20198;CaIrO3;0.6539474590000065;11.308204138316109;Cmcm;False;True;;Ir;Ca;only octahedral cation;"8;8";"6;6";2.22;2.431;6;6;0;6;0;8;8;2;6;non-perovskite (edge-sharing BO6);4.0;2.0;False;0.5966213466261494;0.7142857142857143;VI
mp-20243;SmFeO3;0.0;11.743677764568856;Pnma;False;True;;Sm;Fe;only octahedral cation;"8;8;8;8";"6;6;6;6";2.486;2.025;6;6;6;0;0;8;8;8;8;perovskite;3.0;3.0;False;0.9128420060305551;0.46071428571428574;XII
mp-20337;ZrPbO3;0.0329013088125034;15.271676018929696;Amm2;False;True;;Pb;Zr;only octahedral cation;5;6;2.609;2.063;6;6;6;0;0;5;5;8;8;perovskite;2.0;4.0;False;0.9639333007684536;0.5142857142857143;XII
mp-20407;NdFeO3;0.0;11.973889024194548;Pnma;False;True;;Nd;Fe;only octahedral cation;"8;8;8;8";"6;6;6;6";2.524;2.024;6;6;6;0;0;8;8;8;8;perovskite;3.0;3.0;False;0.9232152106445387;0.46071428571428574;XII
mp-20427;PrCoO3;0.1163409279998868;11.13825662182277;Pm-3m;False;True;;Pr;Co;only octahedral cation;12;6;2.7;1.909;6;6;6;0;0;12;12;8;8;perovskite;3.0;3.0;False;0.9072778053134856;0.4357142857142857;IX
mp-20460;NiSeO3;0.0;10.878068342739068;Pnma;False;True;;Se;Ni;only octahedral cation;"3;3;3;3";"6;6;6;6";1.737;2.107;6;6;6;0;0;3;3;8;8;perovskite;4.0;2.0;False;0.6428243465332251;0.4928571428571428;VI
mp-20461;BaPbO3;5.183500000072172e-05;16.54915487031142;C2/m;False;True;;Ba;Pb;only octahedral cation;"11;11";"6;6";2.852;2.212;6;6;6;0;0;11;11;8;8;perovskite;2.0;4.0;False;0.9785707638489691;0.5535714285714286;XII
mp-20459;TiPbO3;0.0;12.901312863732974;P4mm;False;True;;Pb;Ti;only octahedral cation;8;6;2.652;1.908;6;6;6;0;0;8;8;8;8;perovskite;2.0;4.0;False;1.0192212457003103;0.43214285714285716;XII
mp-20464;SrPrO3;0.1450805223749975;17.558029322907284;Pnma;False;False;Valences cannot be assigned!;Sr;Pr;both octahedral: shorter M-O;"6;6;6;6";"6;6;6;6";2.637;2.366;6;6;6;0;0;6;6;8;8;perovskite;;;;;;
mp-20489;SrPbO3;0.0;14.845188524341973;Pnma;False;True;;Sr;Pb;only octahedral cation;"8;8;8;8";"6;6;6;6";2.705;2.184;6;6;6;0;0;8;8;8;8;perovskite;2.0;4.0;False;0.9233026476182965;0.5535714285714286;XII
mp-20472;LaRuO3;0.0444983944999961;12.831195662485175;Pnma;False;True;;La;Ru;only octahedral cation;"8;8;8;8";"6;6;6;6";2.559;2.087;6;6;6;0;0;8;8;8;8;perovskite;3.0;3.0;False;0.9382763058052264;0.48571428571428577;XII
mp-20507;PbSO3;0.0810179581249972;15.493773800130246;Pnma;False;True;;Pb;S;neither octahedral: lower CN;"5;5;5;5";"3;3;3;3";2.649;1.549;3;3;0;0;0;9;5;7;7;non-perovskite (B not octahedral);2.0;4.0;False;1.154541580581425;0.2642857142857143;XII
mp-20530;CeCrO3;0.1922024336000021;11.923675748052275;Pm-3m;False;True;;Ce;Cr;only octahedral cation;12;6;2.762;1.953;6;6;6;0;0;12;12;8;8;perovskite;3.0;3.0;False;0.961524853821906;0.43928571428571433;XII
mp-20569;MnSnO3;0.0;12.055503457779894;R-3;False;True;;Mn;Sn;both octahedral: higher valence;"6;6";"6;6";2.224;2.088;6;6;0;3;0;6;6;7;7;non-perovskite (edge-sharing BO6);2.0;4.0;False;0.7984555041149531;0.4928571428571428;VIII
mp-20570;HoCoO3;0.0;10.171936072541705;Pnma;False;True;;Ho;Co;only octahedral cation;"8;8;8;8";"6;6;6;6";2.363;1.933;6;6;6;0;0;8;8;8;8;perovskite;3.0;3.0;False;0.8865219346219403;0.4357142857142857;X
mp-20614;EuMnO3;0.0767746721874971;11.232541979030128;Pnma;False;True;;Eu;Mn;only octahedral cation;"12;12;12;12";"6;6;6;6";2.64;1.945;6;6;6;0;0;10;12;8;8;perovskite;3.0;3.0;False;0.8713491875746209;0.46071428571428574;IX
mp-20641;MnCoO3;0.0;9.619991342161018;R-3;False;True;;Co;Mn;both octahedral: higher valence;"6;6";"6;6";2.078;1.912;6;6;0;3;0;6;6;4;7;non-perovskite (edge-sharing BO6);2.0;4.0;False;0.8426661122948492;0.3785714285714286;VIII
mp-20651;TmFeO3;0.0243056352500001;11.351097781345214;Pnma;False;True;;Tm;Fe;only octahedral cation;"8;8;8;8";"6;6;6;6";2.42;2.041;6;6;6;0;0;8;8;8;8;perovskite;3.0;3.0;False;0.8478365904495914;0.46071428571428574;IX
mp-20699;YMnO3;0.0230952568333329;11.778254157008124;Pnma;False;True;;Y;Mn;only octahedral cation;"8;8;8;8";"6;6;6;6";2.442;2.058;6;6;6;0;0;8;8;6;8;perovskite;3.0;3.0;False;0.8557893806536453;0.46071428571428574;IX
mp-20718;EuNiO3;0.1362750271666648;10.751780886347886;Pnma;False;True;;Eu;Ni;only octahedral cation;"8;8;8;8";"6;6;6;6";2.495;1.928;6;6;6;0;0;9;8;8;8;perovskite;3.0;3.0;False;0.8909545442950498;0.4285714285714286;IX
mp-20702;SmVO3;0.299045315499999;11.90114620714448;Pm-3m;False;True;;Sm;V;only octahedral cation;12;6;2.761;1.952;6;6;6;0;0;12;12;8;8;perovskite;2.0;4.0;False;0.9713790125390954;0.41428571428571426;IX
mp-20716;PbSeO3;0.0008378754999993;15.884181497115527;P2_1/m;False;True;;Pb;Se;neither octahedral: lower CN;"5;5";"3;3";2.611;1.711;3;3;0;0;0;9;5;7;7;non-perovskite (B not octahedral);2.0;4.0;False;1.075546630331117;0.35714285714285715;XII
mp-20783;YFeO3;0.0118179143749994;11.327793884862356;Pnma;False;True;;Y;Fe;only octahedral cation;"8;8;8;8";"6;6;6;6";2.429;2.025;6;6;6;0;0;8;8;8;8;perovskite;3.0;3.0;False;0.8557893806536453;0.46071428571428574;IX
mp-20772;CaCrO3;0.0651140580000015;11.015869762423671;Pnma;False;True;;Ca;Cr;only octahedral cation;"8;8;8;8";"6;6;6;6";2.483;1.952;6;6;6;0;0;8;8;8;8;perovskite;2.0;4.0;False;0.9935756822826359;0.3928571428571429;XII
mp-20798;MnGeO3;0.0;10.425051788767346;R-3;False;True;;Mn;Ge;both octahedral: higher valence;"6;6";"6;6";2.203;1.912;6;6;0;3;0;6;6;7;7;non-perovskite (edge-sharing BO6);2.0;4.0;False;0.8646487065286279;0.3785714285714286;VIII
mp-20852;NdMnO3;0.0;11.782834137420632;Pnma;False;True;;Nd;Mn;only octahedral cation;"8;8;8;8";"6;6;6;6";2.53;2.001;6;6;6;0;0;8;8;8;8;perovskite;3.0;3.0;False;0.9232152106445387;0.46071428571428574;XII
mp-20882;CeBO3;0.0;12.047149437603936;Pnma;False;True;;Ce;B;neither octahedral: lower CN;"9;9;9;9";"3;3;3;3";2.568;1.373;3;3;0;0;0;9;9;6;6;non-perovskite (B not octahedral);3.0;3.0;False;1.1601632218270301;0.1928571428571429;XII
mp-20951;GdCoO3;0.2332120297142879;10.987007848678129;Pm-3m;True;True;;Gd;Co;only octahedral cation;12;6;2.688;1.901;6;6;6;0;0;12;12;8;8;perovskite;3.0;3.0;False;0.8819486071814301;0.4357142857142857;IX
mp-20940;TiCdO3;0.0395681674999996;11.47223585230871;Pmc2_1;False;True;;Cd;Ti;only octahedral cation;"8;8;8;8";"6;6;6;6";2.503;2.001;6;6;6;0;0;8;8;8;8;perovskite;2.0;4.0;False;0.9557403376636129;0.43214285714285716;XII
mp-20947;CaRuO3;0.0;11.38716545964491;Pnma;False;True;;Ca;Ru;only octahedral cation;"8;8;8;8";"6;6;6;6";2.476;1.995;6;6;6;0;0;8;8;8;8;perovskite;2.0;4.0;False;0.9591448418074952;0.4428571428571429;XII
mp-20977;CuTeO3;0.0594002669999991;12.721850013123616;Pnma;False;True;;Cu;Te;neither octahedral: lower CN;"4;4;4;4";"3;3;3;3";1.997;1.955;3;3;0;0;0;4;4;8;8;non-perovskite (B not octahedral);2.0;4.0;False;0.635501031192973;0.6928571428571428;VI
mp-20991;BaPbO3;0.0007377649999993;15.904492951661563;I4/mcm;False;True;;Ba;Pb;only octahedral cation;"12;12";"6;6";2.866;2.175;6;6;6;0;0;12;12;8;8;perovskite;2.0;4.0;False;0.9785707638489691;0.5535714285714286;XII
mp-21094;InFeO3;0.047483367999999;12.35642945736485;P6_3/mmc;False;True;;Fe;In;only octahedral cation;"5;5";"6;6";1.989;2.23;6;6;0;6;0;5;5;6;6;non-perovskite (edge-sharing BO6);3.0;3.0;False;0.700678537721215;0.5714285714285715;VIII
mp-21125;LuMnO3;0.0503064981666696;11.26668598717019;Pnma;False;True;;Lu;Mn;only octahedral cation;"8;8;8;8";"6;6;6;6";2.393;2.047;6;6;6;0;0;8;8;6;8;perovskite;3.0;3.0;False;0.8409211207069357;0.46071428571428574;IX
mp-21190;PbSO3;0.082569256624998;15.401303269333644;P2_1/m;False;True;;Pb;S;neither octahedral: lower CN;"5;5";"3;3";2.685;1.552;3;3;0;0;0;9;5;7;7;non-perovskite (B not octahedral);2.0;4.0;False;1.154541580581425;0.2642857142857143;XII
mp-21216;AlFeO3;0.0439558349999993;10.251026128745355;Pna2_1;False;True;;Al;Fe;only octahedral cation;"6;6;6;6;4;4;4;4";"6;6;6;6;6;6;6;6";1.884;2.072;6;6;4;3;0;4;4;6;6;non-perovskite (edge-sharing BO6);3.0;3.0;False;0.669071697601941;0.46071428571428574;VI
mp-21280;BaPbO3;0.0270186640000007;16.601716299463224;Pm-3m;False;True;;Ba;Pb;only octahedral cation;12;6;3.085;2.181;6;6;6;0;0;12;12;8;8;perovskite;2.0;4.0;False;0.9785707638489691;0.5535714285714286;XII
mp-21344;CuGeO3;0.0801440710000029;12.88512423547678;Pmma;False;True;;Cu;Ge;neither octahedral: shorter M-O;"4;4";"4;4";1.947;1.785;4;4;2;0;0;4;4;8;8;non-perovskite (B not octahedral);2.0;4.0;False;0.780382095299143;0.3785714285714286;VI
mp-21455;EuAlO3;0.1114820139999999;10.730412454954823;Pnma;False;True;;Eu;Al;only octahedral cation;"12;12;12;12";"6;6;6;6";2.618;1.903;6;6;6;0;0;12;12;8;8;perovskite;3.0;3.0;False;0.920883249917364;0.3821428571428572;IX
mp-21434;CoCO3;0.0;9.216431121165972;R-3c;False;True;;C;Co;only octahedral cation;"3;3";"6;6";1.29;2.095;6;6;6;0;0;3;3;8;8;perovskite;4.0;2.0;False;0.5142594772265799;0.5321428571428571;VI
mp-21723;SiPbO3;0.0;14.904446017532509;P2/c;False;True;;Si;Pb;neither octahedral: lower CN;"4;4;4;4;4;4;4;4;4;4;4;4";"4;4;4;4;4;4;4;4;3;3;3;3";1.631;2.388;3;4;0;2;0;4;4;5;5;non-perovskite (B not octahedral);4.0;2.0;False;0.49142556221458894;0.85;VI
mp-21872;PrLuO3;0.0126164764999998;14.166766818798678;Pnma;False;True;;Pr;Lu;only octahedral cation;"8;8;8;8";"6;6;6;6";2.623;2.19;6;6;6;0;0;6;8;8;8;perovskite;3.0;3.0;False;0.8065583320124307;0.615;IX
mp-21898;SrTbO3;0.1219435718749997;16.18991500974396;Pnma;False;True;;Sr;Tb;only octahedral cation;"8;8;8;8";"6;6;6;6";2.76;2.27;6;6;6;0;0;8;8;8;8;perovskite;2.0;4.0;False;0.9297144715600901;0.5428571428571429;XII
mp-21939;FeSiO3;0.0153117265416682;11.572341247367074;Pbca;False;True;;Fe;Si;neither octahedral: lower CN;"5;5;5;5;5;5;5;5;6;6;6;6;6;6;6;6";"4;4;4;4;4;4;4;4;4;4;4;4;4;4;4;4";2.17;1.649;4;4;2;0;0;5;5;5;6;non-perovskite (B not octahedral);2.0;4.0;False;0.9113820735293279;0.28571428571428575;VIII
mp-22013;LaTiO3;0.0254489547499954;12.539357329391096;Pnma;False;True;;La;Ti;only octahedral cation;"8;8;8;8";"6;6;6;6";2.607;2.03;6;6;6;0;0;8;8;8;8;perovskite;3.0;3.0;False;0.9428090415820632;0.47857142857142865;XII
mp-22030;EuBO3;0.0233151816666676;11.96685505318992;P-1;False;True;;Eu;B;neither octahedral: lower CN;"8;8;8;8";"3;3;3;3";2.458;1.376;3;3;0;0;0;8;8;5;6;non-perovskite (B not octahedral);3.0;3.0;False;1.067011430293473;0.1928571428571429;IX
mp-22055;TbMnO3;0.0;11.238790275552176;Pnma;False;True;;Tb;Mn;only octahedral cation;"8;8;8;8";"6;6;6;6";2.434;2.004;6;6;6;0;0;8;8;8;8;perovskite;3.0;3.0;False;0.8627048503963012;0.46071428571428574;IX
mp-22081;HoMnO3;0.0288150980000008;11.632469014813164;Pnma;False;True;;Ho;Mn;only octahedral cation;"8;8;8;8";"6;6;6;6";2.428;2.054;6;6;6;0;0;8;8;6;8;perovskite;3.0;3.0;False;0.8713491875746209;0.46071428571428574;X
mp-22103;DyMnO3;0.022302571166664;11.727839929268283;Pnma;False;True;;Dy;Mn;only octahedral cation;"8;8;8;8";"6;6;6;6";2.439;2.055;6;6;6;0;0;8;8;6;8;perovskite;3.0;3.0;False;0.8585555685507076;0.46071428571428574;IX
mp-22106;NdNiO3;0.0;11.030659094175364;Pnma;False;True;;Nd;Ni;only octahedral cation;"8;8;8;8";"6;6;6;6";2.511;1.943;6;6;6;0;0;8;8;8;8;perovskite;3.0;3.0;False;0.9439875528840409;0.4285714285714286;XII
mp-22136;CoGeO3;0.0201147590000019;10.976934958610183;C2/c;False;True;;Ge;Co;only octahedral cation;"4;4;4;4";"6;6;6;6";1.772;2.102;6;6;0;5;0;4;4;7;7;non-perovskite (edge-sharing BO6);4.0;2.0;False;0.6362312763123713;0.5321428571428571;VI
mp-22137;DyCoO3;0.0093079522142867;10.192863449486374;Pnma;False;True;;Dy;Co;only octahedral cation;"8;8;8;8";"6;6;6;6";2.371;1.929;6;6;6;0;0;8;8;8;8;perovskite;3.0;3.0;False;0.8735055411374116;0.4357142857142857;IX
mp-22203;SmMnO3;0.0;11.575337598140342;Pnma;False;True;;Sm;Mn;only octahedral cation;"8;8;8;8";"6;6;6;6";2.486;2.004;6;6;6;0;0;8;8;8;8;perovskite;3.0;3.0;False;0.9128420060305551;0.46071428571428574;XII
mp-22220;LaLuO3;0.0113750438749988;14.376208901347814;Pnma;False;True;;La;Lu;only octahedral cation;"8;8;8;8";"6;6;6;6";2.647;2.194;6;6;6;0;0;6;8;8;8;perovskite;3.0;3.0;False;0.8631644033944585;0.615;XII
mp-22212;NaSbO3;0.0918956150000003;11.81922074868748;Pnma;False;True;;Na;Sb;only octahedral cation;"8;8;8;8";"6;6;6;6";2.535;2.013;6;6;6;0;0;8;8;8;8;perovskite;1.0;5.0;False;0.9864139597552337;0.4285714285714286;XII
mp-22246;EuTiO3;0.0091382114999998;11.899251891500436;Pm-3m;False;True;;Eu;Ti;only octahedral cation;12;6;2.76;1.952;6;6;6;0;0;12;12;8;8;perovskite;2.0;4.0;False;0.9698472061162123;0.43214285714285716;X
mp-22224;MnSeO3;0.0202544244999876;12.916748863733838;Pnma;False;True;;Se;Mn;only octahedral cation;"3;3;3;3";"6;6;6;6";1.751;2.262;6;6;6;0;0;3;3;8;8;perovskite;4.0;2.0;False;0.6024676611006458;0.5928571428571429;VI
mp-22230;BaPbO3;0.0;15.925972054852808;Imma;False;True;;Ba;Pb;only octahedral cation;"12;12";"6;6";2.846;2.176;6;6;6;0;0;11;12;8;8;perovskite;2.0;4.0;False;0.9785707638489691;0.5535714285714286;XII
mp-22280;PrNiO3;0.0;11.132304504917798;Pnma;False;True;;Pr;Ni;only octahedral cation;"12;12;12;12";"6;6;6;6";2.629;1.941;6;6;6;0;0;9;12;8;8;perovskite;3.0;3.0;False;0.9118141943400528;0.4285714285714286;IX
mp-22283;DyFeO3;0.006325670999999;11.2874305885718;Pnma;False;True;;Dy;Fe;only octahedral cation;"8;8;8;8";"6;6;6;6";2.426;2.024;6;6;6;0;0;8;8;8;8;perovskite;3.0;3.0;False;0.8585555685507076;0.46071428571428574;IX
mp-22334;FeGeO3;0.0121973114999986;11.289206515238636;C2/c;False;True;;Ge;Fe;only octahedral cation;"4;4;4;4";"6;6;6;6";1.771;2.134;6;6;0;5;0;4;4;7;7;non-perovskite (edge-sharing BO6);4.0;2.0;False;0.6260165539862553;0.5571428571428572;VI
mp-22330;TlVO3;0.006314270642858;16.596446020114943;Pbcm;False;True;;V;Tl;neither octahedral: lower CN;"4;4;4;4";"0;0;0;0";1.733;;0;0;0;0;0;4;4;8;8;non-perovskite (B not octahedral);5.0;1.0;False;0.4730300536213456;1.0714285714285714;VI
mp-22341;PrFeO3;0.0;12.12279208132622;Pnma;False;True;;Pr;Fe;only octahedral cation;"8;8;8;8";"6;6;6;6";2.549;2.025;6;6;6;0;0;8;8;8;8;perovskite;3.0;3.0;False;0.8917498233154552;0.46071428571428574;IX
mp-22345;TiCdO3;2.008286217;13.73664886383319;Pm-3m;False;False;Valences cannot be assigned!;Ti;Cd;only octahedral cation;12;6;2.896;2.048;6;6;6;0;0;12;12;8;8;perovskite;;;;;;
mp-22364;CrPbO3;0.1565822559999992;12.020143977039634;Pm-3m;False;True;;Pb;Cr;only octahedral cation;12;6;2.77;1.959;6;6;6;0;0;12;12;8;8;perovskite;2.0;4.0;False;1.047968511604678;0.3928571428571429;XII
mp-22390;SrRuO3;0.0;12.17123952456534;Pnma;False;True;;Sr;Ru;only octahedral cation;"12;12;12;12";"6;6;6;6";2.721;1.992;6;6;6;0;0;10;12;8;8;perovskite;2.0;4.0;False;0.9941501280048488;0.4428571428571429;XII
mp-22414;CuSeO3;0.0287679224999992;12.30847748738385;Pnma;False;True;;Cu;Se;neither octahedral: lower CN;"4;4;4;4";"3;3;3;3";2.009;1.754;3;3;0;0;0;4;4;8;8;non-perovskite (B not octahedral);2.0;4.0;False;0.792703917856498;0.35714285714285715;VI
mp-22416;SmTiO3;0.0486076472499839;12.171416305908602;Pnma;False;True;;Sm;Ti;only octahedral cation;"8;8;8;8";"6;6;6;6";2.51;2.052;6;6;6;0;0;8;8;8;8;perovskite;3.0;3.0;False;0.9018173441219735;0.47857142857142865;XII
mp-22428;SrCeO3;0.0085144779999968;15.944009622892912;Pnma;False;True;;Sr;Ce;only octahedral cation;"8;8;8;8";"6;6;6;6";2.753;2.255;6;6;6;0;0;8;8;8;8;perovskite;2.0;4.0;False;0.8846622284448435;0.6214285714285714;XII
mp-22495;SmNiO3;0.0;10.849010152017565;Pnma;False;True;;Sm;Ni;only octahedral cation;"8;8;8;8";"6;6;6;6";2.46;1.946;6;6;6;0;0;8;8;8;8;perovskite;3.0;3.0;False;0.9333809511662425;0.4285714285714286;XII
mp-22487;EuScO3;0.1810077158750012;13.066615088555375;Pnma;False;True;;Eu;Sc;only octahedral cation;"8;8;8;8";"6;6;6;6";2.562;2.119;6;6;6;0;0;8;8;8;8;perovskite;3.0;3.0;False;0.8307268478275522;0.5321428571428571;IX
mp-22540;CeGaO3;0.8840439461000003;17.19371195111022;Pm-3m;False;False;Valences cannot be assigned!;Ga;Ce;only octahedral cation;0;6;;2.207;6;6;6;0;0;12;0;8;8;perovskite;;;;;;
mp-22534;SrRuO3;0.5107391760000022;17.842555093286144;P4/mmm;True;True;;Sr;Ru;neither octahedral: shorter M-O;4;4;2.593;1.834;4;4;4;0;0;4;4;2;2;non-perovskite (B not octahedral);2.0;4.0;False;0.9941501280048488;0.4428571428571429;XII
mp-22535;HfPbO3;0.0406367423125022;14.35138774942023;Pm-3m;False;True;;Pb;Hf;only octahedral cation;0;6;;2.078;6;6;6;0;0;12;0;8;8;perovskite;2.0;4.0;False;0.9685017050374987;0.5071428571428571;XII
mp-22564;PrMnO3;0.0;11.887147279721376;Pnma;False;True;;Pr;Mn;only octahedral cation;"8;8;8;8";"6;6;6;6";2.557;1.998;6;6;6;0;0;8;8;8;8;perovskite;3.0;3.0;False;0.8917498233154552;0.46071428571428574;IX
mp-22549;SmCoO3;0.1305531109998874;10.605819156449506;Pm-3m;False;True;;Sm;Co;only octahedral cation;12;6;2.657;1.878;6;6;6;0;0;12;12;8;8;perovskite;3.0;3.0;False;0.9287372648420326;0.4357142857142857;XII
mp-22593;CeVO3;0.2658328632999982;12.04979323387416;Pm-3m;False;True;;Ce;V;only octahedral cation;12;6;2.772;1.96;6;6;6;0;0;12;12;8;8;perovskite;3.0;3.0;False;0.9497414610054609;0.4571428571428572;XII
mp-22599;NdCoO3;0.0;10.867839926205567;Pnma;False;True;;Nd;Co;only octahedral cation;"8;8;8;8";"6;6;6;6";2.5;1.933;6;6;6;0;0;8;8;8;8;perovskite;3.0;3.0;False;0.9392910973970557;0.4357142857142857;XII
mp-22588;LuFeO3;0.0360391231249987;11.212167893725589;Pnma;False;True;;Lu;Fe;only octahedral cation;"8;8;8;8";"6;6;6;6";2.406;2.04;6;6;6;0;0;6;8;8;8;perovskite;3.0;3.0;False;0.8409211207069357;0.46071428571428574;IX
mp-22590;LaFeO3;0.0277720220000148;12.59680508442825;Pnma;False;True;;La;Fe;only octahedral cation;"8;8;8;8";"6;6;6;6";2.599;2.047;6;6;6;0;0;8;8;8;8;perovskite;3.0;3.0;False;0.9543348244864894;0.46071428571428574;XII
mp-22608;CaVO3;0.0011566264107081;10.737149337731278;Pnma;False;True;;Ca;V;only octahedral cation;"8;8;8;8";"6;6;6;6";2.5;1.92;6;6;6;0;0;9;8;8;8;perovskite;2.0;4.0;False;0.9785215052783537;0.41428571428571426;XII
mp-22616;CoSeO3;0.029257131125;11.731524856671475;Pnma;False;True;;Se;Co;only octahedral cation;"3;3;3;3";"6;6;6;6";1.76;2.165;6;6;6;0;0;3;3;8;8;perovskite;4.0;2.0;False;0.626341670981091;0.5321428571428571;VI
mp-22628;CsNO3;0.0043697735555543;17.352384983348454;Pmmn;False;True;;Cs;N;neither octahedral: lower CN;"12;12";"3;3";3.226;1.262;3;3;0;0;0;12;12;6;8;non-perovskite (B not octahedral);1.0;5.0;False;1.515889047249592;0.09285714285714286;XII
mp-22649;VCdO3;0.0701796605000009;10.932187472281791;Pnma;False;True;;Cd;V;only octahedral cation;"8;8;8;8";"6;6;6;6";2.482;1.954;6;6;6;0;0;8;8;8;8;perovskite;2.0;4.0;False;0.9678077661694665;0.41428571428571426;XII
mp-22688;CuSeO3;0.0126971267499982;12.742873709536472;Pbca;False;True;;Cu;Se;neither octahedral: lower CN;"5;5;5;5;5;5;5;5";"3;3;3;3;3;3;3;3";2.024;1.727;3;3;0;0;0;5;5;5;6;non-perovskite (B not octahedral);2.0;4.0;False;0.792703917856498;0.35714285714285715;VI
mp-22668;YCoO3;0.000704871589285;10.291313411057953;Pnma;False;True;;Y;Co;only octahedral cation;"8;8;8;8";"6;6;6;6";2.379;1.935;6;6;6;0;0;8;8;8;8;perovskite;3.0;3.0;False;0.8706911857894055;0.4357142857142857;IX
mp-22705;BaPrO3;0.1070534145000001;18.964567537739672;Pnma;False;False;Valences cannot be assigned!;Ba;Pr;only octahedral cation;"8;8;8;8";"6;6;6;6";2.96;2.363;6;6;6;0;0;8;8;8;8;perovskite;;;;;;
mp-22734;HfPbO3;0.0093807200625022;13.931105667633457;Pbam;False;True;;Pb;Hf;only octahedral cation;"4;4;4;4;4;4;4;4";"6;6;6;6;6;6;6;6";2.547;2.083;6;6;6;0;0;8;4;8;8;perovskite;2.0;4.0;False;0.9685017050374987;0.5071428571428571;XII
mp-22789;DyVO3;0.0;11.22468451018993;Pnma;False;True;;Dy;V;only octahedral cation;"8;8;8;8";"6;6;6;6";2.42;2.017;6;6;6;0;0;8;8;8;8;perovskite;3.0;3.0;False;0.8606598714148025;0.4571428571428572;IX
mp-22942;BaBiO3;1.7434000000093874e-05;16.731160052336442;C2/m;False;False;Valences cannot be assigned!;Ba;Bi;only octahedral cation;"11;11";"6;6";2.888;2.217;6;6;6;0;0;11;11;8;8;perovskite;;;;;;
mp-22949;FeBiO3;0.0335794110000016;13.36500252449514;R3m;False;True;;Bi;Fe;only octahedral cation;"3;3";"6;6";2.22;2.045;6;6;6;0;0;3;3;7;7;non-perovskite (corner-sharing, A outside cavity);3.0;3.0;False;0.88863786193126;0.46071428571428574;VIII
mp-22958;KBrO3;0.0;16.791935233405464;R3m;False;True;;K;Br;neither octahedral: lower CN;9;3;2.875;1.673;3;3;0;0;0;9;9;8;8;non-perovskite (B not octahedral);1.0;5.0;False;;;
mp-22955;LiIO3;0.0008651204999985;13.1047417289717;P6_3;False;True;;I;Li;only octahedral cation;"3;3";"6;6";1.812;2.092;6;6;0;0;2;3;3;6;6;non-perovskite (face-sharing BO6);5.0;1.0;False;0.7693059887909196;0.5428571428571429;VI
mp-22994;LiIO3;0.0016667354999988;14.030142503584296;Pna2_1;False;True;;Li;I;neither octahedral: lower CN;"5;5;5;5";"3;3;3;3";2.024;1.806;3;3;0;0;0;5;5;7;7;non-perovskite (B not octahedral);1.0;5.0;False;0.6980798861075703;0.6785714285714286;VIII
mp-22979;GaBiO3;0.2277076675000016;11.439574341631417;Pm-3m;True;True;;Bi;Ga;only octahedral cation;12;6;2.724;1.926;6;6;6;0;0;12;12;8;8;perovskite;3.0;3.0;False;0.8996358552719935;0.4428571428571429;VIII
mp-22989;NaIO3;0.0;14.575948481293466;Pnma;False;True;;I;Na;only octahedral cation;"3;3;3;3";"6;6;6;6";1.815;2.398;6;6;6;0;0;3;3;8;8;perovskite;5.0;1.0;False;0.6866532792513993;0.7285714285714286;VI
mp-22981;TlIO3;0.0;18.26399010378393;R3m;False;True;;I;Tl;neither octahedral: lower CN;3;0;1.819;;0;0;0;0;0;3;3;8;8;non-perovskite (B not octahedral);5.0;1.0;False;0.5730003226856505;1.0714285714285714;VI
mp-23011;RbClO3;0.0651711140000017;19.12856493822643;R3m;False;True;;Rb;Cl;neither octahedral: lower CN;9;3;3.042;1.509;3;3;0;0;0;9;9;8;8;non-perovskite (B not octahedral);1.0;5.0;False;;;
mp-23022;KClO3;0.0509303468750017;18.50278073156547;P2_1/m;False;True;;K;Cl;neither octahedral: lower CN;"9;9";"3;3";2.965;1.507;3;3;0;0;0;9;9;7;7;non-perovskite (B not octahedral);1.0;5.0;False;;;
mp-23054;NaBiO3;0.0;14.340569727537376;R-3;False;True;;Na;Bi;both octahedral: higher valence;"6;6";"6;6";2.432;2.133;6;6;0;3;0;6;6;7;7;non-perovskite (edge-sharing BO6);1.0;5.0;False;0.9133462590326238;0.5428571428571429;XII
mp-23080;AlBiO3;0.121609234249985;10.86382230146958;Pm-3m;True;True;;Bi;Al;only octahedral cation;12;6;2.678;1.894;6;6;6;0;0;12;12;8;8;perovskite;3.0;3.0;False;0.93915474297128;0.3821428571428572;VIII
mp-23339;NaBrO3;0.0;14.638766024068657;P2_13;False;True;;Br;Na;only octahedral cation;"3;3;3;3";"6;6;6;6";1.672;2.425;6;6;6;0;0;3;3;7;7;non-perovskite (corner-sharing, A outside cavity);5.0;1.0;False;;;
mp-23330;NaClO3;0.0348473592499996;14.96827052026627;P2_13;False;True;;Cl;Na;only octahedral cation;"3;3;3;3";"6;6;6;6";1.51;2.499;6;6;6;0;0;3;3;7;7;non-perovskite (corner-sharing, A outside cavity);5.0;1.0;False;;;
mp-23384;LiIO3;0.0;14.179217943813644;P4_2/n;False;True;;Li;I;neither octahedral: lower CN;"4;4;4;4;4;4;4;4";"3;3;3;3;3;3;3;3";1.956;1.809;3;3;0;0;0;4;4;6;6;non-perovskite (B not octahedral);1.0;5.0;False;0.6980798861075703;0.6785714285714286;VIII
mp-23456;CrBiO3;0.0226827880000008;12.422084751378936;C2/c;False;True;;Bi;Cr;only octahedral cation;"5;5;5;5";"6;6;6;6";2.402;2.031;6;6;6;0;0;5;5;8;8;perovskite;3.0;3.0;False;0.901868202307408;0.43928571428571433;VIII
mp-23438;BaBiO3;0.0248861669999991;17.35986381818341;Fm-3m;False;False;Valences cannot be assigned!;Ba;Bi;only octahedral cation;"12;12";"6;6";3.131;2.214;6;6;6;0;0;12;12;8;8;perovskite;;;;;;
mp-23487;KIO3;0.0;17.53344468700437;P1;False;True;;K;I;neither octahedral: lower CN;"8;6;12;6";"3;3;3;3";3.008;1.817;3;3;0;0;0;8;6;8;8;non-perovskite (B not octahedral);1.0;5.0;False;0.9147253680030233;0.6785714285714286;XII
mp-23477;MnBiO3;0.0281614210999983;12.929523289407124;C2/c;False;True;;Bi;Mn;both octahedral: shorter M-O;"6;6;6;6";"6;6;6;6";2.472;2.067;6;6;6;0;0;5;6;8;8;perovskite;3.0;3.0;False;0.88863786193126;0.46071428571428574;VIII
mp-23482;BaBiO3;0.0008352050000013;16.738710722210985;R-3;False;False;Valences cannot be assigned!;Ba;Bi;only octahedral cation;"9;9";"6;6";2.961;2.216;6;6;6;0;0;9;9;8;8;perovskite;;;;;;
mp-23501;FeBiO3;0.0016325030000015;12.536629858388716;R3c;False;True;;Bi;Fe;both octahedral: shorter M-O;"6;6";"6;6";2.378;2.052;6;6;6;0;0;6;6;8;8;perovskite;3.0;3.0;False;0.88863786193126;0.46071428571428574;VIII
mp-23532;NiBiO3;0.0446909777500028;11.934693881426536;Pnma;True;True;;Bi;Ni;only octahedral cation;"8;8;8;8";"6;6;6;6";2.455;2.085;6;6;6;0;0;8;8;8;8;perovskite;3.0;3.0;False;0.9086322138247135;0.4285714285714286;VIII
mp-23548;AgBiO3;0.0498761710000019;15.463007543874294;R-3;False;True;;Ag;Bi;both octahedral: higher valence;"6;6";"6;6";2.511;2.19;6;6;0;3;0;6;6;7;7;non-perovskite (edge-sharing BO6);1.0;5.0;False;0.8773361914721977;0.5428571428571429;VIII
mp-23963;HIO3;0.0163532904999987;13.475834847769724;P2_12_12_1;False;True;;I;H;neither octahedral: lower CN;"4;4;4;4";"1;1;1;1";2.018;1.011;1;1;0;0;0;3;4;2;2;non-perovskite (B not octahedral);5.0;1.0;False;;;
mp-25096;NiBiO3;0.0322425907500036;11.970897899719024;P2_1/m;True;True;;Bi;Ni;both octahedral: shorter M-O;"6;6;6;6";"6;6;6;6";2.334;2.09;6;6;6;0;0;6;6;8;8;perovskite;3.0;3.0;False;0.9086322138247135;0.4285714285714286;VIII
mp-25296;MnBO3;0.2257844627187388;12.526434271123634;P-6;True;True;;Mn;B;neither octahedral: lower CN;"5;5;5";"3;3;3";2.044;1.378;3;3;0;0;0;5;5;5;5;non-perovskite (B not octahedral);3.0;3.0;False;0.8658882440278381;0.1928571428571429;VI
mp-27144;TlPO3;0.0;15.96789581904316;P-42_1c;False;True;;P;Tl;neither octahedral: lower CN;"4;4;4;4;4;4;4;4";"2;2;2;2;4;4;4;4";1.548;2.752;2;4;2;0;0;4;4;6;8;non-perovskite (B not octahedral);5.0;1.0;False;0.4340172656938119;1.0714285714285714;VI
mp-27186;MgVO3;0.0;13.919166731988955;Cmcm;True;True;;Mg;V;neither octahedral: shorter M-O;"5;5";"5;5";2.022;1.888;5;5;0;2;0;5;5;7;7;non-perovskite (B not octahedral);2.0;4.0;False;0.8178154186450474;0.41428571428571426;VIII
mp-27193;RbIO3;0.0;18.46011681064148;R3m;False;True;;Rb;I;neither octahedral: lower CN;12;3;3.092;1.816;3;3;0;0;0;12;12;8;8;non-perovskite (B not octahedral);1.0;5.0;False;0.9387970882136292;0.6785714285714286;XII
mp-27249;CuCO3;0.1404106780000003;11.678035354703471;Cm;False;True;;Cu;C;neither octahedral: lower CN;5;3;2.028;1.3;3;3;0;0;0;5;5;5;5;non-perovskite (B not octahedral);2.0;4.0;False;0.9654727204662477;0.1142857142857143;VI
mp-27384;AgIO3;0.0;15.65193916154271;Pca2_1;False;True;;Ag;I;neither octahedral: lower CN;"5;5;5;5;5;5;5;5";"3;3;3;3;3;3;3;3";2.453;1.828;3;3;0;0;0;6;5;6;6;non-perovskite (B not octahedral);1.0;5.0;False;0.8064026270552968;0.6785714285714286;VIII
mp-27556;CsNbO3;0.0;19.23939714439583;P2_1/c;False;True;;Cs;Nb;only octahedral cation;"8;8;8;8;6;6;6;6";"6;6;6;6;6;6;6;6";3.169;2.06;6;6;1;4;0;6;6;6;6;non-perovskite (edge-sharing BO6);1.0;5.0;False;1.1369167854371938;0.4571428571428572;XII
mp-27818;MnSO3;0.0724358460714293;14.172101858055356;P2_1/c;False;True;;S;Mn;only octahedral cation;"3;3;3;3;3;3;3;3";"6;6;6;6;6;6;6;6";1.559;2.245;6;6;4;1;0;3;3;5;5;non-perovskite (edge-sharing BO6);4.0;2.0;False;0.5612461895516543;0.5928571428571429;VI
mp-27941;AgClO3;0.0382847264999979;15.35318140579938;I4/m;False;True;;Ag;Cl;neither octahedral: lower CN;"8;8;4;4";"3;3;3;3";2.593;1.517;3;3;0;0;0;4;4;8;8;non-perovskite (B not octahedral);1.0;5.0;False;;;
mp-27994;HgBrO3;0.0;17.52225833013723;C2/c;False;True;;Br;Hg;neither octahedral: lower CN;"3;3;3;3";"1;1;1;1";1.678;2.213;1;1;0;0;0;3;3;4;4;non-perovskite (B not octahedral);5.0;1.0;False;;;
mp-28109;SbAsO3;0.0;16.438301207055428;P2_1/c;False;True;;Sb;As;neither octahedral: shorter M-O;"3;3;3;3";"3;3;3;3";2.003;1.79;3;3;0;0;0;3;3;6;7;non-perovskite (B not octahedral);3.0;3.0;False;0.7713892158398701;0.41428571428571426;VI
mp-28290;CdTeO3;0.0;15.123187329040338;P2_1/c;False;True;;Te;Cd;only octahedral cation;"3;3;3;3;3;3;3;3";"6;6;6;6;6;6;6;6";1.895;2.339;6;6;3;2;0;3;3;5;5;non-perovskite (edge-sharing BO6);4.0;2.0;False;0.7131247112391991;0.6785714285714286;VI
mp-28295;CsIO3;0.0;20.38924746422905;Pmn2_1;False;True;;Cs;I;neither octahedral: lower CN;"12;12";"3;3";3.286;1.812;3;3;0;0;0;12;12;8;8;non-perovskite (B not octahedral);1.0;5.0;False;0.9869405286348408;0.6785714285714286;XII
mp-28318;HgTeO3;0.0144544526250003;15.757128260201863;P-1;False;True;;Hg;Te;neither octahedral: shorter M-O;"5;5;2;2";"3;3;4;4";2.301;1.978;3;4;0;1;0;4;2;6;6;non-perovskite (B not octahedral);2.0;4.0;False;0.7578275207653293;0.6928571428571428;VIII
mp-28872;RbBrO3;0.0;17.783517035169908;R3m;False;True;;Rb;Br;neither octahedral: lower CN;12;3;3.057;1.672;3;3;0;0;0;12;12;8;8;non-perovskite (B not octahedral);1.0;5.0;False;;;
mp-28853;LaAuO3;0.0;15.102920775818069;Pbcm;False;False;Structure contains elements not in set of BV parameters: {Element Au};La;Au;neither octahedral: lower CN;"8;8;8;8";"4;4;4;4";2.507;2.002;4;4;2;0;0;8;8;6;7;non-perovskite (B not octahedral);;;;;;
mp-28873;CsBrO3;0.0;19.95522401162649;R3m;False;True;;Cs;Br;neither octahedral: lower CN;12;3;3.214;1.671;3;3;0;0;0;12;12;8;8;non-perovskite (B not octahedral);1.0;5.0;False;;;
mp-29049;SrCuO3;0.0428842684791721;11.89307183640027;Pmmm;True;True;;Sr;Cu;only octahedral cation;"11;11;12";"6;6;6";2.733;1.955;6;6;4;1;0;11;11;6;6;non-perovskite (edge-sharing BO6);2.0;2.0;False;0.9428090415820632;0.5214285714285715;XII
mp-29077;LiBiO3;0.0;11.83654847517795;Pccn;False;True;;Li;Bi;both octahedral: higher valence;"6;6;6;6;6;6;6;6";"6;6;6;6;6;6;6;6";2.135;2.126;6;6;4;1;0;5;6;7;7;non-perovskite (edge-sharing BO6);1.0;5.0;False;0.7594850612744398;0.5428571428571429;VIII
mp-29164;SrBiO3;0.0;15.559793588216165;P2_1/c;False;False;Valences cannot be assigned!;Sr;Bi;only octahedral cation;"8;8;8;8";"6;6;6;6";2.736;2.23;6;6;6;0;0;8;8;8;8;perovskite;;;;;;
mp-29188;VHgO3;0.0034960933749994;14.73591996311414;P-1;False;True;;V;Hg;neither octahedral: lower CN;"5;5";"1;1";1.822;2.139;1;1;0;0;0;5;5;5;6;non-perovskite (B not octahedral);5.0;1.0;False;0.5296475503868348;0.85;VI
mp-29205;YBO3;0.0;10.90032515228092;Cmcm;False;True;;Y;B;neither octahedral: lower CN;"8;8;8;8;8;8";"4;4;4;4;4;4";2.37;1.476;4;4;2;0;0;8;8;6;6;non-perovskite (B not octahedral);3.0;3.0;False;1.047957654752518;0.1928571428571429;IX
mp-29195;LiPO3;0.0;11.717308443435616;P2_1/c;False;True;;Li;P;neither octahedral: lower CN;"4;4;4;4;4;4;4;4;5;5;5;5";"4;4;4;4;4;4;4;4;4;4;4;4";2.01;1.539;4;4;2;0;0;4;4;4;4;non-perovskite (B not octahedral);1.0;5.0;False;0.9216223215465114;0.27142857142857146;VIII
mp-29257;LaTlO3;0.1567904917499989;15.882202214022158;P6_3mc;False;True;;La;Tl;only octahedral cation;"7;7";"6;6";2.513;2.447;6;6;0;6;0;7;7;6;6;non-perovskite (edge-sharing BO6);3.0;3.0;False;0.8540983440152607;0.6321428571428572;XII
mp-29526;BrNO3;0.0;16.123359940562203;P2_12_12_1;False;True;;N;Br;neither octahedral: lower CN;"3;3;3;3";"2;2;2;2";1.272;2.095;2;2;0;0;0;3;3;2;2;non-perovskite (B not octahedral);5.0;1.0;False;;;
mp-29738;TlClO3;0.061993026555557;18.846592105293787;R3m;False;True;;Cl;Tl;neither octahedral: lower CN;3;0;1.513;;0;0;0;0;0;3;3;8;8;non-perovskite (B not octahedral);5.0;1.0;False;;;
mp-29762;GdBO3;0.2194210333333313;11.574789633260576;R32;False;True;;Gd;B;neither octahedral: lower CN;"8;8;8";"4;4;4";2.467;1.477;4;4;2;0;0;8;8;6;6;non-perovskite (B not octahedral);3.0;3.0;False;1.061507006248308;0.1928571428571429;IX
mp-29799;KBiO3;0.0;17.001574975784862;Pn-3;False;True;;K;Bi;both octahedral: higher valence;"6;6;6;6;6;6;6;6;6;6;6;6";"6;6;6;6;6;6;6;6;6;6;6;6";2.815;2.129;6;6;4;1;0;6;6;6;6;non-perovskite (edge-sharing BO6);1.0;5.0;False;0.9951873216699557;0.5428571428571429;XII
mp-29798;TlBrO3;0.0072877472499994;17.59423177491339;R3m;False;True;;Br;Tl;neither octahedral: lower CN;3;0;1.674;;0;0;0;0;0;3;3;8;8;non-perovskite (B not octahedral);5.0;1.0;False;;;
mp-30058;TlSbO3;0.0007310490000005;17.847189652307534;R-3;False;True;;Tl;Sb;only octahedral cation;"3;3";"6;6";2.545;2.0;6;6;0;3;0;3;3;7;7;non-perovskite (edge-sharing BO6);1.0;5.0;False;1.0960155108391485;0.4285714285714286;XII
mp-30284;HgAsO3;0.0;15.781998171998964;P-31m;True;True;;Hg;As;only octahedral cation;"3;3";"6;6";2.4;1.837;6;6;0;3;0;3;3;6;6;non-perovskite (edge-sharing BO6);1.0;5.0;False;0.9846271845554614;0.3285714285714286;VI
mp-30937;HgClO3;0.0398931584583337;19.526340244388983;P2_1/c;False;True;;Cl;Hg;neither octahedral: lower CN;"3;3;3;3;3;3;3;3";"1;1;1;1;1;1;1;1";1.522;2.23;1;1;0;0;0;3;3;2;3;non-perovskite (B not octahedral);5.0;1.0;False;;;
mp-31116;LaScO3;0.0;13.366062966990754;Pnma;False;True;;La;Sc;only octahedral cation;"8;8;8;8";"6;6;6;6";2.615;2.112;6;6;6;0;0;8;8;8;8;perovskite;3.0;3.0;False;0.9098436904777952;0.5321428571428571;XII
mp-31117;NdScO3;0.0;13.017010490960924;Pnma;False;True;;Nd;Sc;only octahedral cation;"8;8;8;8";"6;6;6;6";2.565;2.109;6;6;6;0;0;8;8;8;8;perovskite;3.0;3.0;False;0.8801748744839542;0.5321428571428571;XII
mp-31118;SmScO3;0.0;12.747897056930608;Pnma;False;True;;Sm;Sc;only octahedral cation;"8;8;8;8";"6;6;6;6";2.533;2.108;6;6;6;0;0;8;8;8;8;perovskite;3.0;3.0;False;0.8702852691526737;0.5321428571428571;XII
mp-31119;TbScO3;0.0184044507500011;12.36221861405857;Pnma;False;True;;Tb;Sc;only octahedral cation;"8;8;8;8";"6;6;6;6";2.493;2.105;6;6;6;0;0;6;8;8;8;perovskite;3.0;3.0;False;0.8224855100514853;0.5321428571428571;IX
mp-31121;HoScO3;0.0366798722499961;12.430716805789674;Pnma;False;True;;Ho;Sc;only octahedral cation;"8;8;8;8";"6;6;6;6";2.492;2.118;6;6;6;0;0;6;8;8;8;perovskite;3.0;3.0;False;0.8307268478275522;0.5321428571428571;X
mp-31120;DyScO3;0.0258335093749995;12.520312425361396;Pnma;False;True;;Dy;Sc;only octahedral cation;"8;8;8;8";"6;6;6;6";2.501;2.119;6;6;6;0;0;6;8;8;8;perovskite;3.0;3.0;False;0.818529667918973;0.5321428571428571;IX
mp-31250;BiBO3;0.0;12.967084532986297;P2_1/c;False;True;;B;Bi;only octahedral cation;"3;3;3;3";"6;6;6;6";1.379;2.378;6;6;4;1;0;3;3;6;6;non-perovskite (edge-sharing BO6);3.0;3.0;False;0.4859540430376685;0.7357142857142858;VI
mp-31271;RbCO3;0.0571086087500001;16.629769550407538;P2_1/c;False;True;;Rb;C;neither octahedral: lower CN;"8;8;8;8;10;10;10;10";"3;3;3;3;3;3;3;3";3.118;1.309;3;3;0;0;0;8;8;6;6;non-perovskite (B not octahedral);1.0;4.0;False;1.4142135623730954;0.1142857142857143;XII
mp-31302;KCO3;0.0747216654999984;16.120000211366293;P2_1/c;False;True;;K;C;neither octahedral: lower CN;"8;8;8;8;8;8;8;8";"3;3;3;3;3;3;3;3";2.911;1.312;3;3;0;0;0;8;8;6;6;non-perovskite (B not octahedral);1.0;4.0;False;1.3779516761584005;0.1142857142857143;XII
mp-33365;CeGaO3;0.2328246561;11.812622150901923;Pm-3m;False;True;;Ce;Ga;only octahedral cation;12;6;2.754;1.947;6;6;6;0;0;12;12;8;8;perovskite;3.0;3.0;False;0.9591448418074952;0.4428571428571429;XII
mp-33746;SrCO3;0.0361576455000065;14.084579421162283;C2/m;True;True;;Sr;C;neither octahedral: lower CN;"8;10";"3;3";2.574;1.298;3;3;0;0;0;8;8;6;6;non-perovskite (B not octahedral);2.0;4.0;False;1.2872969606216635;0.1142857142857143;XII
mp-33753;TaHO3;0.0770895237500024;15.390604786116636;I4_1/amd;True;True;;H;Ta;only octahedral cation;"1;1;1;1";"6;6;6;6";0.973;2.006;6;6;6;0;0;1;1;2;2;non-perovskite (corner-sharing, A outside cavity);1.0;5.0;False;;;
mp-33932;NbHO3;0.0336375535357174;11.793686613355783;P1;True;True;;H;Nb;only octahedral cation;"1;1;1;1";"6;6;6;6";0.994;2.041;6;6;6;0;0;1;1;4;4;non-perovskite (corner-sharing, A outside cavity);1.0;5.0;False;;;
mp-34195;BaCO3;0.0353595900000076;15.132585039685978;P2_1/m;True;True;;Ba;C;neither octahedral: lower CN;"9;9";"3;3";2.819;1.302;3;3;0;0;0;9;9;4;7;non-perovskite (B not octahedral);2.0;4.0;False;1.3643534688278898;0.1142857142857143;XII
mp-34212;SrRuO3;0.0036637429999979;12.167083063950937;Imma;True;True;;Sr;Ru;only octahedral cation;"12;12";"6;6";2.603;1.989;6;6;6;0;0;11;12;8;8;perovskite;2.0;4.0;False;0.9941501280048488;0.4428571428571429;XII
mp-35078;BaMnO3;0.013227351166666;12.861916297260686;P6_3/mmc;False;True;;Ba;Mn;only octahedral cation;"12;12;12;12";"6;6;6;6";2.867;1.923;6;6;3;0;1;12;12;6;6;non-perovskite (face-sharing BO6);2.0;4.0;False;1.1027934773945636;0.3785714285714286;XII
mp-35730;BaUO3;0.0;17.205810328899904;Pnma;True;True;;Ba;U;only octahedral cation;"9;9;9;9";"6;6;6;6";2.959;2.247;6;6;6;0;0;9;9;8;8;perovskite;2.0;4.0;False;0.929428563917689;0.6357142857142858;XII
mp-36903;KNO3;0.0074995545000007;17.270276459440712;P2_1/m;True;True;;K;N;neither octahedral: lower CN;"9;9";"3;3";2.902;1.27;3;3;0;0;0;9;9;6;6;non-perovskite (B not octahedral);1.0;5.0;False;1.4049703364752317;0.09285714285714286;XII
mp-37214;MnPbO3;0.1138747198846568;11.997842436429574;Pm-3m;True;True;;Pb;Mn;only octahedral cation;12;6;2.768;1.957;6;6;6;0;0;12;12;8;8;perovskite;2.0;4.0;False;1.0588282889270062;0.3785714285714286;XII
mp-38035;SrCO3;0.0232246075000066;14.878143430174456;R-3c;True;True;;C;Sr;only octahedral cation;"3;3";"6;6";1.301;2.546;6;6;6;0;0;3;3;6;6;non-perovskite (corner-sharing, A outside cavity);4.0;2.0;False;0.4275529374616333;0.8428571428571429;VI
mp-38220;RbNO3;0.0231345850000002;18.209644394540167;R-3c;True;True;;N;Rb;only octahedral cation;"3;3";"6;6";1.26;2.869;6;6;6;0;0;3;3;8;8;perovskite;5.0;1.0;False;0.3705045805532252;1.0857142857142859;VI
mp-38685;CeSbO3;0.4580750086666709;16.572028269491106;Fd-3m;True;True;;Sb;Ce;both octahedral: shorter M-O;"6;6;6;6";"6;6;6;6";2.497;2.271;6;6;6;0;0;6;6;6;6;non-perovskite (corner-sharing, A outside cavity);3.0;3.0;False;0.6337554553373206;0.7214285714285715;VI
mp-504543;SnPbO3;0.1553057819999956;15.557868251833536;Fd-3m;False;True;;Pb;Sn;both octahedral: higher valence;"6;6;6;6";"6;6;6;6";2.629;2.092;6;6;6;0;0;6;6;6;6;non-perovskite (corner-sharing, A outside cavity);2.0;4.0;False;0.9777696639373791;0.4928571428571428;XII
mp-504580;VCuO3;0.0944736280000029;10.293500469095072;R-3;False;True;;Cu;V;both octahedral: higher valence;"6;6";"6;6";2.162;1.944;6;6;0;3;0;6;6;7;10;non-perovskite (edge-sharing BO6);2.0;4.0;False;0.7606754767309829;0.41428571428571426;VI
mp-504607;YInO3;0.0045696548749978;14.034165185654873;P6_3cm;False;True;;Y;In;neither octahedral: lower CN;"7;7;7;7;7;7";"5;5;5;5;5;5";2.354;2.118;5;5;6;0;0;7;7;6;6;non-perovskite (B not octahedral);3.0;3.0;False;0.7954951288348657;0.5714285714285715;IX
mp-504651;CsVO3;0.0;19.37810959090685;Pbcm;False;True;;Cs;V;neither octahedral: lower CN;"10;10;10;10";"4;4;4;4";3.252;1.731;4;4;2;0;0;10;10;7;8;non-perovskite (B not octahedral);1.0;5.0;False;1.1955207434494204;0.3857142857142858;XII
mp-504703;EuFeO3;0.1493567969999993;11.976722229580425;Pnma;False;True;;Eu;Fe;only octahedral cation;"8;8;8;8";"6;6;6;6";2.552;2.012;6;6;6;0;0;8;8;8;8;perovskite;3.0;3.0;False;0.8713491875746209;0.46071428571428574;IX
mp-504715;BaTiO3;3.0774920879999987;20.097834696934743;Pm-3m;True;False;Valences cannot be assigned!;Ti;Ba;only octahedral cation;0;6;;2.325;6;6;6;0;0;12;0;8;8;perovskite;;;;;;
mp-505025;BaPuO3;0.0;16.919368250199952;Pnma;False;False;Structure contains elements not in set of BV parameters: {Element Pu};Ba;Pu;only octahedral cation;"9;9;9;9";"6;6;6;6";2.931;2.23;6;6;6;0;0;9;9;8;8;perovskite;;;;;;
mp-505604;GdNiO3;0.0;10.74900963147596;Pnma;False;True;;Gd;Ni;only octahedral cation;"8;8;8;8";"6;6;6;6";2.43;1.951;6;6;6;0;0;8;8;8;8;perovskite;3.0;3.0;False;0.8863583502173371;0.4285714285714286;IX
mp-505766;SrCoO3;0.0818543463548397;11.728063713577292;Pm-3m;False;True;;Sr;Co;only octahedral cation;"12;12";"6;6";2.747;1.943;6;6;6;0;0;12;12;8;8;perovskite;2.0;4.0;False;1.0405094603988574;0.3785714285714286;XII
mp-505819;TlFeO3;0.0472809699999992;11.878574270035877;Pnma;False;True;;Tl;Fe;both octahedral: shorter M-O;"6;6;6;6";"6;6;6;6";2.37;2.053;6;6;6;0;0;6;6;8;8;perovskite;3.0;3.0;False;0.8229408993760308;0.46071428571428574;VIII
mp-510278;GdTiO3;0.0266896694999783;11.961540508720413;Pnma;False;True;;Gd;Ti;only octahedral cation;"8;8;8;8";"6;6;6;6";2.493;2.042;6;6;6;0;0;8;8;8;8;perovskite;3.0;3.0;False;0.8563848794370408;0.47857142857142865;IX
mp-510611;LaCoO3;1.4302752179999991;17.57592336957798;Pm-3m;True;True;;Co;La;only octahedral cation;0;6;;2.223;6;6;6;0;0;12;0;8;8;perovskite;3.0;3.0;False;0.5844097985957896;0.7371428571428572;VI
mp-510575;GdMnO3;0.0;11.44963194693374;Pnma;False;True;;Gd;Mn;only octahedral cation;"8;8;8;8";"6;6;6;6";2.464;2.006;6;6;6;0;0;8;8;8;8;perovskite;3.0;3.0;False;0.8668541322418946;0.46071428571428574;IX
mp-510624;SrFeO3;0.0;11.225940424961015;Pm-3m;False;True;;Sr;Fe;only octahedral cation;12;6;2.707;1.914;6;6;6;0;0;12;12;8;8;perovskite;2.0;4.0;False;1.0116792234608538;0.41785714285714287;XII
mp-510672;MnPbO3;0.0719064465513241;12.529040944733202;C2/c;False;True;;Pb;Mn;only octahedral cation;"10;10;7;7;7;7";"6;6;6;6;6;6";2.686;1.971;6;6;3;0;1;10;7;7;7;non-perovskite (face-sharing BO6);2.0;4.0;False;1.0588282889270062;0.3785714285714286;XII
mp-530986;MgSiO3;0.1031922019166664;9.737978003865235;C2;True;True;;Mg;Si;neither octahedral: lower CN;"6;6;8;6;8;7;8;8;6;8;7;8;8;8;8;8;6;6;6;8;8;8;8;8;8;8;6;8;8;8;8;8";"4;4;4;4;6;6;4;4;4;4;4;6;6;4;4;4;4;4;4;6;6;4;4;4;4;4;4;6;6;4;4;4";2.243;1.707;4;6;0;0;0;6;6;5;6;non-perovskite (B not octahedral);2.0;4.0;False;0.8995969605095522;0.28571428571428575;VIII
mp-531689;TiNiO3;0.0159401091666655;10.401590211299167;P1;True;True;;Ni;Ti;both octahedral: higher valence;"6;6;6;6;6;6;6;6;6;6;6;6";"6;6;6;6;6;6;6;6;6;6;6;6";2.096;2.006;6;6;0;3;1;6;6;3;6;non-perovskite (face-sharing BO6);2.0;4.0;False;0.7370838766483213;0.43214285714285716;VI
mp-532143;MnSiO3;0.0840293600416686;10.435729573664236;I4_1/a;True;True;;Mn;Si;neither octahedral: lower CN;"8;8;8;8;8;8;6;6;6;6;8;8;8;8;8;8";"4;4;4;4;6;4;6;4;4;6;6;4;4;4;4;4";2.333;1.714;4;6;0;0;0;6;6;6;6;non-perovskite (B not octahedral);2.0;4.0;False;0.9270955575556956;0.28571428571428575;VIII
mp-540655;FeSO3;0.1051197240256396;12.832418788623444;R-3;False;True;;S;Fe;only octahedral cation;"3;3;3;3;3;3";"6;6;6;6;6;6";1.558;2.189;6;6;2;2;0;3;3;6;6;non-perovskite (edge-sharing BO6);4.0;2.0;False;0.5741188085780684;0.5571428571428572;VI
mp-540872;AgSbO3;0.0;13.585403397455266;Fd-3m;False;True;;Ag;Sb;both octahedral: higher valence;"6;6;6;6";"6;6;6;6";2.561;1.973;6;6;6;0;0;6;6;6;6;non-perovskite (corner-sharing, A outside cavity);1.0;5.0;False;0.9475230867899735;0.4285714285714286;VIII
mp-540926;BaCrO3;0.0837866146250023;13.215695680565547;P6_3/mmc;False;True;;Ba;Cr;only octahedral cation;"12;12;12;12;12;12";"6;6;6;6;6;6";2.883;1.972;6;6;3;0;1;12;12;7;7;non-perovskite (face-sharing BO6);2.0;4.0;False;1.0914827750623115;0.3928571428571429;XII
mp-541129;NdVO3;0.0;11.930366948071589;Pnma;False;True;;Nd;V;only octahedral cation;"8;8;8;8";"6;6;6;6";2.52;2.02;6;6;6;0;0;8;8;8;8;perovskite;3.0;3.0;False;0.9254779930235694;0.4571428571428572;XII
mp-541177;GdVO3;0.0;11.484215467096092;Pnma;False;True;;Gd;V;only octahedral cation;"8;8;8;8";"6;6;6;6";2.459;2.016;6;6;6;0;0;8;8;8;8;perovskite;3.0;3.0;False;0.8689787747228794;0.4571428571428572;IX
mp-541581;KSO3;0.0128701337938581;17.088291324420034;P321;False;True;;K;S;neither octahedral: lower CN;"8;8;8;6;6;6";"3;3;3;3;3;3";2.816;1.456;3;3;0;0;0;8;6;6;6;non-perovskite (B not octahedral);1.0;5.0;False;;;
mp-542112;CaZrO3;0.1918930845000073;14.398996431142413;Pm-3m;False;True;;Ca;Zr;only octahedral cation;12;6;2.942;2.08;6;6;6;0;0;12;12;8;8;perovskite;2.0;4.0;False;0.9139021605901604;0.5142857142857143;XII
mp-542289;HgNO3;0.0;15.296739436287728;P2_1;False;True;;N;Hg;neither octahedral: lower CN;"3;3;3;3;3;3;3;3";"1;1;1;1;1;1;1;1";1.264;2.237;1;1;0;0;0;3;3;2;2;non-perovskite (B not octahedral);5.0;1.0;False;0.4177117278824006;0.85;VI
mp-542479;DyMnO3;0.0;12.421633801154444;P6_3cm;False;True;;Dy;Mn;neither octahedral: lower CN;"7;7;7;7;7;7";"5;5;5;5;5;5";2.305;1.984;5;5;6;0;0;7;7;6;6;non-perovskite (B not octahedral);3.0;3.0;False;0.8585555685507076;0.46071428571428574;IX
mp-542897;BaIrO3;0.016256119291671;14.240544645552554;C2/m;False;True;;Ba;Ir;only octahedral cation;"12;12;12;12;11;11";"6;6;6;6;6;6";2.919;2.036;6;6;0;0;2;11;11;6;6;non-perovskite (face-sharing BO6);2.0;4.0;False;1.0510574870970408;0.44642857142857145;XII
mp-542903;ZrPbO3;0.0258459798125016;14.850724667250288;Pbam;False;True;;Pb;Zr;only octahedral cation;"4;4;4;4;4;4;4;4";"6;6;6;6;6;6;6;6";2.535;2.139;6;6;6;0;0;4;4;8;8;perovskite;2.0;4.0;False;0.9639333007684536;0.5142857142857143;XII
mp-543039;TePbO3;0.0;17.591202012353637;C2/c;False;True;;Pb;Te;neither octahedral: lower CN;"5;5;5;5;4;4;4;4;4;4;4;4";"3;3;3;3;3;3;3;3;3;3;3;3";2.496;1.886;3;3;0;0;0;4;4;5;5;non-perovskite (B not octahedral);2.0;4.0;False;0.862252572839292;0.6928571428571428;XII
mp-545348;MgVO3;0.262183254;14.472309292040592;Cmmm;False;True;;Mg;V;neither octahedral: shorter M-O;"5;5";"5;5";2.044;1.923;5;5;1;2;0;5;5;6;6;non-perovskite (B not octahedral);2.0;4.0;False;0.8178154186450474;0.41428571428571426;VIII
mp-545343;LiIO3;0.2505088614999993;11.401919138784969;P6_322;False;True;;Li;I;both octahedral: higher valence;"6;6";"6;6";2.103;2.126;6;6;6;0;0;6;6;3;9;non-perovskite (corner-sharing, A outside cavity);1.0;5.0;False;0.6980798861075703;0.6785714285714286;VIII
mp-545379;InBiO3;0.4960260630000013;14.531356178700538;Pm-3m;True;True;;Bi;In;only octahedral cation;0;6;;2.086;6;6;6;0;0;12;0;8;8;perovskite;3.0;3.0;False;0.8260292852951939;0.5714285714285715;VIII
mp-545522;CoBiO3;0.0;11.154981114009136;P4mm;False;True;;Bi;Co;only octahedral cation;8;6;2.509;1.874;6;6;6;0;0;8;8;8;8;perovskite;3.0;3.0;False;0.9041116555469787;0.4357142857142857;VIII
mp-545482;PdSeO3;0.0;15.468489951937247;P2_1/m;False;True;;Pd;Se;neither octahedral: lower CN;"4;4";"3;3";2.02;1.736;3;3;0;0;0;4;4;4;4;non-perovskite (B not octahedral);2.0;4.0;False;0.841084908148209;0.35714285714285715;VI
mp-545783;BaBiO3;0.0212110019999993;17.365451551400163;Pm-3m;False;False;Valences cannot be assigned!;Ba;Bi;only octahedral cation;12;6;3.131;2.214;6;6;6;0;0;12;12;8;8;perovskite;;;;;;
mp-545643;BaCO3;0.1044967950000081;14.978570995693737;P6_3/mmc;False;True;;C;Ba;only octahedral cation;"3;3";"6;6";1.306;2.771;6;6;6;0;0;3;3;3;3;non-perovskite (corner-sharing, A outside cavity);4.0;2.0;False;0.40112239223673235;0.9642857142857144;VI
mp-545712;LiUO3;0.2090344249999667;15.63952370749414;Pm-3m;True;True;;Li;U;only octahedral cation;0;6;;2.138;6;6;6;0;0;12;0;8;8;perovskite;1.0;5.0;False;0.7594850612744398;0.5428571428571429;VIII
mp-546027;CrBiO3;0.0147050410000026;11.864886501255922;R3c;True;True;;Bi;Cr;both octahedral: shorter M-O;"6;6";"6;6";2.395;1.992;6;6;6;0;0;6;6;8;8;perovskite;3.0;3.0;False;0.901868202307408;0.43928571428571433;VIII
mp-546079;MgCO3;0.3780616330000077;9.076659996550486;C222_1;True;True;;Mg;C;neither octahedral: lower CN;"8;8";"4;4";2.233;1.405;4;4;2;0;0;6;8;4;4;non-perovskite (B not octahedral);2.0;4.0;False;1.0379964928956371;0.1142857142857143;VIII
mp-546200;TlIO3;0.2439948539999994;15.34951639525956;Pm-3m;False;True;;Tl;I;only octahedral cation;0;6;;2.125;6;6;6;0;0;12;0;8;8;perovskite;1.0;5.0;False;0.9327791581609776;0.6785714285714286;XII
mp-545999;AgSbO3;0.0167631599999991;13.76369853909369;R-3;False;True;;Ag;Sb;both octahedral: higher valence;"6;6";"6;6";2.533;2.003;6;6;0;3;0;6;6;7;7;non-perovskite (edge-sharing BO6);1.0;5.0;False;0.9475230867899735;0.4285714285714286;VIII
mp-545825;NaIO3;1.0306532910000037;19.35097920321449;Cmmm;False;True;;Na;I;neither octahedral: lower CN;4;2;2.268;1.978;2;2;2;0;0;4;4;4;4;non-perovskite (B not octahedral);1.0;3.0;False;;;
mp-546684;PdSeO3;0.0046686839999994;15.168456217720996;C2/m;False;True;;Pd;Se;neither octahedral: lower CN;"4;4";"3;3";2.014;1.727;3;3;0;0;0;4;4;4;4;non-perovskite (B not octahedral);2.0;4.0;False;0.841084908148209;0.35714285714285715;VI
mp-546798;MnClO3;0.4844219888611114;20.46770351595788;Cmc2_1;False;True;;Mn;Cl;neither octahedral: lower CN;"3;3";"0;0";1.586;;0;0;0;0;0;3;3;1;1;non-perovskite (B not octahedral);7.0;-1.0;False;0.4097254246127658;1.292857142857143;VI
mp-546973;SrSnO3;0.0477347734999993;13.934611673250629;Pm-3m;False;True;;Sr;Sn;only octahedral cation;12;6;2.91;2.057;6;6;6;0;0;12;12;8;8;perovskite;2.0;4.0;False;0.9608532337654522;0.4928571428571428;XII
mp-546910;CaSnO3;1.4497704485000078;16.46181432721623;Pm-3m;False;False;Valences cannot be assigned!;Sn;Ca;only octahedral cation;0;6;;2.175;6;6;6;0;0;12;0;8;8;perovskite;;;;;;
mp-547069;FeBiO3;0.255312755000002;12.278943566765976;Pm-3m;False;True;;Bi;Fe;only octahedral cation;"12;12";"6;6";2.775;1.97;6;6;6;0;0;12;12;8;8;perovskite;3.0;3.0;False;0.88863786193126;0.46071428571428574;VIII
mp-548403;CaCO3;0.3098526120000082;10.47489959704011;C222_1;True;True;;Ca;C;neither octahedral: lower CN;"8;8";"4;4";2.433;1.421;4;4;2;0;0;8;8;4;4;non-perovskite (B not octahedral);2.0;4.0;False;1.2419696028532952;0.1142857142857143;XII
mp-548231;FeBiO3;0.0621230750000041;11.680742898715597;R3;True;True;;Bi;Fe;both octahedral: shorter M-O;"6;6";"6;6";2.391;1.978;6;6;6;0;0;6;6;8;8;perovskite;3.0;3.0;False;0.88863786193126;0.46071428571428574;VIII
mp-547864;CdCO3;3.2333036509999995;14.15111254332052;R-3m;False;True;;C;Cd;only octahedral cation;0;6;;2.072;6;6;6;0;0;12;0;8;8;perovskite;4.0;2.0;False;0.46939854410681453;0.6785714285714286;VI
mp-547792;KSbO3;0.0;15.364624010469557;R-3;False;True;;K;Sb;both octahedral: higher valence;"6;6";"6;6";2.73;2.008;6;6;0;3;0;6;6;7;7;non-perovskite (edge-sharing BO6);1.0;5.0;False;1.0748023074035522;0.4285714285714286;XII
mp-548658;RbPO3;0.0517805017499997;19.761800656873497;Cmcm;False;True;;P;Rb;only octahedral cation;"4;4";"6;6";1.55;3.033;6;6;0;6;0;4;4;7;7;non-perovskite (edge-sharing BO6);5.0;1.0;False;0.4310445446959091;1.0857142857142859;VI
mp-548824;BaTbO3;0.09317725975;17.492246409488708;R-3c;False;True;;Ba;Tb;only octahedral cation;"9;9";"6;6";3.002;2.266;6;6;6;0;0;9;9;8;8;perovskite;2.0;4.0;False;0.9853663941534758;0.5428571428571429;XII
mp-550008;ScBiO3;0.3570160458750004;13.54148686901054;Pm-3m;True;True;;Bi;Sc;only octahedral cation;12;6;2.882;2.038;6;6;6;0;0;12;12;8;8;perovskite;3.0;3.0;False;0.8472095233796861;0.5321428571428571;VIII
mp-550220;CoGeO3;0.0187632445000014;11.353555144840715;C2;True;True;;Ge;Co;only octahedral cation;"4;4;4;4";"6;6;6;6";1.793;2.124;6;6;0;5;0;4;4;7;7;non-perovskite (edge-sharing BO6);4.0;2.0;False;0.6362312763123713;0.5321428571428571;VI
mp-550506;KClO3;0.0619933578750018;17.82997188184398;R3m;False;True;;K;Cl;neither octahedral: lower CN;9;3;2.915;1.51;3;3;0;0;0;9;9;7;8;non-perovskite (B not octahedral);1.0;5.0;False;;;
mp-550908;SrHfO3;0.0112859500000013;13.600212319147214;P4/mbm;True;True;;Sr;Hf;only octahedral cation;"8;8";"6;6";2.749;2.067;6;6;6;0;0;12;8;8;8;perovskite;2.0;4.0;False;0.9517456201752582;0.5071428571428571;XII
mp-550807;MnInO3;0.0220858326874999;12.27676728343874;P6_3/mmc;False;True;;Mn;In;only octahedral cation;"5;5";"6;6";1.982;2.235;6;6;0;6;0;5;5;6;6;non-perovskite (edge-sharing BO6);3.0;3.0;False;0.6572878943302225;0.5714285714285715;VI
mp-550781;SrCoO3;0.0875105758548411;13.129851485669676;P2_1/m;False;True;;Sr;Co;only octahedral cation;"8;8;8;8";"6;6;6;6";2.721;1.892;6;6;0;6;0;8;8;3;4;non-perovskite (edge-sharing BO6);2.0;4.0;False;1.0405094603988574;0.3785714285714286;XII
mp-550950;LuCoO3;0.0372040118392851;10.08839365668971;Pnma;False;True;;Lu;Co;only octahedral cation;"8;8;8;8";"6;6;6;6";2.335;1.946;6;6;6;0;0;8;8;8;8;perovskite;3.0;3.0;False;0.8555640257938725;0.4357142857142857;IX
mp-551451;FeBiO3;0.4379271170000001;26.40108453576457;P1;True;True;;Bi;Fe;neither octahedral: shorter M-O;3;3;2.089;1.825;3;3;0;0;0;3;3;4;4;non-perovskite (B not octahedral);3.0;3.0;False;0.88863786193126;0.46071428571428574;VIII
mp-551830;SrTiO3;8.474800000080052e-05;11.97846037289217;I4/mcm;True;True;;Sr;Ti;only octahedral cation;"12;12";"6;6";2.734;1.957;6;6;6;0;0;12;12;8;8;perovskite;2.0;4.0;False;1.001587660134561;0.43214285714285716;XII
mp-551918;AlBiO3;0.0533350642499836;11.36752137295987;R3c;False;True;;Bi;Al;both octahedral: shorter M-O;"6;6";"6;6";2.417;1.947;6;6;6;0;0;6;6;8;8;perovskite;3.0;3.0;False;0.93915474297128;0.3821428571428572;VIII
mp-552185;AgNO3;0.0;12.510450403344892;R3c;False;True;;N;Ag;only octahedral cation;"3;3";"6;6";1.264;2.465;6;6;6;0;0;3;3;7;7;non-perovskite (corner-sharing, A outside cavity);5.0;1.0;False;0.42426406871192845;0.8214285714285714;VI
mp-552588;LiNbO3;0.0330080320000032;11.144215867790756;R-3c;False;True;;Li;Nb;only octahedral cation;"3;3";"6;6";2.0;2.015;6;6;6;0;0;3;3;8;8;perovskite;1.0;5.0;False;0.8041606531141127;0.4571428571428572;VIII
mp-552729;KIO3;0.0067701484999993;17.472538065826214;R3m;False;True;;K;I;neither octahedral: lower CN;9;3;2.954;1.819;3;3;0;0;0;12;9;8;8;non-perovskite (B not octahedral);1.0;5.0;False;0.9147253680030233;0.6785714285714286;XII
mp-552676;LaFeO3;0.1300084940000143;12.393284636546223;Pm-3m;False;True;;La;Fe;only octahedral cation;12;6;2.798;1.979;6;6;6;0;0;12;12;8;8;perovskite;3.0;3.0;False;0.9543348244864894;0.46071428571428574;XII
mp-553898;GePbO3;0.0131102436666754;16.0566311337286;P2/c;False;True;;Pb;Ge;neither octahedral: lower CN;"4;4;4;4;4;5;5;4;4;5;5;4";"4;4;4;4;4;4;4;4;4;4;4;4";2.446;1.755;4;4;2;0;0;4;4;5;5;non-perovskite (B not octahedral);2.0;4.0;False;1.0588282889270062;0.3785714285714286;XII
mp-553939;CaCO3;0.012689930000004;12.43969678235624;Pnma;False;True;;C;Ca;only octahedral cation;"3;3;3;3";"6;6;6;6";1.291;2.365;6;6;6;0;0;3;3;6;6;non-perovskite (corner-sharing, A outside cavity);4.0;2.0;False;0.4596194077712559;0.7142857142857143;VI
mp-554137;MgSiO3;0.108532085416666;11.034494675331104;P2_1/c;False;True;;Si;Mg;only octahedral cation;"4;4;4;4;4;4;4;4";"6;6;6;6;6;6;6;6";1.661;2.161;6;6;0;5;0;4;4;3;5;non-perovskite (edge-sharing BO6);4.0;2.0;False;0.6003736821395214;0.5142857142857143;VI
mp-554211;TmMnO3;0.0;12.006323296947096;P6_3cm;False;True;;Tm;Mn;neither octahedral: lower CN;"7;7;7;7;7;7";"5;5;5;5;5;5";2.27;1.97;5;5;6;0;0;7;7;6;6;non-perovskite (B not octahedral);3.0;3.0;False;0.8478365904495914;0.46071428571428574;IX
mp-554270;TmMnO3;0.0410788485000015;11.417860982310025;Pnma;False;True;;Tm;Mn;only octahedral cation;"8;8;8;8";"6;6;6;6";2.408;2.049;6;6;6;0;0;8;8;6;8;perovskite;3.0;3.0;False;0.8478365904495914;0.46071428571428574;IX
mp-554440;CuSeO3;0.0112704032499983;13.42894057411328;P2_1/c;False;True;;Cu;Se;neither octahedral: lower CN;"5;6;6;6;5;6;5;5";"3;3;3;3;3;3;3;3";2.086;1.719;3;3;0;0;0;4;5;4;5;non-perovskite (B not octahedral);2.0;4.0;False;0.792703917856498;0.35714285714285715;VI
mp-554518;EuCO3;0.0;12.77770957908092;Pnma;False;True;;Eu;C;neither octahedral: lower CN;"9;9;9;9";"3;3;3;3";2.639;1.294;3;3;0;0;0;9;9;6;6;non-perovskite (B not octahedral);2.0;4.0;False;1.246502338630132;0.1142857142857143;X
mp-554549;CaGeO3;0.0144064817083338;12.118135982399547;I4_1/a;False;True;;Ca;Ge;neither octahedral: lower CN;"8;8;6;6;8;8;8;8;8;6;8;8;8;8;8;6";"4;6;4;4;4;4;4;4;4;4;4;4;6;4;6;6";2.432;1.82;4;6;0;0;0;6;6;6;6;non-perovskite (B not octahedral);2.0;4.0;False;1.0038718033425598;0.3785714285714286;XII
mp-554624;CuGeO3;0.0724980298750033;12.885126619659994;Pnnm;True;True;;Cu;Ge;neither octahedral: shorter M-O;"4;4;4;4;4;4;4;4;4;4;4;4;4;4;4;4";"4;4;4;4;4;4;4;4;4;4;4;4;4;4;4;4";1.948;1.786;4;4;2;0;0;4;4;8;8;non-perovskite (B not octahedral);2.0;4.0;False;0.780382095299143;0.3785714285714286;VI
mp-554699;GePbO3;0.0;17.130556887462532;R-3;False;True;;Pb;Ge;neither octahedral: lower CN;"5;5;5;5;5;5";"4;4;4;4;4;4";2.456;1.762;4;4;2;0;0;5;5;5;5;non-perovskite (B not octahedral);2.0;4.0;False;1.0588282889270062;0.3785714285714286;XII
mp-554811;TbVO3;0.0;11.322951680816944;Pnma;False;True;;Tb;V;only octahedral cation;"8;8;8;8";"6;6;6;6";2.432;2.018;6;6;6;0;0;8;8;8;8;perovskite;3.0;3.0;False;0.8648193230688411;0.4571428571428572;IX
mp-554869;SrGeO3;0.0018847388333327;15.02072549248222;P-1;False;True;;Sr;Ge;neither octahedral: lower CN;"6;8;6;6;7;6;8;7;8;6;8;6";"4;4;4;4;4;4;4;4;4;4;4;4";2.605;1.765;4;4;2;0;0;6;6;5;5;non-perovskite (B not octahedral);2.0;4.0;False;1.0405094603988574;0.3785714285714286;XII
mp-554874;CuGeO3;0.1406222075000025;10.62945875817117;P2_1/c;False;True;;Ge;Cu;neither octahedral: lower CN;"5;5;5;5";"4;4;4;4";1.874;1.988;4;4;2;0;0;5;5;8;8;non-perovskite (B not octahedral);4.0;2.0;False;0.6407117782582331;0.5214285714285715;VI
mp-555021;TePbO3;0.0027182204999993;17.129491189523346;P4_1;False;True;;Te;Pb;only octahedral cation;"3;3;3;3";"6;6;6;6";1.88;2.546;6;6;2;2;0;3;3;8;8;non-perovskite (edge-sharing BO6);4.0;2.0;False;0.6470436569158755;0.85;VI
mp-555098;SrSeO3;6.525950000035863e-05;15.324564438974502;Pnma;False;True;;Sr;Se;neither octahedral: lower CN;"9;9;9;9";"3;3;3;3";2.729;1.707;3;3;0;0;0;9;9;7;7;non-perovskite (B not octahedral);2.0;4.0;False;1.0569385571419974;0.35714285714285715;XII
mp-555118;NaPO3;0.0088611341666666;13.143596989076736;Pnma;False;True;;Na;P;neither octahedral: lower CN;"5;5;5;5;5;5;5;5;5;5;5;5";"4;4;4;4;4;4;4;4;4;4;4;4";2.37;1.549;4;4;2;0;0;5;5;5;5;non-perovskite (B not octahedral);1.0;5.0;False;1.1083302918598135;0.27142857142857146;XII
mp-555174;BaTcO3;0.0;13.542807292648972;P6_3/mmc;False;False;Structure contains elements not in set of BV parameters: {Element Tc};Ba;Tc;only octahedral cation;"12;12;12;12;12;12";"6;6;6;6;6;6";2.891;2.019;6;6;3;0;1;12;12;7;7;non-perovskite (face-sharing BO6);;;;;;
mp-555313;ScBiO3;0.0337337538750013;14.120951067358414;Cc;False;True;;Bi;Sc;only octahedral cation;"4;4;5;5";"6;6;6;6";2.359;2.138;6;6;6;0;0;4;4;8;8;perovskite;3.0;3.0;False;0.8472095233796861;0.5321428571428571;VIII
mp-555351;FeBiO3;0.2553891930000009;12.278943566765976;Cmcm;True;True;;Bi;Fe;only octahedral cation;"12;12";"6;6";2.775;1.969;6;6;6;0;0;12;12;8;8;perovskite;3.0;3.0;False;0.88863786193126;0.46071428571428574;VIII
mp-555390;TcO3F;0.021290894375002;15.046514120401245;P2_1/c;False;False;Structure contains elements not in set of BV parameters: {Element Tc};Tc;F;neither octahedral: lower CN;"4;4;4;4";"0;0;0;0";1.88;;0;0;0;0;0;3;4;2;2;non-perovskite (B not octahedral);;;;;;
mp-555562;LiIO3;0.148073749249999;16.853241867026433;P4_2/n;False;True;;Li;I;neither octahedral: lower CN;"4;4;4;4;4;4;4;4";"3;3;3;3;3;3;3;3";2.142;1.829;3;3;0;0;0;4;4;2;2;non-perovskite (B not octahedral);1.0;5.0;False;0.6980798861075703;0.6785714285714286;VIII
mp-555665;NaVO3;0.0057554775000001;13.729499609237909;Pnma;False;True;;V;Na;only octahedral cation;"5;5;5;5";"6;6;6;6";1.828;2.421;6;6;4;2;0;5;5;6;6;non-perovskite (edge-sharing BO6);5.0;1.0;False;0.5668541964883893;0.7285714285714286;VI
mp-555735;CaIrO3;0.0244952190000073;11.434500367437774;Pnma;False;True;;Ca;Ir;only octahedral cation;"8;8;8;8";"6;6;6;6";2.45;2.02;6;6;6;0;0;8;8;8;8;perovskite;2.0;4.0;False;0.9567765829388347;0.44642857142857145;XII
mp-555731;SrGeO3;0.112676463333333;16.5778582753366;P-62m;False;True;;Sr;Ge;neither octahedral: lower CN;"8;8;8";"4;4;4";2.751;1.775;4;4;2;0;0;8;8;6;6;non-perovskite (B not octahedral);2.0;4.0;False;1.0405094603988574;0.3785714285714286;XII
mp-555726;NaClO3;0.0684522427499993;18.97511616157321;P2_13;False;True;;Cl;Na;only octahedral cation;"3;3;3;3";"6;6;6;6";1.512;2.478;6;6;6;0;0;3;3;3;4;non-perovskite (corner-sharing, A outside cavity);5.0;1.0;False;;;
mp-555769;ScBiO3;0.0344824253750006;14.110049774567576;C2/c;True;True;;Bi;Sc;only octahedral cation;"4;4;4;4";"6;6;6;6";2.307;2.134;6;6;6;0;0;4;4;8;8;perovskite;3.0;3.0;False;0.8472095233796861;0.5321428571428571;VIII
mp-556003;CaTiO3;0.0114118105000002;11.252875726749467;Imma;True;True;;Ca;Ti;only octahedral cation;"5;5";"6;6";2.419;1.954;6;6;6;0;0;7;5;8;8;perovskite;2.0;4.0;False;0.9663204890030626;0.43214285714285716;XII
mp-556021;BaTeO3;0.0093395496666666;18.88346873560136;Pnma;False;True;;Ba;Te;neither octahedral: lower CN;"8;9;8;9;8;9;10;10;10;8;9;10";"3;3;3;3;3;3;3;3;3;3;3;3";2.911;1.875;3;3;0;0;0;8;8;5;6;non-perovskite (B not octahedral);2.0;4.0;False;0.8980554478360793;0.6928571428571428;XII
mp-556084;KClO3;0.0509068493750017;18.510398730005456;Pnma;False;True;;K;Cl;neither octahedral: lower CN;"9;9;9;9";"3;3;3;3";2.98;1.507;3;3;0;0;0;9;9;7;7;non-perovskite (B not octahedral);1.0;5.0;False;;;
mp-556216;HIO3;0.0181228217499986;13.638297077934023;Pbca;False;True;;I;H;neither octahedral: lower CN;"3;3;3;3;3;3;3;3";"1;1;1;1;1;1;1;1";1.856;1.01;1;1;0;0;0;3;3;1;2;non-perovskite (B not octahedral);5.0;1.0;False;;;
mp-556235;CaCO3;0.0008676930000044;12.247939683840524;P2_1/c;False;True;;C;Ca;only octahedral cation;"3;3;3;3";"6;6;6;6";1.291;2.362;6;6;6;0;0;3;3;6;6;non-perovskite (corner-sharing, A outside cavity);4.0;2.0;False;0.4596194077712559;0.7142857142857143;VI
mp-556680;CdSO3;0.0962306727500008;15.614113987536394;P2_1/c;False;True;;S;Cd;only octahedral cation;"3;3;3;3;3;3;3;3";"6;6;6;6;6;6;6;6";1.559;2.356;6;6;4;1;0;3;3;5;5;non-perovskite (edge-sharing BO6);4.0;2.0;False;0.532586809659655;0.6785714285714286;VI
mp-556711;MnBiO3;0.0978672715999984;13.869550743982431;P2_1/c;True;True;;Bi;Mn;neither octahedral: shorter M-O;"5;5;5;5;5;5;5;5";"5;5;6;4;5;4;5;6";2.377;2.014;4;6;0;2;0;5;5;6;6;non-perovskite (B not octahedral);3.0;3.0;False;0.88863786193126;0.46071428571428574;VIII
mp-556857;VCdO3;0.0;13.497706760316632;Pnma;False;True;;V;Cd;only octahedral cation;"5;5;5;5";"6;6;6;6";1.884;2.339;6;6;4;2;0;5;5;6;6;non-perovskite (edge-sharing BO6);4.0;2.0;False;0.6379005855810558;0.6785714285714286;VIII
mp-556892;InBiO3;0.0289430770000009;14.553746635077824;Pna2_1;False;True;;Bi;In;both octahedral: shorter M-O;"6;6;6;6";"6;6;6;6";2.438;2.222;6;6;6;0;0;6;6;7;8;non-perovskite (corner-sharing, A outside cavity);3.0;3.0;False;0.8260292852951939;0.5714285714285715;VIII
mp-556932;TlPO3;0.0124475697499972;16.938950646991444;Pbcn;False;True;;P;Tl;neither octahedral: lower CN;"4;4;4;4;4;4;4;4;4;4;4;4;4;4;4;4;4;4;4;4;4;4;4;4";"2;0;2;3;2;0;3;2;2;0;3;2;3;3;0;3;0;0;0;3;3;2;2;0";1.568;2.758;0;3;0;0;0;4;4;6;6;non-perovskite (B not octahedral);5.0;1.0;False;0.4340172656938119;1.0714285714285714;VI
mp-556925;TiMnO3;0.0599898020000004;10.625076383403902;Pnma;False;True;;Mn;Ti;only octahedral cation;"8;8;8;8";"6;6;6;6";2.395;1.98;6;6;6;0;0;8;8;8;8;perovskite;2.0;4.0;False;0.8323052387033676;0.43214285714285716;VIII
mp-556940;MgSiO3;0.1092254746666663;11.19356977642612;Pbca;False;True;;Si;Mg;only octahedral cation;"4;4;4;4;4;4;4;4;4;4;4;4;4;4;4;4";"6;6;6;6;6;6;6;6;6;6;6;6;6;6;6;6";1.658;2.175;6;6;0;5;0;4;4;4;5;non-perovskite (edge-sharing BO6);4.0;2.0;False;0.6003736821395214;0.5142857142857143;VI
mp-556983;LaGaO3;0.0375847591428541;12.16841724938779;Imma;True;True;;La;Ga;only octahedral cation;"5;5";"6;6";2.49;2.005;6;6;6;0;0;7;5;8;8;perovskite;3.0;3.0;False;0.9661458990469658;0.4428571428571429;XII
mp-556982;CuSiO3;0.0681778586666688;16.039249746470265;R-3;False;True;;Cu;Si;neither octahedral: shorter M-O;"4;4;4;4;4;4";"4;4;4;4;4;4";1.945;1.645;4;4;2;0;0;4;4;4;4;non-perovskite (B not octahedral);2.0;4.0;False;0.8367430244040812;0.28571428571428575;VI
mp-557081;BaCrO3;0.0816520543392878;13.392002749174573;P6_3/mmc;False;True;;Ba;Cr;only octahedral cation;"12;12;12;12;12;12;12;12;12;12;12;12;12;12";"6;6;6;6;6;6;6;6;6;6;6;6;6;6";2.9;1.968;6;6;3;0;1;12;12;6;6;non-perovskite (face-sharing BO6);2.0;4.0;False;1.0914827750623115;0.3928571428571429;XII
mp-557189;LiPO3;0.0025110323333326;12.121365465148036;P2/c;False;True;;Li;P;neither octahedral: shorter M-O;"4;4;4;4;4;4;4;4;4;4;4;4;4;4;4;4;4;4;4;4";"4;4;4;4;4;4;4;4;4;4;4;4;4;4;4;4;4;4;4;4";1.989;1.561;4;4;2;0;0;4;4;4;4;non-perovskite (B not octahedral);1.0;5.0;False;0.9216223215465114;0.27142857142857146;VIII
mp-557224;HgSeO3;0.0007340859999995;15.97860739898572;P2_1/c;False;True;;Se;Hg;neither octahedral: lower CN;"3;3;3;3";"2;2;2;2";1.719;2.102;2;2;0;0;0;3;3;4;5;non-perovskite (B not octahedral);4.0;2.0;False;0.5551664810968762;0.7285714285714286;VI
mp-557203;SrZrO3;0.0547299592500003;14.800000488504612;P2_13;False;True;;Sr;Zr;only octahedral cation;"12;9;9;12;9;9;12;12";"6;6;6;6;6;6;6;6";2.917;2.105;6;6;6;0;0;12;9;8;8;perovskite;2.0;4.0;False;0.9472562540423559;0.5142857142857143;XII
mp-557535;BaMnO3;0.0012205596666667;13.27722111465038;P6_3/mmc;False;True;;Ba;Mn;only octahedral cation;"12;12;12;12;12;12;12;12";"6;6;6;6;6;6;6;6";2.911;1.913;6;6;0;0;2;12;12;6;6;non-perovskite (face-sharing BO6);2.0;4.0;False;1.1027934773945636;0.3785714285714286;XII
mp-557680;NbAgO3;0.091710926923076;13.691213819505972;Cmmm;True;True;;Ag;Nb;only octahedral cation;"4;4";"6;6";2.447;2.025;6;6;2;2;0;4;4;8;8;non-perovskite (edge-sharing BO6);1.0;5.0;False;0.9289442027352681;0.4571428571428572;VIII
mp-557704;TlNO3;0.0043672456666676;14.739330092763169;P3_1;False;True;;N;Tl;neither octahedral: lower CN;"3;3;3;3;3;3;3;3;3";"0;1;0;0;1;0;1;0;0";1.261;2.823;0;1;0;0;0;3;3;8;8;non-perovskite (B not octahedral);5.0;1.0;False;0.37305978455704053;1.0714285714285714;VI
mp-557803;MgSiO3;0.012639097166665;10.494013007687837;Pna2_1;True;True;;Si;Mg;only octahedral cation;"4;4;4;4;4;4;4;4";"6;6;6;6;6;6;6;6";1.634;2.125;6;6;0;5;0;4;4;4;5;non-perovskite (edge-sharing BO6);4.0;2.0;False;0.6003736821395214;0.5142857142857143;VI
mp-557787;TlSbO3;0.0;18.12034508624193;P-31c;True;True;;Tl;Sb;only octahedral cation;"3;3;3;3";"6;6;6;6";2.542;2.0;6;6;0;3;0;3;3;7;7;non-perovskite (edge-sharing BO6);1.0;5.0;False;1.0960155108391485;0.4285714285714286;XII
mp-557795;LaMnO3;0.4705252730238101;14.85705150205212;P2_1/c;False;True;;Mn;La;only octahedral cation;"6;4;6;4";"6;6;6;6";2.016;2.451;6;6;0;3;0;4;4;4;4;non-perovskite (edge-sharing BO6);3.0;3.0;False;0.5945860886210894;0.7371428571428572;VI
mp-557880;KPO3;0.003630717333328;16.76262808169101;P2_1/c;False;True;;K;P;neither octahedral: lower CN;"7;7;6;7;6;6;7;7;7;7;7;6";"4;4;4;4;4;4;4;4;4;4;4;4";2.876;1.57;4;4;2;0;0;6;6;4;5;non-perovskite (B not octahedral);1.0;5.0;False;1.2076430420264632;0.27142857142857146;XII
mp-557985;KPO3;0.0004289714999972;16.049562833766018;P2_1/c;False;True;;K;P;neither octahedral: lower CN;"7;8;7;7;8;8;7;8";"4;4;4;4;4;4;4;4";2.826;1.549;4;4;2;0;0;7;7;6;6;non-perovskite (B not octahedral);1.0;5.0;False;1.2076430420264632;0.27142857142857146;XII
mp-557997;CaSeO3;0.0;14.211567739336823;P2_1/c;False;True;;Ca;Se;neither octahedral: lower CN;"7;7;7;7";"3;3;3;3";2.454;1.709;3;3;0;0;0;7;7;7;7;non-perovskite (B not octahedral);2.0;4.0;False;1.0197224107637581;0.35714285714285715;XII
mp-558125;BaTiO3;0.0012968303333327;13.430647599369369;C222_1;False;True;;Ba;Ti;only octahedral cation;"12;12;12;12;12;12";"6;6;6;6;6;6";2.882;1.993;6;6;3;0;1;12;12;7;7;non-perovskite (face-sharing BO6);2.0;4.0;False;1.0615418510581087;0.43214285714285716;XII
mp-558192;NaPO3;0.0079001104999996;12.635774675259151;P2_1/c;False;True;;P;Na;only octahedral cation;"4;4;4;4;4;4;4;4";"6;6;6;6;6;6;6;6";1.545;2.416;6;6;2;3;0;4;4;6;6;non-perovskite (edge-sharing BO6);5.0;1.0;False;0.5201033349223365;0.7285714285714286;VI
mp-558285;GaBiO3;0.0020056449999996;13.904318828475883;Pcca;False;True;;Ga;Bi;only octahedral cation;"4;4;4;4";"6;6;6;6";1.864;2.387;6;6;2;2;0;4;4;8;8;non-perovskite (edge-sharing BO6);3.0;3.0;False;0.587800698764126;0.7357142857142858;VI
mp-558400;TmFeO3;0.0097487565833329;12.111697438729331;P6_3cm;False;True;;Tm;Fe;neither octahedral: lower CN;"7;7;7;7;7;7";"5;5;5;5;5;5";2.272;1.984;5;5;6;0;0;7;7;6;6;non-perovskite (B not octahedral);3.0;3.0;False;0.8478365904495914;0.46071428571428574;IX
mp-558546;KSO3;0.0108015984605236;17.721939356414;P321;False;True;;K;S;neither octahedral: lower CN;"8;6;6;8;6;8";"3;3;3;3;3;3";2.806;1.456;3;3;0;0;0;6;6;6;6;non-perovskite (B not octahedral);1.0;5.0;False;;;
mp-558637;AgTeO3;0.0204743497500006;14.37065428379251;P2_1/c;False;False;Valences cannot be assigned!;Ag;Te;neither octahedral: lower CN;"7;5;7;5;7;5;5;7";"6;5;5;6;5;5;6;6";2.565;2.07;5;6;3;1;0;6;5;6;8;non-perovskite (B not octahedral);;;;;;
mp-558696;CuTeO3;0.035414252999999;14.74891128075162;P2_1/c;False;True;;Cu;Te;neither octahedral: lower CN;"5;5;5;5";"4;4;4;4";2.083;2.038;4;4;2;0;0;4;5;7;7;non-perovskite (B not octahedral);2.0;4.0;False;0.635501031192973;0.6928571428571428;VI
mp-558843;KIO3;0.1982431679999985;14.820383766309517;Pm-3m;False;True;;K;I;only octahedral cation;12;6;2.97;2.1;6;6;6;0;0;12;12;8;8;perovskite;1.0;5.0;False;0.9147253680030233;0.6785714285714286;XII
mp-558920;NaNbO3;0.0018151994999993;12.063244882481214;Pca2_1;False;True;;Na;Nb;only octahedral cation;"8;8;6;6;6;8;8;6";"6;6;6;6;6;6;6;6";2.53;2.016;6;6;6;0;0;6;6;8;8;perovskite;1.0;5.0;False;0.9670725095639545;0.4571428571428572;XII
mp-558950;AgAsO3;0.02576531425;14.405829290256117;Pca2_1;False;True;;As;Ag;neither octahedral: lower CN;"6;6;4;6;4;4;6;4;6;6;4;4;4;4;6;6;4;4;4;4;4;4;4;4";"4;4;4;4;4;4;4;4;5;4;4;4;4;4;4;5;4;5;5;4;4;4;4;4";1.794;2.477;4;5;3;1;0;4;4;4;4;non-perovskite (B not octahedral);5.0;1.0;False;0.5157720051007758;0.8214285714285714;VI
mp-559051;BaBiO3;0.0;16.733302336037138;P2_1/c;False;False;Valences cannot be assigned!;Ba;Bi;only octahedral cation;"9;9;9;9";"6;6;6;6";2.956;2.217;6;6;6;0;0;9;9;8;8;perovskite;;;;;;
mp-559203;CdSeO3;0.0055260247500017;15.81213868888504;P2_1/c;False;True;;Se;Cd;only octahedral cation;"3;3;3;3;3;3;3;3";"6;6;6;6;6;6;6;6";1.711;2.321;6;6;4;1;0;3;3;5;5;non-perovskite (edge-sharing BO6);4.0;2.0;False;0.5717033550018895;0.6785714285714286;VI
mp-559252;NaIO3;0.1332870520000035;17.76257054014553;Pna2_1;False;True;;I;Na;only octahedral cation;"3;3;3;3";"6;6;6;6";1.83;2.588;6;6;6;0;0;3;3;5;8;non-perovskite (corner-sharing, A outside cavity);5.0;1.0;False;0.6866532792513993;0.7285714285714286;VI
mp-559257;AgTeO3;0.0;15.000909700238278;P2_1/c;False;False;Valences cannot be assigned!;Te;Ag;neither octahedral: lower CN;"6;5;5;6;5;6;6;5";"3;3;4;3;4;4;3;4";2.009;2.376;3;4;2;0;0;5;5;4;4;non-perovskite (B not octahedral);;;;;;
mp-559354;NaNbO3;0.0391677254999986;13.027669909808951;Cmcm;True;True;;Na;Nb;only octahedral cation;"11;11;12;12";"6;6;6;6";2.734;1.939;6;6;6;0;0;11;11;8;8;perovskite;1.0;5.0;False;0.9670725095639545;0.4571428571428572;XII
mp-559736;VAgO3;0.0;12.44640425854024;Cm;False;True;;Ag;V;only octahedral cation;"4;6;5;5";"6;6;6;6";2.372;1.951;6;6;2;5;0;4;4;5;5;non-perovskite (edge-sharing BO6);1.0;5.0;False;0.9768279245257458;0.3857142857142858;VIII
mp-559756;PrScO3;0.0;13.178137627839268;Pnma;False;True;;Pr;Sc;only octahedral cation;"8;8;8;8";"6;6;6;6";2.586;2.11;6;6;6;0;0;8;8;8;8;perovskite;3.0;3.0;False;0.8501764049790702;0.5321428571428571;IX
mp-559767;LiAsO3;0.0357749169999994;11.458000403851754;C2/c;False;True;;Li;As;neither octahedral: lower CN;"4;6;4;6";"4;4;4;4";2.054;1.709;4;4;2;0;0;4;4;4;4;non-perovskite (B not octahedral);1.0;5.0;False;0.8819826518025754;0.3285714285714286;VIII
mp-559851;CrBiO3;0.0112026899999992;11.5971334443852;Pnma;False;True;;Bi;Cr;only octahedral cation;"8;8;8;8";"6;6;6;6";2.509;1.997;6;6;6;0;0;8;8;8;8;perovskite;3.0;3.0;False;0.901868202307408;0.43928571428571433;VIII
mp-559975;SrMnO3;0.0;12.34101414074932;C222_1;False;True;;Sr;Mn;only octahedral cation;"12;12;12;12";"6;6;6;6";2.783;1.935;6;6;3;0;1;12;12;6;6;non-perovskite (face-sharing BO6);2.0;4.0;False;1.0405094603988574;0.3785714285714286;XII
mp-560049;CuSeO3;0.0023679219999976;13.309528122955044;P-1;False;True;;Cu;Se;neither octahedral: lower CN;"5;5;4;5;4;5";"3;3;3;3;3;3";1.999;1.724;3;3;0;0;0;4;4;4;4;non-perovskite (B not octahedral);2.0;4.0;False;0.792703917856498;0.35714285714285715;VI
mp-560097;CaTeO3;0.0132290429333332;17.82021607637562;P2_1/c;False;True;;Ca;Te;neither octahedral: lower CN;"7;7;8;7;6;8;6;6;7;8;8;6";"3;3;3;3;3;3;3;3;3;3;3;3";2.482;1.893;3;3;0;0;0;6;6;5;5;non-perovskite (B not octahedral);2.0;4.0;False;0.8174989790933082;0.6928571428571428;XII
mp-560199;MnSiO3;0.0088823813666678;11.574645746396408;P-1;False;True;;Mn;Si;neither octahedral: lower CN;"6;4;6;4;5;5;6;6;6;6";"4;4;4;4;4;4;4;4;4;4";2.194;1.629;4;4;2;0;0;4;4;4;5;non-perovskite (B not octahedral);2.0;4.0;False;0.9270955575556956;0.28571428571428575;VIII
mp-560265;CaCO3;0.0080683150000089;13.051011058039611;P6_522;True;True;;C;Ca;only octahedral cation;"3;3;3;3;3;3;3;3;3;3;3;3;3;3;3;3;3;3";"6;6;6;6;6;6;6;6;6;6;6;6;6;6;6;6;6;6";1.299;2.394;6;6;4;1;0;3;3;6;6;non-perovskite (edge-sharing BO6);4.0;2.0;False;0.4596194077712559;0.7142857142857143;VI
mp-560522;MnSO3;0.0726068752380957;13.45579565112933;R-3;False;True;;S;Mn;only octahedral cation;"3;3;3;3;3;3";"6;6;6;6;6;6";1.558;2.237;6;6;2;2;0;3;3;6;6;non-perovskite (edge-sharing BO6);4.0;2.0;False;0.5612461895516543;0.5928571428571429;VI
mp-560560;CdSiO3;0.0;12.7821998749954;P2_1/c;False;True;;Si;Cd;only octahedral cation;"4;4;4;4;4;4;4;4;4;4;4;4";"6;6;6;6;6;6;6;6;6;6;6;6";1.627;2.343;6;6;0;6;0;4;4;5;6;non-perovskite (edge-sharing BO6);4.0;2.0;False;0.5416137047386321;0.6785714285714286;VI
mp-560656;CaTeO3;0.0027762730000011;16.865820265021075;P4_3;False;True;;Ca;Te;neither octahedral: lower CN;"6;7;7;6;7;7;7;7;7;7;7;6;7;7;7;7;6;7;7;7";"3;3;3;3;3;3;3;3;3;3;3;3;3;3;3;3;3;3;3;3";2.461;1.903;3;3;0;0;0;6;6;5;5;non-perovskite (B not octahedral);2.0;4.0;False;0.8174989790933082;0.6928571428571428;XII
mp-560885;CaSiO3;0.2412429093333346;9.40404796050043;Pnma;True;True;;Ca;Si;only octahedral cation;"12;12;12;12";"6;6;6;6";2.519;1.812;6;6;6;0;0;12;12;8;8;perovskite;2.0;4.0;False;1.0763736558061892;0.28571428571428575;XII
mp-561086;CaSiO3;0.0202307111666675;13.655262286934931;C2/c;False;True;;Ca;Si;neither octahedral: lower CN;"8;8;8;8;8;8;8;8;8;8;8;8";"4;4;4;4;4;4;4;4;4;4;4;4";2.549;1.644;4;4;2;0;0;8;8;6;6;non-perovskite (B not octahedral);2.0;4.0;False;1.0763736558061892;0.28571428571428575;XII
mp-561102;InBiO3;0.0399234685000013;14.197589575804386;Pnma;False;True;;Bi;In;only octahedral cation;"4;4;4;4";"6;6;6;6";2.353;2.215;6;6;6;0;0;4;4;8;8;perovskite;3.0;3.0;False;0.8260292852951939;0.5714285714285715;VIII
mp-561216;CuGeO3;0.0687428415000033;12.820914102491452;Cmce;True;True;;Cu;Ge;neither octahedral: shorter M-O;"4;4;4;4;4;4;4;4";"4;4;4;4;4;4;4;4";1.942;1.781;4;4;2;0;0;4;4;8;8;non-perovskite (B not octahedral);2.0;4.0;False;0.780382095299143;0.3785714285714286;VI
mp-561374;CaTeO3;0.0135468944888907;17.683867555241736;P1;False;True;;Ca;Te;neither octahedral: lower CN;"7;7;7;8;6;7;6;7;7;8;7;8;7;6;7;7;6;8";"3;3;4;3;3;3;4;3;3;3;3;3;3;3;3;3;3;3";2.482;1.918;3;4;0;0;0;6;6;5;5;non-perovskite (B not octahedral);2.0;4.0;False;0.8174989790933082;0.6928571428571428;XII
mp-561385;SrTeO3;0.0023719034999993;17.978479733608445;C2;False;True;;Sr;Te;neither octahedral: lower CN;"8;7;8;6;8;7;7;8;9;8;7;9";"3;3;3;3;3;3;3;3;3;3;3;3";2.658;1.868;3;3;0;0;0;6;6;5;5;non-perovskite (B not octahedral);2.0;4.0;False;0.8473347082572974;0.6928571428571428;XII
mp-561412;CaCO3;0.0071974193333419;12.775195200047795;C2;False;True;;C;Ca;only octahedral cation;"3;3;3";"6;6;6";1.3;2.39;6;6;6;0;0;3;3;6;6;non-perovskite (corner-sharing, A outside cavity);4.0;2.0;False;0.4596194077712559;0.7142857142857143;VI
mp-561465;TlSbO3;0.1347673254999986;20.533567820135342;P6_322;False;True;;Tl;Sb;only octahedral cation;"3;3;3;3";"6;6;6;6";2.589;2.032;6;6;0;3;0;3;3;1;1;non-perovskite (edge-sharing BO6);1.0;5.0;False;1.0960155108391485;0.4285714285714286;XII
mp-561489;AgTeO3;0.0201241584999998;13.709001675660565;P2_1/m;False;False;Valences cannot be assigned!;Te;Ag;neither octahedral: lower CN;"5;5;6;6";"6;6;3;3";2.027;2.465;3;6;4;0;0;3;5;6;6;non-perovskite (B not octahedral);;;;;;
mp-561547;SrSiO3;0.0360274455000002;14.135742258945688;P2_1/c;False;True;;Sr;Si;neither octahedral: lower CN;"8;8;8;8;8;8;8;8";"4;4;4;4;4;4;4;4";2.711;1.652;4;4;2;0;0;6;8;6;7;non-perovskite (B not octahedral);2.0;4.0;False;1.1156573658721083;0.28571428571428575;XII
mp-561598;BaPbO3;1.0951720600000003;20.37131843028181;Pm-3m;False;False;Valences cannot be assigned!;Pb;Ba;only octahedral cation;0;6;;2.335;6;6;6;0;0;12;0;8;8;perovskite;;;;;;
mp-561681;CsSO3;0.0;20.143535986061508;P6_3mc;False;True;;Cs;S;neither octahedral: lower CN;"9;9;9;9";"3;3;3;3";3.232;1.457;3;3;0;0;0;9;9;6;7;non-perovskite (B not octahedral);1.0;5.0;False;;;
mp-561851;CsNO3;0.0;17.389508359868945;P3_1;False;True;;Cs;N;neither octahedral: lower CN;"11;12;11;12;12;12;12;12;11";"3;3;3;3;3;3;3;3;3";3.278;1.261;3;3;0;0;0;12;11;8;8;non-perovskite (B not octahedral);1.0;5.0;False;1.515889047249592;0.09285714285714286;XII
mp-561922;LaCoO3;0.0114115004999995;11.32063665593236;P-1;True;True;;La;Co;only octahedral cation;"12;12";"6;6";2.529;1.946;6;6;6;0;0;10;12;8;8;perovskite;3.0;3.0;False;0.970952595062125;0.4357142857142857;XII
mp-561949;GdBO3;0.143536840333331;15.74376367105558;P6_3/mmc;False;True;;B;Gd;only octahedral cation;"3;3";"6;6";1.387;2.327;6;6;0;0;2;3;3;6;6;non-perovskite (face-sharing BO6);3.0;3.0;False;0.5050762722761053;0.67;VI
mp-561954;TmCoO3;0.0226815634642871;10.791326622589777;Pnma;False;True;;Tm;Co;only octahedral cation;"8;8;8;8";"6;6;6;6";2.375;1.995;6;6;6;0;0;8;8;6;8;perovskite;3.0;3.0;False;0.8625999141638878;0.4357142857142857;IX
mp-562182;ZnSiO3;0.0502356011666691;11.738065495811016;C2/c;False;True;;Zn;Si;neither octahedral: lower CN;"6;4;4;6";"4;4;4;4";2.118;1.645;4;4;2;0;0;4;4;6;6;non-perovskite (B not octahedral);2.0;4.0;False;0.903525331516144;0.28571428571428575;VIII
mp-562466;SrCoO3;0.0733744983548412;12.989871342534276;P-1;True;True;;Sr;Co;only octahedral cation;"8;8;8;8";"6;6;6;6";2.695;1.894;6;6;0;6;0;8;8;3;4;non-perovskite (edge-sharing BO6);2.0;4.0;False;1.0405094603988574;0.3785714285714286;XII
mp-562826;CoSeO3;0.0;14.349946012595256;C2/c;False;True;;Se;Co;only octahedral cation;"3;3;3;3;3;3;3;3;3;3;3;3;3;3;3;3";"6;6;6;6;6;6;6;6;6;6;6;6;6;6;6;6";1.745;2.144;6;6;3;2;0;3;3;4;5;non-perovskite (edge-sharing BO6);4.0;2.0;False;0.626341670981091;0.5321428571428571;VI
mp-562779;ErCoO3;0.0;10.072554719694448;Pnma;False;True;;Er;Co;only octahedral cation;"8;8;8;8";"6;6;6;6";2.349;1.932;6;6;6;0;0;8;8;8;8;perovskite;3.0;3.0;False;0.8661178583488955;0.4357142857142857;IX
mp-562987;VCuO3;0.1065993160000022;16.00853976180015;P1;True;True;;Cu;V;neither octahedral: shorter M-O;4;4;1.986;1.781;4;4;2;0;0;4;4;5;5;non-perovskite (B not octahedral);2.0;4.0;False;0.7606754767309829;0.41428571428571426;VI
mp-566602;LaMnO3;0.4200659285238082;16.605729784005014;P2_1/c;True;True;;Mn;La;only octahedral cation;"6;4;6;4";"6;6;6;6";2.056;2.471;6;6;0;3;0;4;4;4;6;non-perovskite (edge-sharing BO6);3.0;3.0;False;0.5945860886210894;0.7371428571428572;VI
mp-572987;NiSeO3;0.0659637803750001;13.665109427363442;C2/c;False;True;;Se;Ni;only octahedral cation;"3;3;3;3;3;3;3;3;3;3;3;3;3;3;3;3";"6;6;6;6;6;6;6;6;6;6;6;6;6;6;6;6";1.744;2.109;6;6;3;2;0;3;3;4;5;non-perovskite (edge-sharing BO6);4.0;2.0;False;0.6428243465332251;0.4928571428571428;VI
mp-573051;ReO3F;0.0;14.468048128358015;P2/c;False;True;;Re;F;neither octahedral: lower CN;"4;4;4;4;4;4";"0;0;0;0;0;0";1.799;;0;0;0;0;0;4;4;2;2;non-perovskite (B not octahedral);7.0;-1.0;False;0.49989600281686325;0.9500000000000001;VI
mp-573119;BiRhO3;0.0619841773750007;12.582425901689692;Pnma;False;True;;Bi;Rh;only octahedral cation;"8;8;8;8";"6;6;6;6";2.514;2.104;6;6;6;0;0;8;8;8;8;perovskite;3.0;3.0;False;0.880031199830231;0.47500000000000003;VIII
mp-573180;LaCoO3;0.0765487460000002;11.120748249403082;Pm-3m;False;True;;La;Co;only octahedral cation;12;6;2.699;1.908;6;6;6;0;0;12;12;8;8;perovskite;3.0;3.0;False;0.970952595062125;0.4357142857142857;XII
mp-600576;GdFeO3;0.0040783190000013;11.610556436783948;Pnma;False;True;;Gd;Fe;only octahedral cation;"8;8;8;8";"6;6;6;6";2.466;2.027;6;6;6;0;0;8;8;8;8;perovskite;3.0;3.0;False;0.8668541322418946;0.46071428571428574;IX
mp-601267;NdFeO3;0.6436985989999995;14.08258380276597;Pnma;False;True;;Nd;Fe;neither octahedral: lower CN;"5;5;5;5";"4;4;4;4";2.367;1.867;4;4;4;0;0;5;5;2;2;non-perovskite (B not octahedral);3.0;3.0;False;0.9232152106445387;0.46071428571428574;XII
mp-603907;MgSiO3;0.1912892106666675;9.722008851192813;C2/c;False;True;;Mg;Si;both octahedral: higher valence;"6;6;6;6";"6;6;6;6";2.118;1.823;6;6;0;3;0;4;6;4;6;non-perovskite (edge-sharing BO6);2.0;4.0;False;0.8995969605095522;0.28571428571428575;VIII
mp-603930;MgSiO3;0.0094108461666664;10.755842896989746;C2/c;False;True;;Si;Mg;only octahedral cation;"4;4;4;4";"6;6;6;6";1.631;2.108;6;6;0;5;0;4;4;5;6;non-perovskite (edge-sharing BO6);4.0;2.0;False;0.6003736821395214;0.5142857142857143;VI
mp-605340;LaFeO3;0.2918928855000136;16.66955357423796;Pmn2_1;True;True;;Fe;La;only octahedral cation;"3;3;3;3";"6;6;6;6";1.848;2.437;6;6;6;0;0;3;3;8;8;perovskite;3.0;3.0;False;0.6338374930043887;0.7371428571428572;VIII
mp-607467;CaMoO3;0.0;12.576979508825572;P2_1/c;True;True;;Ca;Mo;only octahedral cation;"8;8;8;8";"6;6;6;6";2.547;2.077;6;6;6;0;0;8;8;8;8;perovskite;2.0;4.0;False;0.9451085758298245;0.46428571428571436;XII
mp-608595;NaBrO3;0.4984734565000002;21.57271578049073;P2_1;True;True;;Br;Na;only octahedral cation;"1;1;1;1";"6;6;6;6";1.791;2.508;6;6;6;0;0;1;1;5;6;non-perovskite (corner-sharing, A outside cavity);3.0;1.0;False;;;
mp-611033;SrRuO3;0.5097280285000023;17.677074673160654;Pnma;True;True;;Sr;Ru;neither octahedral: shorter M-O;"4;4;4;4";"4;4;4;4";2.574;1.838;4;4;4;0;0;4;4;2;2;non-perovskite (B not octahedral);2.0;4.0;False;0.9941501280048488;0.4428571428571429;XII
mp-613384;CsIO3;1.9664208050000076;19.34471286908421;Pm-3m;False;False;Valences cannot be assigned!;I;Cs;only octahedral cation;0;6;;2.295;6;6;6;0;0;12;0;8;8;perovskite;;;;;;
mp-613402;SrZrO3;2.5172406795000004;17.099300657912732;Pm-3m;False;False;Valences cannot be assigned!;Zr;Sr;only octahedral cation;12;6;3.115;2.203;6;6;6;0;0;12;12;8;8;perovskite;;;;;;
mp-614951;RbNO3;0.0394457331111119;19.342292802880745;P3_2;False;True;;Rb;N;neither octahedral: lower CN;"6;6;5;6;8;8;8;5;5";"3;3;3;3;3;3;3;3;3";3.008;1.27;3;3;0;0;0;5;5;6;6;non-perovskite (B not octahedral);1.0;5.0;False;1.4419432400666852;0.09285714285714286;XII
mp-616587;RbPO3;0.0024709204999995;17.76891044860351;P2_1/c;False;True;;Rb;P;neither octahedral: lower CN;"7;8;8;7;8;7;8;7";"4;4;4;4;4;4;4;4";2.973;1.549;4;4;2;0;0;7;7;6;7;non-perovskite (B not octahedral);1.0;5.0;False;1.2394231220797913;0.27142857142857146;XII
mp-619034;ZnSiO3;0.0553241132916699;11.473201291044424;Pbca;False;True;;Zn;Si;neither octahedral: lower CN;"6;4;6;4;6;6;4;4;4;4;6;6;6;4;4;6";"4;4;4;4;4;4;4;4;4;4;4;4;4;4;4;4";2.107;1.646;4;4;2;0;0;4;4;5;6;non-perovskite (B not octahedral);2.0;4.0;False;0.903525331516144;0.28571428571428575;VIII
mp-624691;VAgO3;0.0155594444999991;13.906689329161743;C2/c;False;True;;V;Ag;only octahedral cation;"4;4;4;4";"6;6;6;6";1.738;2.44;6;6;0;5;0;4;4;7;7;non-perovskite (edge-sharing BO6);5.0;1.0;False;0.5379557472556479;0.8214285714285714;VI
mp-625246;VHO3;0.0485497774166683;11.955113616948314;P2_1;True;True;;V;H;neither octahedral: lower CN;"5;5;5;5;5;5";"2;2;1;1;1;1";1.853;1.114;1;2;2;0;0;5;5;1;1;non-perovskite (B not octahedral);5.0;1.0;False;;;
mp-625292;VHO3;0.0248662394166681;11.173869996495492;P2_1;True;True;;V;H;neither octahedral: lower CN;"5;5;5;5;6;6";"1;2;2;1;2;2";1.89;1.228;1;2;2;0;0;5;5;1;2;non-perovskite (B not octahedral);5.0;1.0;False;;;
mp-625258;VHO3;0.0491976787500014;11.563112204975225;P2_1;True;True;;V;H;neither octahedral: lower CN;"5;5;5;5;6;6";"2;2;1;1;1;1";1.89;1.114;1;2;2;0;0;5;5;1;2;non-perovskite (B not octahedral);5.0;1.0;False;;;
mp-625407;VHO3;0.0487514067500018;12.097200955548557;P1;True;True;;V;H;neither octahedral: lower CN;"5;5;5;5;6;5";"2;2;2;1;1;1";1.873;1.18;1;2;2;0;0;5;5;1;1;non-perovskite (B not octahedral);5.0;1.0;False;;;
mp-625630;TeHO3;0.0261626379999997;12.063990277400572;Pna2_1;False;False;Valences cannot be assigned!;Te;H;neither octahedral: lower CN;"6;6;6;6;4;4;4;4";"1;1;1;1;1;1;1;1";1.996;0.981;1;1;0;0;0;4;4;2;2;non-perovskite (B not octahedral);;;;;;
mp-625657;TeHO3;0.0268554830000002;12.244223155632731;Pc;True;False;Valences cannot be assigned!;Te;H;neither octahedral: lower CN;"6;6;6;6;5;3;3;5";"1;1;1;1;1;1;1;1";2.002;0.996;1;1;0;0;0;3;3;1;1;non-perovskite (B not octahedral);;;;;;
mp-625654;TeHO3;0.0321903629999997;12.282190106121048;Pna2_1;True;False;Valences cannot be assigned!;Te;H;neither octahedral: lower CN;"6;6;6;6;4;4;4;4";"1;1;1;1;1;1;1;1";1.993;0.984;1;1;0;0;0;4;4;1;2;non-perovskite (B not octahedral);;;;;;
mp-625856;TeHO3;0.0429255957499998;12.019472513603144;Pc;True;False;Valences cannot be assigned!;Te;H;neither octahedral: lower CN;"6;6;6;6;4;4;4;4";"1;1;1;1;1;1;1;1";1.996;0.988;1;1;0;0;0;4;4;1;2;non-perovskite (B not octahedral);;;;;;
mp-625913;TeHO3;0.0333082872500005;12.123973214176733;Pc;True;False;Valences cannot be assigned!;Te;H;neither octahedral: lower CN;"6;6;6;6;5;5;5;5";"1;1;1;1;1;1;1;1";2.055;0.989;1;1;0;0;0;3;5;1;1;non-perovskite (B not octahedral);;;;;;
mp-626182;SbHO3;0.0279537947499868;14.565090302847103;I4_1/amd;True;True;;H;Sb;only octahedral cation;"1;1;1;1";"6;6;6;6";0.976;2.005;6;6;6;0;0;1;1;2;2;non-perovskite (corner-sharing, A outside cavity);1.0;5.0;False;;;
mp-626218;SbHO3;0.0157999897499871;13.978341059356936;Fdd2;True;True;;H;Sb;only octahedral cation;"1;1;1;1";"6;6;6;6";0.975;1.98;6;6;6;0;0;1;1;2;2;non-perovskite (corner-sharing, A outside cavity);1.0;5.0;False;;;
mp-626536;NbHO3;0.0787341620357153;11.97379785830366;P1;True;True;;H;Nb;only octahedral cation;"1;1;1;1";"6;6;6;6";0.976;2.04;6;6;6;0;0;1;1;2;2;non-perovskite (corner-sharing, A outside cavity);1.0;5.0;False;;;
mp-626528;NbHO3;0.0450807430357169;12.013819588121368;P1;True;True;;H;Nb;only octahedral cation;"1;1;1;1";"6;6;6;6";0.987;2.039;6;6;6;0;0;1;1;2;2;non-perovskite (corner-sharing, A outside cavity);1.0;5.0;False;;;
mp-627119;VHO3;0.0692296627500015;13.041444731220238;P1;True;True;;V;H;neither octahedral: lower CN;"5;5;5;5";"1;1;1;1";1.864;0.974;1;1;1;0;0;4;5;6;7;non-perovskite (B not octahedral);5.0;1.0;False;;;
mp-627209;VHO3;0.1428205567500011;12.687708012033134;Cm;True;True;;V;H;neither octahedral: lower CN;"6;6;5;6";"1;1;2;1";1.952;1.11;1;2;0;0;0;4;5;1;1;non-perovskite (B not octahedral);5.0;1.0;False;;;
mp-627684;VHO3;0.2975707787500017;14.13312945561934;P1;True;True;;V;H;neither octahedral: lower CN;"5;5;5;5";"1;1;1;1";1.898;0.989;1;1;0;0;0;2;5;1;1;non-perovskite (B not octahedral);4.75;1.0;True;;;
mp-630329;PbSeO3;0.0;15.964271843548314;P2_1/c;False;True;;Pb;Se;neither octahedral: lower CN;"7;5;5;5;7;7;5;7";"3;3;3;3;3;3;3;3";2.631;1.713;3;3;0;0;0;6;5;7;7;non-perovskite (B not octahedral);2.0;4.0;False;1.075546630331117;0.35714285714285715;XII
mp-630949;NaClO3;0.572840350249999;17.929844208540494;P2_1/c;False;True;;Cl;Na;only octahedral cation;"1;1;1;1";"6;6;6;6";1.635;2.531;6;6;6;0;0;1;1;4;4;non-perovskite (corner-sharing, A outside cavity);5.0;1.0;False;;;
mp-635713;TiZnO3;0.0957914055000026;14.820580247472666;P-1;True;True;;Zn;Ti;neither octahedral: shorter M-O;"5;5";"5;5";2.115;1.926;5;5;0;2;0;4;5;5;5;non-perovskite (B not octahedral);2.0;4.0;False;0.8111449360244685;0.43214285714285716;VIII
mp-635067;KSbO3;0.9125581640000008;16.136158055764504;P-1;True;True;;K;Sb;only octahedral cation;"5;5";"6;6";2.609;2.209;6;6;2;3;0;5;5;5;7;non-perovskite (edge-sharing BO6);1.0;5.0;False;1.0748023074035522;0.4285714285714286;XII
mp-638686;AgNO3;0.0023793825;12.4458031187279;Pbca;False;True;;N;Ag;only octahedral cation;"3;3;3;3;3;3;3;3";"6;6;6;6;6;6;6;6";1.262;2.499;6;6;6;0;0;3;3;6;6;non-perovskite (corner-sharing, A outside cavity);5.0;1.0;False;0.42426406871192845;0.8214285714285714;VI
mp-639811;KIrO3;0.0;14.232149363030372;Pn-3;False;True;;K;Ir;both octahedral: higher valence;"6;6;6;6;6;6;6;6;6;6;6;6";"6;6;6;6;6;6;6;6;6;6;6;6";2.714;1.963;6;6;4;1;0;6;6;6;6;non-perovskite (edge-sharing BO6);1.0;5.0;False;1.0911698552320328;0.40714285714285714;XII
mp-641635;CaCO3;1.3777728225000088;15.322891979968109;Pnma;True;True;;Ca;C;neither octahedral: lower CN;"8;8;8;8";"1;1;1;1";2.528;1.148;1;1;0;0;0;6;8;6;6;non-perovskite (B not octahedral);2.0;4.0;False;1.2419696028532952;0.1142857142857143;XII
mp-641917;ZnSiO3;0.0588441051666697;11.437272271684268;P2_1/c;False;True;;Zn;Si;neither octahedral: lower CN;"4;4;6;6;6;4;4;6";"4;4;4;4;4;4;4;4";2.109;1.649;4;4;2;0;0;4;4;5;5;non-perovskite (B not octahedral);2.0;4.0;False;0.903525331516144;0.28571428571428575;VIII
mp-642228;MgSiO3;0.205962627041667;11.215973771058747;Pbca;False;True;;Mg;Si;neither octahedral: shorter M-O;"5;4;4;4;4;5;4;5;4;5;5;5;4;5;5;4";"5;5;4;4;5;5;4;4;4;4;4;5;5;4;5;5";2.041;1.713;4;5;0;2;0;4;4;3;4;non-perovskite (B not octahedral);2.0;4.0;False;0.8995969605095522;0.28571428571428575;VIII
mp-642209;MgSiO3;0.4491626401666657;10.193886938130252;Pna2_1;True;True;;Si;Mg;only octahedral cation;"5;5;5;5;5;5;5;5";"6;6;6;6;6;6;6;6";1.769;2.101;6;6;3;2;1;5;5;3;3;non-perovskite (face-sharing BO6);4.0;2.0;False;0.6003736821395214;0.5142857142857143;VI
mp-642210;MgSiO3;0.1462896501666657;13.516981147898775;Pna2_1;True;True;;Mg;Si;neither octahedral: lower CN;"4;5;5;5;4;4;4;5";"4;4;4;4;4;4;4;4";2.036;1.653;4;4;2;0;0;4;4;2;4;non-perovskite (B not octahedral);2.0;4.0;False;0.8995969605095522;0.28571428571428575;VIII
mp-642216;MgSiO3;0.125716575166666;9.780150717701408;P2_1/c;True;True;;Si;Mg;only octahedral cation;"4;6;6;4;4;4;6;6";"6;6;6;6;6;6;6;6";1.768;2.122;6;6;0;5;0;4;4;2;4;non-perovskite (edge-sharing BO6);4.0;2.0;False;0.6003736821395214;0.5142857142857143;VI
mp-643577;MnGeO3;0.0149116422500004;12.132473170913917;Pbca;False;True;;Ge;Mn;only octahedral cation;"4;4;4;4;4;4;4;4;4;4;4;4;4;4;4;4";"6;6;6;6;6;6;6;6;6;6;6;6;6;6;6;6";1.767;2.189;6;6;0;5;0;4;4;5;6;non-perovskite (edge-sharing BO6);4.0;2.0;False;0.6119803083811823;0.5928571428571429;VI
mp-644369;BaBiO3;0.9469549079999986;19.4217869126087;P1;True;True;;Ba;Bi;neither octahedral: lower CN;"7;7";"3;2";2.731;2.27;2;3;0;0;0;7;7;4;5;non-perovskite (B not octahedral);2.0;3.0;False;0.8758812392475341;0.7357142857142858;XII
mp-644497;BaTiO3;0.7142725979999991;22.308681691893888;Amm2;False;True;;Ti;Ba;only octahedral cation;3;6;1.773;2.899;6;6;0;0;2;3;3;4;4;non-perovskite (face-sharing BO6);4.0;2.0;False;0.5502576406324405;0.9642857142857144;VIII
mp-644879;MgSiO3;0.0508266246666657;10.56807185334696;Pbcn;True;True;;Si;Mg;only octahedral cation;"4;4;4;4;4;4;4;4";"6;6;6;6;6;6;6;6";1.654;2.161;6;6;0;5;0;4;4;7;8;non-perovskite (edge-sharing BO6);4.0;2.0;False;0.6003736821395214;0.5142857142857143;VI
mp-645158;LaMnO3;0.4213510820238095;16.66505704402116;P2_1/c;True;True;;Mn;La;only octahedral cation;"6;4;6;4";"6;6;6;6";2.026;2.464;6;6;0;3;0;4;4;6;6;non-perovskite (edge-sharing BO6);3.0;3.0;False;0.5945860886210894;0.7371428571428572;VI
mp-645159;FeBiO3;0.0116057660000015;12.029981167723426;Pnma;False;True;;Bi;Fe;only octahedral cation;"8;8;8;8";"6;6;6;6";2.516;2.042;6;6;6;0;0;8;8;8;8;perovskite;3.0;3.0;False;0.88863786193126;0.46071428571428574;VIII
mp-647158;SrTeO3;0.0062181519166673;18.86128694912605;Cc;True;True;;Sr;Te;neither octahedral: lower CN;"7;7;8;9;7;9;9;8;7;8;9;8;6;8;8;8;8;7;6;7;8;7;8;7";"3;3;3;3;3;3;3;3;3;3;3;3;3;3;3;3;3;3;3;3;3;3;3;3";2.698;1.892;3;3;0;0;0;6;6;5;5;non-perovskite (B not octahedral);2.0;4.0;False;0.8473347082572974;0.6928571428571428;XII
mp-647557;ZrPbO3;0.0303874635625032;15.145912856745872;Pba2;False;True;;Pb;Zr;only octahedral cation;"4;4;4;3;3;4;3;3";"6;6;6;6;6;6;6;6";2.509;2.139;6;6;6;0;0;5;3;8;8;perovskite;2.0;4.0;False;0.9639333007684536;0.5142857142857143;XII
mp-647680;MnSiO3;0.3092157079666684;12.532568646514552;P-1;True;True;;Mn;Si;neither octahedral: lower CN;"6;4;4;5;6;5;6;6;6;6";"3;3;4;4;4;3;4;4;4;3";2.184;1.664;3;4;1;0;0;4;4;4;4;non-perovskite (B not octahedral);2.0;4.0;False;0.9270955575556956;0.28571428571428575;VIII
mp-648053;NaPO3;0.0391402716666684;14.12529721864084;I4_1/a;False;True;;P;Na;only octahedral cation;"4;4;4;4;4;4;4;4";"6;6;6;6;6;6;6;6";1.568;2.55;6;6;2;3;0;4;4;6;6;non-perovskite (edge-sharing BO6);5.0;1.0;False;0.5201033349223365;0.7285714285714286;VI
mp-648072;NaPO3;0.0591208671666683;14.96150141201187;I4_1/a;False;True;;Na;P;neither octahedral: shorter M-O;"4;4;4;4;4;4;4;4";"4;4;4;4;4;4;4;4";2.381;1.571;4;4;2;0;0;4;4;6;7;non-perovskite (B not octahedral);1.0;5.0;False;1.1083302918598135;0.27142857142857146;XII
mp-649086;GaFeO3;0.0357892067499996;10.918014811072323;Pna2_1;False;True;;Ga;Fe;only octahedral cation;"4;6;4;6;6;4;4;6";"6;6;6;6;6;6;6;6";1.962;2.085;6;6;4;3;0;4;4;6;6;non-perovskite (edge-sharing BO6);3.0;3.0;False;0.6984624440082278;0.46071428571428574;VI
mp-649676;CaSiO3;0.3503614009999998;19.29893894115713;P2_1/c;False;True;;Ca;Si;neither octahedral: lower CN;"5;4;5;4;5;5;5;5;4;5;4;5";"4;4;4;4;4;4;4;4;4;4;4;4";2.399;1.649;4;4;2;0;0;4;4;2;2;non-perovskite (B not octahedral);2.0;4.0;False;1.0763736558061892;0.28571428571428575;XII
mp-650392;FeSiO3;0.0230683978888901;11.612738846836365;P-1;False;True;;Fe;Si;neither octahedral: lower CN;"6;6;6;6;5;6;6;6;6;6;6;6;6;6;6;6;6;5";"4;4;4;4;4;4;4;4;4;4;4;4;4;4;4;4;4;4";2.214;1.646;4;4;2;0;0;4;5;4;4;non-perovskite (B not octahedral);2.0;4.0;False;0.9113820735293279;0.28571428571428575;VIII
mp-654812;CdCO3;2.888746321;12.985250518350997;R-3m;False;True;;C;Cd;only octahedral cation;0;6;;2.281;6;6;6;0;0;6;0;6;6;non-perovskite (corner-sharing, A outside cavity);4.0;2.0;False;0.46939854410681453;0.6785714285714286;VI
mp-654759;FeBiO3;0.5886216410000014;23.85609675827564;R3;False;True;;Bi;Fe;neither octahedral: shorter M-O;3;3;2.186;1.74;3;3;0;0;0;3;3;4;4;non-perovskite (B not octahedral);3.0;3.0;False;0.88863786193126;0.46071428571428574;VIII
mp-655631;FeBiO3;0.4402772450000007;25.68754179842957;R3;False;True;;Bi;Fe;neither octahedral: shorter M-O;3;3;2.087;1.814;3;3;0;0;0;3;3;4;4;non-perovskite (B not octahedral);3.0;3.0;False;0.88863786193126;0.46071428571428574;VIII
mp-655586;NaClO3;0.5105025552499995;19.4305345192026;P1;True;False;Valences cannot be assigned!;Na;Cl;neither octahedral: lower CN;"4;4;6;5";"0;0;0;0";2.764;;0;0;0;0;0;5;4;2;2;non-perovskite (B not octahedral);;;;;;
mp-657336;MgSiO3;0.2894799186666672;10.394616512663056;Pna2_1;True;True;;Mg;Si;neither octahedral: shorter M-O;"4;6;4;4;6;6;4;6";"6;6;6;6;4;4;4;4";2.071;1.786;4;6;3;2;0;4;4;4;4;non-perovskite (B not octahedral);2.0;4.0;False;0.8995969605095522;0.28571428571428575;VIII
mp-657338;MgSiO3;0.1331711937916662;11.025811190593922;Pbca;False;True;;Mg;Si;neither octahedral: lower CN;"5;5;5;5;5;5;5;5;5;5;5;5;5;5;5;5";"4;4;4;4;4;4;4;4;4;4;4;4;4;4;4;4";2.068;1.657;4;4;2;0;0;5;5;5;5;non-perovskite (B not octahedral);2.0;4.0;False;0.8995969605095522;0.28571428571428575;VIII
mp-662523;SrTeO3;0.0315573826666666;21.07779994884144;P1;False;True;;Sr;Te;neither octahedral: lower CN;"6;5;8;6;7;6";"3;3;3;3;3;3";2.598;1.894;3;3;0;0;0;5;5;5;5;non-perovskite (B not octahedral);2.0;4.0;False;0.8473347082572974;0.6928571428571428;XII
mp-662551;TlNO3;0.6832117195;18.03186306948568;Pnma;False;False;Valences cannot be assigned!;Tl;N;neither octahedral: lower CN;"3;3;3;3;3;3;3;3";"3;3;3;3;1;1;1;1";2.84;1.246;1;3;0;0;0;6;3;2;2;non-perovskite (B not octahedral);;;;;;
mp-667421;SrTeO3;0.0065543974999995;18.852480562811472;P-1;True;True;;Sr;Te;neither octahedral: lower CN;"7;7;8;9;7;9;9;8;7;8;9;8;6;8;8;8;8;7;6;7;8;7;8;7";"3;3;3;3;3;3;3;3;3;3;3;3;3;3;3;3;3;3;3;3;3;3;3;3";2.698;1.891;3;3;0;0;0;6;6;5;5;non-perovskite (B not octahedral);2.0;4.0;False;0.8473347082572974;0.6928571428571428;XII
mp-669414;HfPbO3;0.0128700885625008;14.535162201480238;Pba2;False;True;;Pb;Hf;only octahedral cation;"4;3;4;4;4;3;3;3";"6;6;6;6;6;6;6;6";2.551;2.102;6;6;6;0;0;6;3;8;8;perovskite;2.0;4.0;False;0.9685017050374987;0.5071428571428571;XII
mp-669466;AgNO3;0.0050295879999993;13.425136358167972;P2_12_12_1;False;True;;Ag;N;neither octahedral: lower CN;"6;7;7;6;7;7;6;6";"3;3;3;3;3;3;3;3";2.597;1.27;3;3;0;0;0;7;6;5;6;non-perovskite (B not octahedral);1.0;5.0;False;1.238592270313691;0.09285714285714286;VIII
mp-672644;KNO3;0.0442898960000004;16.62843716988479;Pnma;False;True;;K;N;neither octahedral: lower CN;"7;7;7;7";"3;3;3;3";2.83;1.269;3;3;0;0;0;7;7;6;6;non-perovskite (B not octahedral);1.0;5.0;False;1.4049703364752317;0.09285714285714286;XII
mp-673347;NbHO3;4.865250709535717;11.973798795133964;P1;True;True;;Nb;H;neither octahedral: lower CN;"1;5;2;5";"1;1;1;2";2.099;1.034;1;2;0;0;0;1;1;3;3;non-perovskite (B not octahedral);3.25;1.0;True;;;
mp-674297;NaNO3;0.0094468220000001;13.33533073611639;P1;True;True;;Na;N;neither octahedral: lower CN;"7;6;5;6;6;6;6;6";"3;3;3;3;3;3;3;3";2.466;1.268;3;3;0;0;0;5;5;6;6;non-perovskite (B not octahedral);1.0;5.0;False;1.2894300127519396;0.09285714285714286;XII
mp-674361;LiNbO3;0.010056417400003;11.198547313900214;P1;True;True;;Li;Nb;both octahedral: higher valence;"6;6;6;6;6;6;6;6;6;6";"6;6;6;6;6;6;6;6;6;6";2.226;2.034;6;6;6;0;0;5;6;7;7;non-perovskite (corner-sharing, A outside cavity);1.0;5.0;False;0.8041606531141127;0.4571428571428572;VIII
mp-674478;BaCO3;0.0499068710000081;17.72171227211266;R-3c;True;True;;C;Ba;only octahedral cation;"3;3";"6;6";1.305;2.73;6;6;6;0;0;3;3;6;6;non-perovskite (corner-sharing, A outside cavity);4.0;2.0;False;0.40112239223673235;0.9642857142857144;VI
mp-674482;MnFeO3;0.0362459844375013;10.885712895429354;Ibca;True;True;;Mn;Fe;both octahedral: shorter M-O;"6;6;6;6;6;6;6;6";"6;6;6;6;6;6;6;6";2.077;2.041;6;6;2;2;0;6;6;8;8;non-perovskite (edge-sharing BO6);3.0;3.0;False;0.7071067811865475;0.46071428571428574;VI
mp-675030;TiNiO3;0.0203190304999996;10.354754426862794;P1;True;True;;Ni;Ti;both octahedral: higher valence;"6;6;6;6;6;6;6;6";"6;6;6;6;6;6;6;6";2.094;2.003;6;6;0;3;0;6;6;3;4;non-perovskite (edge-sharing BO6);2.0;4.0;False;0.7370838766483213;0.43214285714285716;VI
mp-675069;LiNbO3;0.0068592431428609;11.118851200022316;P1;True;True;;Li;Nb;only octahedral cation;"3;6;6;6;6;6;6;6;6;6;6;6;6;6";"6;6;6;6;6;6;6;6;6;6;6;6;6;6";2.194;2.035;6;6;6;0;0;3;3;7;7;non-perovskite (corner-sharing, A outside cavity);1.0;5.0;False;0.8041606531141127;0.4571428571428572;VIII
mp-675126;FeCO3;1.5176779809999994;11.426100286432916;Cc;True;True;;Fe;C;neither octahedral: lower CN;"5;5";"1;1";2.139;1.17;1;1;0;0;0;5;5;1;1;non-perovskite (B not octahedral);3.0;2.0;False;;;
mp-675227;BaMnO3;0.0017817334666663;13.391489541749928;R-3m;True;True;;Ba;Mn;only octahedral cation;"12;12;12;12;12";"6;6;6;6;6";2.922;1.911;6;6;0;0;2;12;12;6;6;non-perovskite (face-sharing BO6);2.0;4.0;False;1.1027934773945636;0.3785714285714286;XII
mp-675324;BaCO3;0.0758238020000083;17.316425223916518;Pnn2;True;True;;C;Ba;only octahedral cation;"3;3";"6;6";1.317;2.729;6;6;6;0;0;3;3;6;6;non-perovskite (corner-sharing, A outside cavity);4.0;2.0;False;0.40112239223673235;0.9642857142857144;VI
mp-675625;KNO3;0.0117643875000004;17.90882268732527;P1;True;True;;K;N;neither octahedral: lower CN;"8;7";"3;3";2.891;1.269;3;3;0;0;0;7;7;6;6;non-perovskite (B not octahedral);1.0;5.0;False;1.4049703364752317;0.09285714285714286;XII
mp-676020;BaCO3;0.0337659080000074;16.74391229382875;C2/m;True;True;;Ba;C;neither octahedral: lower CN;"8;10";"3;3";2.754;1.3;3;3;0;0;0;8;8;6;6;non-perovskite (B not octahedral);2.0;4.0;False;1.3643534688278898;0.1142857142857143;XII
mp-675976;KPO3;1.4928622199999948;17.745227608604672;P-1;True;True;;P;K;only octahedral cation;"2;2";"6;6";1.569;2.802;6;6;2;1;1;2;2;4;4;non-perovskite (face-sharing BO6);4.0;1.0;False;;;
mp-676262;TaTlO3;0.0;15.13040273560705;C2/c;True;True;;Tl;Ta;only octahedral cation;"5;6;4;5;6;5;4;5";"6;6;6;6;6;6;6;6";2.758;1.993;6;6;6;0;0;6;4;6;6;non-perovskite (corner-sharing, A outside cavity);1.0;5.0;False;1.074525010626616;0.4571428571428572;XII
mp-676280;NaTaO3;0.095648928000001;14.58872706109366;P1;True;True;;Na;Ta;neither octahedral: lower CN;"5;4;4;5;7;5;8;7";"6;5;6;6;6;4;6;5";2.563;1.98;4;6;2;0;0;4;4;3;4;non-perovskite (B not octahedral);1.0;5.0;False;0.9670725095639545;0.4571428571428572;XII
mp-676536;KBiO3;0.030872052388891;17.847219107104603;P1;True;True;;K;Bi;only octahedral cation;"3;6;7;6;6;6;9;6;6;6;4;6;6;3;6;6;6;6";"6;6;6;6;6;6;6;6;6;6;6;6;6;6;6;6;6;6";2.859;2.164;6;6;4;1;0;3;3;5;5;non-perovskite (edge-sharing BO6);1.0;5.0;False;0.9951873216699557;0.5428571428571429;XII
mp-676694;LiNbO3;0.0080152856666693;11.164979232661988;P1;True;True;;Li;Nb;only octahedral cation;"3;6;6;6;6;6;6;6;6;6;6;6";"6;6;6;6;6;6;6;6;6;6;6;6";2.2;2.035;6;6;6;0;0;3;3;7;7;non-perovskite (corner-sharing, A outside cavity);1.0;5.0;False;0.8041606531141127;0.4571428571428572;VIII
mp-676865;BaGeO3;0.4511840061666667;18.932842777200207;P1;True;False;Valences cannot be assigned!;Ba;Ge;neither octahedral: lower CN;"6;7;7;6;7;5";"4;4;4;3;4;4";2.832;1.809;3;4;1;0;0;5;5;4;4;non-perovskite (B not octahedral);;;;;;
mp-676851;KNO3;0.0293744135000002;17.252080768289424;R32;True;True;;N;K;only octahedral cation;3;6;1.26;2.731;6;6;6;0;0;3;3;6;6;non-perovskite (corner-sharing, A outside cavity);5.0;1.0;False;0.38916308460986243;0.9857142857142857;VI
mp-677054;AgSbO3;0.0765184993333329;14.29850275047534;P1;True;True;;Ag;Sb;only octahedral cation;"3;3;1;3;4;3;3;3;1;3;3;5";"6;6;6;6;6;6;6;6;6;6;6;6";2.467;2.017;6;6;4;1;0;1;1;2;5;non-perovskite (edge-sharing BO6);1.0;5.0;False;0.9475230867899735;0.4285714285714286;VIII
mp-680932;OsPbO3;0.0;13.808463245598457;Fd-3m;False;False;Structure contains elements not in set of BV parameters: {Element Os};Pb;Os;both octahedral: shorter M-O;"6;6;6;6";"6;6;6;6";2.611;1.964;6;6;6;0;0;6;6;6;6;non-perovskite (corner-sharing, A outside cavity);;;;;;
mp-685257;CdPbO3;0.0;14.427420395994114;Ibca;True;True;;Cd;Pb;both octahedral: higher valence;"6;6;6;6;6;6;6;6";"6;6;6;6;6;6;6;6";2.309;2.213;6;6;2;2;0;6;6;8;8;non-perovskite (edge-sharing BO6);2.0;4.0;False;0.8810387940301351;0.5535714285714286;XII
mp-685413;LiNbO3;0.1151777043076958;11.426701183968849;P1;True;True;;Li;Nb;only octahedral cation;"4;6;6;6;6;6;6;6;5;5;4;5;3;6;6;6;6;6;6;6;6;6;6;6;6;6";"6;6;6;6;6;6;6;6;6;6;6;6;6;6;6;6;6;6;6;6;6;6;6;6;6;6";2.156;2.048;6;6;6;0;0;3;3;4;4;non-perovskite (corner-sharing, A outside cavity);1.0;5.0;False;0.8041606531141127;0.4571428571428572;VIII
mp-685935;CdGeO3;0.1186405217499988;15.493044510132876;Cmc2_1;True;True;;Cd;Ge;neither octahedral: shorter M-O;"5;5";"5;5";2.32;1.872;5;5;0;2;0;5;5;7;7;non-perovskite (B not octahedral);2.0;4.0;False;0.9928805062256703;0.3785714285714286;XII
mp-686057;LiNbO3;0.0108541032500042;11.135219306426787;P1;True;True;;Li;Nb;only octahedral cation;"3;6;3;6;6;6;6;6";"6;6;6;6;6;6;6;6";2.165;2.035;6;6;6;0;0;3;3;7;7;non-perovskite (corner-sharing, A outside cavity);1.0;5.0;False;0.8041606531141127;0.4571428571428572;VIII
mp-687205;TcPbO3;0.0639418413124985;14.308553844571046;Fd-3m;False;False;Structure contains elements not in set of BV parameters: {Element Tc};Pb;Tc;both octahedral: shorter M-O;"6;6;6;6";"6;6;6;6";2.644;1.987;6;6;6;0;0;6;6;6;6;non-perovskite (corner-sharing, A outside cavity);;;;;;
mp-690546;TiNiO3;0.0184076983333323;10.017909632661942;P1;True;True;;Ni;Ti;both octahedral: higher valence;"6;6;6;6;6;6";"6;6;6;6;6;6";2.058;1.989;6;6;0;3;0;6;6;3;5;non-perovskite (edge-sharing BO6);2.0;4.0;False;0.7370838766483213;0.43214285714285716;VI
mp-690525;MnCO3;0.0814201980000053;11.207515008417518;Cc;True;True;;Mn;C;neither octahedral: lower CN;"5;5";"3;3";2.211;1.296;3;3;0;0;0;5;5;6;6;non-perovskite (B not octahedral);2.0;4.0;False;1.069725643333495;0.1142857142857143;VIII
mp-691106;MnSnO3;0.0223195970000018;12.304270445239975;R3c;True;True;;Mn;Sn;both octahedral: higher valence;"6;6";"6;6";2.242;2.113;6;6;6;0;0;6;6;7;7;non-perovskite (corner-sharing, A outside cavity);2.0;4.0;False;0.7984555041149531;0.4928571428571428;VIII
mp-694948;TiFeO3;0.7153614753749995;10.851261760056108;P1;True;True;;Fe;Ti;both octahedral: higher valence;"6;6;6;6;6;6;6;6;6;6;6;6;6;6;6;6";"6;6;6;6;6;6;6;6;6;6;6;6;6;6;6;6";2.157;2.01;6;6;0;3;0;6;6;4;6;non-perovskite (edge-sharing BO6);2.0;4.0;False;0.8181983702507681;0.43214285714285716;VIII
mp-695863;MnCO3;1.3390969910000052;11.631961901016837;C2/c;True;True;;Mn;C;neither octahedral: lower CN;"4;4";"1;1";1.826;1.145;1;1;0;0;0;4;4;2;2;non-perovskite (B not octahedral);4.0;2.0;False;;;
mp-695836;KSbO3;0.7646052010000011;17.955735057177304;P-1;True;True;;K;Sb;neither octahedral: lower CN;"7;7";"5;5";2.81;2.091;5;5;0;2;0;7;7;4;4;non-perovskite (B not octahedral);1.0;5.0;False;1.0748023074035522;0.4285714285714286;XII
mp-696740;CaCO3;1.872706780000008;11.88802314473405;C2/c;True;True;;Ca;C;neither octahedral: lower CN;"4;4";"1;1";2.433;1.138;1;1;0;0;0;6;4;2;2;non-perovskite (B not octahedral);2.0;4.0;False;1.2419696028532952;0.1142857142857143;XII
mp-696822;LiNO3;1.0988650979999992;9.227495520536063;C2/c;True;True;;Li;N;neither octahedral: lower CN;"4;4";"1;1";2.061;1.149;1;1;0;0;0;4;4;2;2;non-perovskite (B not octahedral);1.0;3.0;False;1.0515947002261476;0.1142857142857143;VIII
mp-696871;LaAlO3;0.2283347790000043;12.370700827112731;P1;True;True;;La;Al;neither octahedral: lower CN;"6;7";"5;6";2.449;1.899;5;6;3;2;0;7;6;4;4;non-perovskite (B not octahedral);3.0;3.0;False;1.0085864165761607;0.3821428571428572;XII
mp-697089;TiMnO3;0.8632776140000011;9.89266567412891;P-1;True;True;;Ti;Mn;neither octahedral: lower CN;"7;7";"3;3";2.032;1.9;3;3;0;0;0;7;7;7;7;non-perovskite (B not octahedral);4.0;2.0;False;0.6785688393449378;0.5928571428571429;VIII
mp-698587;TiNiO3;0.0200128139999993;10.335007467337398;P1;True;True;;Ni;Ti;both octahedral: higher valence;"6;6;6;6;6;6;6;6;6;6";"6;6;6;6;6;6;6;6;6;6";2.093;2.0;6;6;0;3;1;6;6;3;5;non-perovskite (face-sharing BO6);2.0;4.0;False;0.7370838766483213;0.43214285714285716;VI
mp-699575;CoSiO3;0.0219165005833357;10.989335016424594;Pbca;False;True;;Si;Co;only octahedral cation;"4;4;4;4;4;4;4;4;4;4;4;4;4;4;4;4";"6;6;6;6;6;6;6;6;6;6;6;6;6;6;6;6";1.65;2.166;6;6;0;5;0;4;4;5;6;non-perovskite (edge-sharing BO6);4.0;2.0;False;0.5933763198768229;0.5321428571428571;VI
mp-703230;LiVO3;0.0007622925000019;13.616973006714332;C2/c;True;True;;Li;V;neither octahedral: shorter M-O;"4;4;4;4";"4;4;4;4";1.985;1.718;4;4;2;0;0;4;4;4;6;non-perovskite (B not octahedral);1.0;5.0;False;0.8456122331715412;0.3857142857142858;VIII
mp-705845;BaFeO3;0.4609849973333322;20.77621370073772;R3m;True;True;;Ba;Fe;neither octahedral: lower CN;"12;6;6;9";"3;3;3;6";2.985;1.866;3;6;0;0;0;6;6;4;4;non-perovskite (B not octahedral);2.0;3.25;True;;;
mp-725554;RbSeO3;0.174372124499996;21.046488441913134;P-1;False;False;Valences cannot be assigned!;Rb;Se;neither octahedral: lower CN;"8;8";"3;3";3.065;1.683;3;3;0;0;0;9;8;7;8;non-perovskite (B not octahedral);;;;;;
mp-726037;SnPO3;0.3107475141142917;19.539734301346112;Cc;False;True;;Sn;P;neither octahedral: shorter M-O;"3;3";"3;3";2.189;1.557;3;3;0;0;0;3;3;4;6;non-perovskite (B not octahedral);2.0;4.0;False;;;
mp-726260;PNO3;0.7339945037500035;16.562930720738997;P2_12_12_1;True;True;;P;N;neither octahedral: lower CN;"4;4;4;4";"1;1;1;1";1.575;1.343;1;1;0;0;0;4;4;2;2;non-perovskite (B not octahedral);5.0;1.0;False;;;
mp-727242;NaCO3;0.0018082339999985;12.361468614628034;P2_1/c;False;False;Valences cannot be assigned!;C;Na;only octahedral cation;"3;3;3;3";"6;6;6;6";1.273;2.357;6;6;0;4;0;3;3;6;6;non-perovskite (edge-sharing BO6);;;;;;
mp-728664;NaSeO3;0.0740926507499963;20.01996725200452;C2/c;False;False;Valences cannot be assigned!;Na;Se;neither octahedral: lower CN;"6;6;6;6;4;4;4;4";"4;4;4;4;3;3;3;3";2.495;1.742;3;4;1;0;0;4;4;4;4;non-perovskite (B not octahedral);;;;;;
mp-730333;NaTaO3;3.187677839500001;14.54358062681678;P1;True;False;Valences cannot be assigned!;Ta;Na;neither octahedral: lower CN;"4;3;6;4;2;4;5;3";"2;5;2;2;1;1;2;1";1.956;2.17;1;5;0;0;0;1;2;4;5;non-perovskite (B not octahedral);;;;;;
mp-734059;SNO3;1.0238355369166603;15.87828364060781;Pbca;False;True;;S;N;neither octahedral: lower CN;"3;3;3;3;3;3;3;3";"0;0;0;0;0;0;0;0";1.467;;0;0;0;0;0;3;3;1;1;non-perovskite (B not octahedral);4.0;2.0;False;;;
mp-743867;TiMnO3;0.2004123949999989;11.356933258435683;P-1;True;True;;Ti;Mn;neither octahedral: lower CN;"7;7";"5;5";2.069;2.139;5;5;2;1;0;7;7;7;7;non-perovskite (B not octahedral);4.0;2.0;False;0.6785688393449378;0.5928571428571429;VIII
mp-752441;SrCrO3;0.0857306939375028;11.840285671624734;P6_3/mmc;True;True;;Sr;Cr;only octahedral cation;"12;12;12;12;12;12";"6;6;6;6;6;6";2.77;1.92;6;6;3;0;1;12;12;7;7;non-perovskite (face-sharing BO6);2.0;4.0;False;1.0298375684973307;0.3928571428571429;XII
mp-752416;MgFeO3;0.1282552115000008;11.23575748317239;C2/c;True;True;;Mg;Fe;only octahedral cation;"4;4;4;4";"6;6;6;6";1.996;1.992;6;6;0;5;0;4;4;7;8;non-perovskite (edge-sharing BO6);2.0;4.0;False;0.8157554301849843;0.41785714285714287;VIII
mp-752429;ScTlO3;0.0787690023749974;12.8193749736349;Pnma;True;True;;Tl;Sc;both octahedral: shorter M-O;"6;6;6;6";"6;6;6;6";2.398;2.131;6;6;6;0;0;6;6;8;8;perovskite;3.0;3.0;False;0.784575356281577;0.5321428571428571;VIII
mp-752437;SmInO3;0.0303930866249988;13.788299695039564;Pnma;True;True;;Sm;In;only octahedral cation;"8;8;8;8";"6;6;6;6";2.574;2.196;6;6;6;0;0;6;8;8;8;perovskite;3.0;3.0;False;0.8485281374238568;0.5714285714285715;XII
mp-752435;DyTmO3;0.0880620897500001;13.86982951237946;Pnma;True;True;;Dy;Tm;only octahedral cation;"8;8;8;8";"6;6;6;6";2.569;2.232;6;6;6;0;0;6;8;8;8;perovskite;3.0;3.0;False;0.7700640954764023;0.6285714285714287;IX
mp-752446;RbNO3;0.0210339020000001;20.285337003898867;R32;True;True;;N;Rb;only octahedral cation;3;6;1.273;2.968;6;6;6;0;0;3;3;8;8;perovskite;5.0;1.0;False;0.3705045805532252;1.0857142857142859;VI
mp-752521;LiFeO3;0.1473070441000015;10.220938370253734;C2/c;True;False;Valences cannot be assigned!;Li;Fe;both octahedral: shorter M-O;"6;6;6;6";"6;6;6;6";2.127;1.889;6;6;0;3;0;6;6;4;4;non-perovskite (edge-sharing BO6);;;;;;
mp-752613;CoSnO3;0.0762659565000021;11.425008809644655;Pnma;True;True;;Co;Sn;only octahedral cation;"4;4;4;4";"6;6;6;6";2.062;2.097;6;6;6;0;0;4;4;8;8;perovskite;2.0;4.0;False;0.7781557879086408;0.4928571428571428;VIII
mp-752649;SrNiO3;0.0699531749999931;11.404827608062192;C2;True;True;;Sr;Ni;only octahedral cation;12;6;2.663;1.887;6;6;6;0;0;12;12;8;8;perovskite;2.0;4.0;False;1.0681825843456356;0.34285714285714286;XII
mp-752636;LiSbO3;0.088810487499999;10.912187833798694;P2_13;True;True;;Li;Sb;both octahedral: higher valence;"6;6;6;6";"6;6;6;6";2.125;2.024;6;6;6;0;0;6;6;7;7;non-perovskite (corner-sharing, A outside cavity);1.0;5.0;False;0.820243866176395;0.4285714285714286;VIII
mp-752678;AgAuO3;0.4187327733333328;14.714753356257948;Cmcm;True;False;Structure contains elements not in set of BV parameters: {Element Au};Ag;Au;neither octahedral: shorter M-O;"2;6;2;6";"4;4;4;4";2.376;2.176;4;4;4;0;0;4;2;4;4;non-perovskite (B not octahedral);;;;;;
mp-752700;CoAgO3;0.4626637714999972;11.699712368091593;C2/c;True;True;;Ag;Co;only octahedral cation;"4;4;4;4";"6;6;6;6";2.357;1.942;6;6;0;5;0;4;4;8;8;non-perovskite (edge-sharing BO6);1.0;4.0;False;0.9818892091087809;0.3785714285714286;VIII
mp-752713;HoBO3;0.0;10.727994610961057;Cmcm;True;True;;Ho;B;neither octahedral: lower CN;"8;8;8;8;8;8";"4;4;4;4;4;4";2.355;1.474;4;4;2;0;0;8;8;6;6;non-perovskite (B not octahedral);3.0;3.0;False;1.067011430293473;0.1928571428571429;X
mp-752746;CdCoO3;0.1060524579999997;10.868054935332056;Pnma;True;True;;Cd;Co;only octahedral cation;"8;8;8;8";"6;6;6;6";2.461;1.963;6;6;6;0;0;8;8;8;8;perovskite;2.0;4.0;False;0.9928805062256703;0.3785714285714286;XII
mp-752755;NaSbO3;0.0368360984999993;12.268951703873672;Pnna;True;True;;Na;Sb;both octahedral: higher valence;"6;6;6;6";"6;6;6;6";2.354;2.004;6;6;2;2;0;6;6;9;9;non-perovskite (edge-sharing BO6);1.0;5.0;False;0.9864139597552337;0.4285714285714286;XII
mp-752790;LiFeO3;0.1723008051000008;10.83022062613327;C2/m;True;False;Valences cannot be assigned!;Li;Fe;both octahedral: shorter M-O;"6;6";"6;6";2.131;1.905;6;6;0;4;0;6;6;4;4;non-perovskite (edge-sharing BO6);;;;;;
mp-753026;ZnCoO3;0.0561001960526308;10.35568724365431;C2/c;True;True;;Zn;Co;only octahedral cation;"4;4;4;4";"6;6;6;6";1.968;1.896;6;6;0;5;0;4;4;7;7;non-perovskite (edge-sharing BO6);2.0;4.0;False;0.8426661122948492;0.3785714285714286;VIII
mp-753056;HoBO3;0.0892337639999993;11.851798572341874;Ama2;True;True;;Ho;B;neither octahedral: lower CN;"8;8";"3;3";2.317;1.39;3;3;0;0;0;8;8;6;6;non-perovskite (B not octahedral);3.0;3.0;False;1.067011430293473;0.1928571428571429;X
mp-753164;YbTiO3;0.0927337812499971;12.009880182192472;R-3;True;True;;Yb;Ti;both octahedral: shorter M-O;"6;6";"6;6";2.222;2.077;6;6;0;3;0;6;6;4;7;non-perovskite (edge-sharing BO6);3.0;3.0;False;0.8341810433128256;0.47857142857142865;IX
mp-753176;AgCO3;0.0046345860000034;11.334598203986191;R-3c;True;True;;C;Ag;only octahedral cation;"3;3";"6;6";1.287;2.29;6;6;6;0;0;3;3;6;8;non-perovskite (corner-sharing, A outside cavity);4.0;2.0;False;0.4714045207910316;0.6714285714285715;VI
mp-753318;DyBO3;0.0600060184999993;12.053706474895906;Ama2;True;True;;Dy;B;neither octahedral: lower CN;"8;8";"3;3";2.333;1.392;3;3;0;0;0;8;8;6;6;non-perovskite (B not octahedral);3.0;3.0;False;1.0513449926264655;0.1928571428571429;IX
mp-753428;TiVO3;0.0885562435000011;10.837475707579864;P1;True;True;;V;Ti;both octahedral: higher valence;"6;6;6;6";"6;6;6;6";2.121;2.027;6;6;1;3;1;6;6;2;3;non-perovskite (face-sharing BO6);2.0;4.0;False;0.77235104777982;0.43214285714285716;VI
mp-753534;HfCoO3;0.0948615120000031;11.490831184454114;Pnma;True;True;;Co;Hf;only octahedral cation;"4;4;4;4";"6;6;6;6";2.077;2.096;6;6;6;0;0;4;4;8;8;perovskite;2.0;4.0;False;0.7707799036630613;0.5071428571428571;VIII
mp-753781;EuHfO3;0.0;13.760881450817616;Pm-3m;True;True;;Eu;Hf;only octahedral cation;12;6;2.897;2.049;6;6;6;0;0;12;12;8;8;perovskite;2.0;4.0;False;0.9215846674232254;0.5071428571428571;X
mp-753790;HfFeO3;0.0961925840000041;11.78527261671935;Pnma;True;True;;Fe;Hf;both octahedral: higher valence;"6;6;6;6";"6;6;6;6";2.188;2.13;6;6;2;2;0;6;6;8;8;non-perovskite (edge-sharing BO6);2.0;4.0;False;0.7774823376079574;0.5071428571428571;VIII
mp-753819;MnTlO3;0.0619534881874983;12.120804638609725;P2_1/c;True;True;;Tl;Mn;only octahedral cation;"4;4;4;4";"6;6;6;6";2.267;2.054;6;6;6;0;0;5;4;8;8;perovskite;3.0;3.0;False;0.8229408993760308;0.46071428571428574;VIII
mp-753806;BSbO3;0.0480148381666687;15.57272770647208;P-1;True;True;;Sb;B;neither octahedral: shorter M-O;"3;3";"3;3";2.024;1.387;3;3;0;0;0;3;3;4;4;non-perovskite (B not octahedral);3.0;3.0;False;0.914581225965834;0.1928571428571429;VI
mp-753856;HfFeO3;0.0626525855000021;11.779476339924226;Pnma;True;True;;Fe;Hf;only octahedral cation;"4;4;4;4";"6;6;6;6";2.133;2.098;6;6;6;0;0;4;4;8;8;perovskite;2.0;4.0;False;0.7774823376079574;0.5071428571428571;VIII
mp-753948;PrTiO3;0.0588294799999964;12.452131208438155;R-3c;True;True;;Pr;Ti;only octahedral cation;"9;9";"6;6";2.666;2.033;6;6;6;0;0;9;9;8;8;perovskite;3.0;3.0;False;0.8809798979130946;0.47857142857142865;IX
mp-753953;GdAsO3;0.0487711319999988;15.0657551034753;P2_1/c;True;True;;As;Gd;only octahedral cation;"3;3;3;3";"6;6;6;6";1.818;2.358;6;6;4;1;0;3;3;6;6;non-perovskite (edge-sharing BO6);3.0;3.0;False;0.5988329455728674;0.67;VI
mp-753995;YTmO3;0.088650590624999;13.93106368391228;Pnma;True;True;;Y;Tm;only octahedral cation;"8;8;8;8";"6;6;6;6";2.574;2.232;6;6;6;0;0;6;8;8;8;perovskite;3.0;3.0;False;0.7675830190511863;0.6285714285714287;IX
mp-753992;CoAgO3;0.0931191284999961;11.271986320984167;R-3;True;True;;Ag;Co;both octahedral: higher valence;"6;6";"6;6";2.374;1.871;6;6;0;3;0;6;6;7;7;non-perovskite (edge-sharing BO6);2.0;4.0;False;0.8573211751173684;0.3785714285714286;VI
mp-753988;VCrO3;0.0112170361250036;9.95026557423942;P1;True;True;;V;Cr;both octahedral: shorter M-O;"6;6;6;6";"6;6;6;6";2.021;2.004;6;6;1;3;1;6;6;2;4;non-perovskite (face-sharing BO6);3.0;3.0;False;0.7158798181739737;0.43928571428571433;VI
mp-754009;ScBiO3;0.0214323768750013;14.15365353662609;R3c;True;True;;Bi;Sc;both octahedral: shorter M-O;"6;6";"6;6";2.425;2.146;6;6;6;0;0;6;6;7;7;non-perovskite (corner-sharing, A outside cavity);3.0;3.0;False;0.8472095233796861;0.5321428571428571;VIII
mp-754022;AlCoO3;0.1160765814999997;9.340382959355363;P1;True;True;;Co;Al;both octahedral: shorter M-O;"6;6";"6;6";2.032;1.924;6;6;0;3;0;6;6;3;4;non-perovskite (edge-sharing BO6);3.0;3.0;False;0.7345140207674212;0.3821428571428572;VI
mp-754036;VCrO3;0.0107730151250038;9.936467737370412;P1;True;True;;V;Cr;both octahedral: shorter M-O;"6;6;6;6";"6;6;6;6";2.023;2.0;6;6;1;3;1;6;6;2;4;non-perovskite (face-sharing BO6);3.0;3.0;False;0.7158798181739737;0.43928571428571433;VI
mp-754046;PrTlO3;0.6477328663749979;20.04517583810062;Pm-3m;True;False;Valences cannot be assigned!;Tl;Pr;only octahedral cation;0;6;;2.323;6;6;6;0;0;12;0;8;8;perovskite;;;;;;
mp-754092;ScTiO3;0.0966383738749989;10.727286405464191;Pna2_1;True;True;;Sc;Ti;only octahedral cation;"8;8;8;8";"6;6;6;6";2.355;2.036;6;6;6;0;0;7;8;8;8;perovskite;3.0;3.0;False;0.7754262769533636;0.47857142857142865;VIII
mp-754098;LiVO3;0.1113489650000083;10.948133773155732;C2/m;True;True;;Li;V;both octahedral: higher valence;"6;6";"6;6";2.142;1.915;6;6;0;4;0;6;6;4;4;non-perovskite (edge-sharing BO6);1.0;5.0;False;0.8456122331715412;0.3857142857142858;VIII
mp-754103;CaNiO3;0.072676821249999;11.193005701039906;P6_3mc;True;True;;Ca;Ni;only octahedral cation;"12;12";"6;6";2.669;1.867;6;6;0;0;2;12;12;6;6;non-perovskite (face-sharing BO6);2.0;4.0;False;1.0305705215165641;0.34285714285714286;XII
mp-754145;TbLuO3;0.0662620235000002;13.6580450791943;Pnma;True;True;;Tb;Lu;only octahedral cation;"8;8;8;8";"6;6;6;6";2.564;2.206;6;6;6;0;0;6;8;8;8;perovskite;3.0;3.0;False;0.7802881110395559;0.615;IX
mp-754124;ScCoO3;0.0694666085892876;10.377182060870837;Pnma;True;True;;Sc;Co;only octahedral cation;"8;8;8;8";"6;6;6;6";2.333;2.01;6;6;6;0;0;6;8;8;8;perovskite;3.0;3.0;False;0.7985733299967478;0.4357142857142857;VIII
mp-754140;CaSeO3;0.0218259450000024;14.44866045789551;Pnma;True;True;;Se;Ca;only octahedral cation;"3;3;3;3";"6;6;6;6";1.717;2.393;6;6;6;0;0;3;3;8;8;perovskite;4.0;2.0;False;0.55979286843935;0.7142857142857143;VI
mp-754157;AlInO3;0.0346600674999999;11.228447654040943;P6_3/mmc;True;True;;Al;In;only octahedral cation;"5;5";"6;6";1.896;2.196;6;6;0;6;0;5;5;6;6;non-perovskite (edge-sharing BO6);3.0;3.0;False;0.6219325552708951;0.5714285714285715;VI
mp-754165;ScGaO3;0.0176113473749977;11.07344127232281;P6_3/mmc;True;True;;Ga;Sc;only octahedral cation;"5;5";"6;6";1.922;2.146;6;6;0;6;0;5;5;6;6;non-perovskite (edge-sharing BO6);3.0;3.0;False;0.6659000923062125;0.5321428571428571;VI
mp-754152;YBiO3;0.0476748328750007;15.98162094245122;R-3;True;True;;Bi;Y;both octahedral: shorter M-O;"6;6";"6;6";2.41;2.315;6;6;0;3;0;6;6;4;4;non-perovskite (edge-sharing BO6);3.0;3.0;False;0.7901149685432292;0.6428571428571429;VIII
mp-754184;ErAlO3;0.0856427572000004;11.773135006952511;P6_3/mmc;True;True;;Al;Er;only octahedral cation;"5;5";"6;6";1.921;2.246;6;6;0;6;0;5;5;6;6;non-perovskite (edge-sharing BO6);3.0;3.0;False;0.5974897910899429;0.6357142857142858;VI
mp-754202;CsClO3;0.0716206776250008;21.16552927195587;Pmn2_1;True;True;;Cs;Cl;neither octahedral: lower CN;"12;12";"3;3";3.367;1.512;3;3;0;0;0;12;12;8;8;non-perovskite (B not octahedral);1.0;5.0;False;;;
mp-754203;SmErO3;0.0595117541249994;14.523570739652993;Pnma;True;True;;Sm;Er;only octahedral cation;"8;8;8;8";"6;6;6;6";2.619;2.25;6;6;6;0;0;6;8;8;8;perovskite;3.0;3.0;False;0.8151798700141857;0.6357142857142858;XII
mp-754208;ErInO3;0.0797644929999998;13.183446389366145;Pnma;True;True;;Er;In;only octahedral cation;"8;8;8;8";"6;6;6;6";2.518;2.197;6;6;6;0;0;6;8;8;8;perovskite;3.0;3.0;False;0.7913167705823998;0.5714285714285715;IX
mp-754231;LuTiO3;0.061941423250003;11.329168346080577;Pnma;True;True;;Lu;Ti;only octahedral cation;"8;8;8;8";"6;6;6;6";2.408;2.051;6;6;6;0;0;8;8;8;8;perovskite;3.0;3.0;False;0.8307650685244847;0.47857142857142865;IX
mp-754229;MnAgO3;0.0821110778333356;11.76380503297355;R-3;True;True;;Ag;Mn;both octahedral: higher valence;"6;6";"6;6";2.354;1.936;6;6;0;3;0;6;6;7;7;non-perovskite (edge-sharing BO6);2.0;4.0;False;0.8573211751173684;0.3785714285714286;VI
mp-754239;ScGaO3;0.0764621098749982;10.347852220757602;Pnma;True;True;;Sc;Ga;only octahedral cation;"8;8;8;8";"6;6;6;6";2.335;2.006;6;6;6;0;0;6;8;8;8;perovskite;3.0;3.0;False;0.794619996679932;0.4428571428571429;VIII
mp-754226;YLuO3;0.073247628499999;14.849016885400342;P6_3/mmc;True;True;;Lu;Y;only octahedral cation;"5;5";"6;6";2.142;2.345;6;6;0;6;0;5;5;6;6;non-perovskite (edge-sharing BO6);3.0;3.0;False;0.7476885616720363;0.6428571428571429;IX
mp-754246;TiSnO3;0.0021027585000048;15.67978330522059;R-3;True;True;;Sn;Ti;only octahedral cation;"3;3";"6;6";2.132;1.959;6;6;0;3;0;3;3;6;6;non-perovskite (edge-sharing BO6);2.0;4.0;False;;;
mp-754307;BaNdO3;0.1158703012500002;18.73694230114581;R-3c;True;False;Valences cannot be assigned!;Ba;Nd;only octahedral cation;"9;9";"6;6";3.052;2.336;6;6;6;0;0;9;9;8;8;perovskite;;;;;;
mp-754329;CdSnO3;0.0;13.104061486299893;R-3;False;True;;Cd;Sn;both octahedral: higher valence;"6;6";"6;6";2.353;2.087;6;6;0;3;0;6;6;7;7;non-perovskite (edge-sharing BO6);2.0;4.0;False;0.916870515318442;0.4928571428571428;XII
mp-754318;MnZnO3;0.0057942339999996;9.748952847675998;R-3;True;True;;Zn;Mn;both octahedral: higher valence;"6;6";"6;6";2.124;1.901;6;6;0;3;0;6;6;7;7;non-perovskite (edge-sharing BO6);2.0;4.0;False;0.8426661122948492;0.3785714285714286;VIII
mp-754323;TmBiO3;0.0300203402500018;15.542246880245802;R3c;True;True;;Bi;Tm;both octahedral: shorter M-O;"6;6";"6;6";2.423;2.262;6;6;6;0;0;6;6;7;7;non-perovskite (corner-sharing, A outside cavity);3.0;3.0;False;0.7970458016006259;0.6285714285714287;VIII
mp-754300;HoBiO3;0.0496802078750011;15.71470142482774;R-3;True;True;;Bi;Ho;both octahedral: shorter M-O;"6;6";"6;6";2.406;2.292;6;6;0;3;0;6;6;4;4;non-perovskite (edge-sharing BO6);3.0;3.0;False;0.7897715895912328;0.6435714285714287;VIII
mp-754342;ScFeO3;0.0729476268749973;11.743344650570574;P6_3/mmc;True;True;;Fe;Sc;only octahedral cation;"5;5";"6;6";1.973;2.175;6;6;0;6;0;5;5;6;6;non-perovskite (edge-sharing BO6);3.0;3.0;False;0.7186446540730411;0.5321428571428571;VIII
mp-754345;LiTaO3;0.0886449690000059;11.686981919174189;P4/mbm;True;True;;Li;Ta;only octahedral cation;"4;4";"6;6";2.427;1.985;6;6;6;0;0;8;4;8;8;perovskite;1.0;5.0;False;0.8041606531141127;0.4571428571428572;VIII
mp-754409;HoBO3;0.0265023229999989;11.9955862864517;R-3c;True;True;;B;Ho;only octahedral cation;"3;3";"6;6";1.388;2.288;6;6;6;0;0;3;3;6;6;non-perovskite (corner-sharing, A outside cavity);3.0;3.0;False;0.5131978811740696;0.6435714285714287;VI
mp-754435;LuAlO3;0.0822064017500032;10.049658482659083;R-3c;True;True;;Lu;Al;only octahedral cation;"9;9";"6;6";2.478;1.901;6;6;6;0;0;9;9;8;8;perovskite;3.0;3.0;False;0.888725422142472;0.3821428571428572;IX
mp-754508;MgFeO3;0.0669962630000009;10.472919564011152;R-3;True;True;;Mg;Fe;both octahedral: higher valence;"6;6";"6;6";2.122;1.982;6;6;0;3;0;6;6;4;7;non-perovskite (edge-sharing BO6);2.0;4.0;False;0.8157554301849843;0.41785714285714287;VIII
mp-754513;ZrMnO3;0.0428264210000044;12.652058400805869;R3c;True;True;;Mn;Zr;both octahedral: higher valence;"6;6";"6;6";2.253;2.141;6;6;6;0;0;6;6;7;7;non-perovskite (corner-sharing, A outside cavity);2.0;4.0;False;0.7871566054718169;0.5142857142857143;VIII
mp-754524;CeTiO3;0.0838094562500018;12.257687654208208;Pm-3m;True;True;;Ce;Ti;only octahedral cation;12;6;2.788;1.971;6;6;6;0;0;12;12;8;8;perovskite;3.0;3.0;False;0.9359770920053818;0.47857142857142865;XII
mp-754578;TmGaO3;0.0508753261000007;11.093829440794726;Pnma;True;True;;Tm;Ga;only octahedral cation;"8;8;8;8";"6;6;6;6";2.408;2.017;6;6;6;0;0;8;8;8;8;perovskite;3.0;3.0;False;0.858329617559116;0.4428571428571429;IX
mp-754597;LuTlO3;0.0837613916249973;13.93422951337512;Pnma;True;True;;Tl;Lu;only octahedral cation;"4;4;4;4";"6;6;6;6";2.268;2.224;6;6;6;0;0;6;4;8;8;perovskite;3.0;3.0;False;0.7443229275647867;0.615;VIII
mp-754608;VSiO3;0.0204241574166665;10.59033185993541;C2/c;True;True;;Si;V;only octahedral cation;"4;4;4;4";"6;6;6;6";1.644;2.165;6;6;0;5;0;4;4;7;7;non-perovskite (edge-sharing BO6);4.0;2.0;False;0.581183655769765;0.5642857142857144;VI
mp-754636;ErBiO3;0.0515171800000011;15.655404848043222;R-3;True;True;;Bi;Er;both octahedral: shorter M-O;"6;6";"6;6";2.407;2.286;6;6;0;3;0;6;6;4;4;non-perovskite (edge-sharing BO6);3.0;3.0;False;0.793565252248658;0.6357142857142858;VIII
mp-754657;HfMnO3;0.0532022335000057;11.993259426408558;Pnma;True;True;;Mn;Hf;only octahedral cation;"8;8;8;8";"6;6;6;6";2.476;2.093;6;6;6;0;0;6;8;8;8;perovskite;2.0;4.0;False;0.7908872054977498;0.5071428571428571;VIII
mp-754661;INO3;0.0701101609999961;19.495207998439238;P2_12_12_1;True;True;;N;I;neither octahedral: lower CN;"3;3;3;3";"2;2;2;2";1.278;2.244;2;2;0;0;0;3;3;2;2;non-perovskite (B not octahedral);5.0;1.0;False;;;
mp-754654;NiSnO3;0.0261790260000003;11.55334088234007;R-3;True;True;;Ni;Sn;both octahedral: higher valence;"6;6;6;6";"6;6;6;6";2.127;2.11;6;6;0;3;0;6;6;4;4;non-perovskite (edge-sharing BO6);2.0;4.0;False;0.7071067811865475;0.4928571428571428;VI
mp-754696;PrTiO3;0.1046450139999972;12.262762183626627;Pm-3m;True;True;;Pr;Ti;only octahedral cation;12;6;2.788;1.972;6;6;6;0;0;12;12;8;8;perovskite;3.0;3.0;False;0.8809798979130946;0.47857142857142865;IX
mp-754678;BaTaO3;0.0325576493066908;14.097659256105349;Pm-3m;True;True;;Ba;Ta;only octahedral cation;12;6;2.921;2.065;6;6;6;0;0;12;12;8;8;perovskite;2.0;4.0;False;1.023265101620917;0.48571428571428577;XII
mp-754701;CaTiO3;0.0283526885;12.495341697913329;R-3;True;True;;Ca;Ti;both octahedral: higher valence;"6;6";"6;6";2.373;2.013;6;6;0;3;0;6;6;7;10;non-perovskite (edge-sharing BO6);2.0;4.0;False;0.9663204890030626;0.43214285714285716;XII
mp-754712;NClO3;0.0;15.854975300212963;P2_12_12_1;True;False;Valences cannot be assigned!;N;Cl;neither octahedral: lower CN;"3;3;3;3";"1;1;1;1";1.297;1.674;1;1;0;0;0;3;3;1;2;non-perovskite (B not octahedral);;;;;;
mp-754787;SmTlO3;0.0731567521249978;14.960080716743494;Pnma;True;True;;Sm;Tl;both octahedral: shorter M-O;"6;6;6;6";"6;6;6;6";2.437;2.297;6;6;6;0;0;6;6;8;8;perovskite;3.0;3.0;False;0.8169636334059015;0.6321428571428572;XII
mp-754818;NaTaO3;0.0867578065000014;14.460350943014408;Fd-3m;True;True;;Na;Ta;both octahedral: higher valence;"6;6;6;6";"6;6;6;6";2.649;1.995;6;6;6;0;0;6;6;6;6;non-perovskite (corner-sharing, A outside cavity);1.0;5.0;False;0.9670725095639545;0.4571428571428572;XII
mp-754853;CaHfO3;0.0;12.614566909697547;Pnma;True;True;;Ca;Hf;only octahedral cation;"8;8;8;8";"6;6;6;6";2.556;2.074;6;6;6;0;0;8;8;8;8;perovskite;2.0;4.0;False;0.9182334504507774;0.5071428571428571;XII
mp-754915;NaFeO3;0.0552162629999983;11.77231185221357;R-3;True;False;Valences cannot be assigned!;Na;Fe;both octahedral: shorter M-O;"6;6";"6;6";2.411;1.892;6;6;0;3;0;6;6;7;7;non-perovskite (edge-sharing BO6);;;;;;
mp-754936;DyAlO3;0.0407944049999979;10.367050239510856;R-3c;True;True;;Dy;Al;only octahedral cation;"9;9";"6;6";2.517;1.907;6;6;6;0;0;9;9;8;8;perovskite;3.0;3.0;False;0.9073623450574662;0.3821428571428572;IX
mp-754941;EuCrO3;0.1878008170000011;11.678773302083746;Pm-3m;True;True;;Eu;Cr;only octahedral cation;12;6;2.743;1.94;6;6;6;0;0;12;12;8;8;perovskite;2.0;4.0;False;0.9972018709041054;0.3928571428571429;X
mp-754943;ErBiO3;0.0308655520000016;15.785021467352347;R3c;True;True;;Bi;Er;both octahedral: shorter M-O;"6;6";"6;6";2.428;2.278;6;6;6;0;0;6;6;7;7;non-perovskite (corner-sharing, A outside cavity);3.0;3.0;False;0.793565252248658;0.6357142857142858;VIII
mp-754980;ZrMnO3;0.0472553670000053;12.774990701423611;R-3;True;True;;Mn;Zr;both octahedral: higher valence;"6;6";"6;6";2.254;2.142;6;6;0;3;0;6;6;4;10;non-perovskite (edge-sharing BO6);2.0;4.0;False;0.7871566054718169;0.5142857142857143;VIII
mp-755018;RbTaO3;0.0525669795000158;13.69912932491017;R3m;True;True;;Rb;Ta;only octahedral cation;12;6;2.844;1.941;6;6;6;0;0;12;12;8;8;perovskite;1.0;5.0;False;1.0814574300500137;0.4571428571428572;XII
mp-755003;LaBiO3;0.0406504895999955;17.675022353888693;R-3;True;True;;La;Bi;both octahedral: shorter M-O;"6;6";"6;6";2.454;2.435;6;6;0;3;0;6;6;4;7;non-perovskite (edge-sharing BO6);3.0;3.0;False;0.8031336280143503;0.7357142857142858;XII
mp-755055;ZrCrO3;0.0859321941666699;12.463129459087872;Pnma;True;True;;Cr;Zr;both octahedral: higher valence;"6;6;6;6";"6;6;6;6";2.249;2.149;6;6;2;2;0;4;6;8;8;non-perovskite (edge-sharing BO6);2.0;4.0;False;0.7337900559483039;0.5142857142857143;VI
mp-755109;YErO3;0.0975335148749998;14.143918057869428;Pnma;True;True;;Y;Er;only octahedral cation;"8;8;8;8";"6;6;6;6";2.585;2.249;6;6;6;0;0;6;8;8;8;perovskite;3.0;3.0;False;0.7642311281382991;0.6357142857142858;IX
mp-755099;ZnFeO3;0.1137019255000009;10.560542373837738;R-3;True;True;;Zn;Fe;both octahedral: higher valence;"6;6";"6;6";2.137;1.989;6;6;0;3;0;6;6;7;7;non-perovskite (edge-sharing BO6);2.0;4.0;False;0.8193176809718182;0.41785714285714287;VIII
mp-755138;NdInO3;0.0147230442500001;13.697235869532223;Pnma;True;True;;Nd;In;only octahedral cation;"8;8;8;8";"6;6;6;6";2.584;2.171;6;6;6;0;0;6;8;8;8;perovskite;3.0;3.0;False;0.8581705026218552;0.5714285714285715;XII
mp-755165;YScO3;0.0286960647499974;12.597611515899104;Pnma;False;True;;Y;Sc;only octahedral cation;"8;8;8;8";"6;6;6;6";2.507;2.12;6;6;6;0;0;6;8;8;8;perovskite;3.0;3.0;False;0.8158924398306315;0.5321428571428571;IX
mp-755167;InCoO3;0.0789108662142865;10.122549441478856;Pnma;True;True;;In;Co;only octahedral cation;"8;8;8;8";"6;6;6;6";2.345;1.953;6;6;6;0;0;6;8;8;8;perovskite;3.0;3.0;False;0.8161630509217862;0.4357142857142857;VIII
mp-755177;EuSeO3;0.0;14.847427375094398;P2_1/m;True;True;;Eu;Se;neither octahedral: lower CN;"9;9";"3;3";2.693;1.717;3;3;0;0;0;9;9;7;7;non-perovskite (B not octahedral);2.0;4.0;False;1.023444025401582;0.35714285714285715;X
mp-755199;VGeO3;0.0780927696249964;11.96135807144761;C2/c;True;True;;Ge;V;only octahedral cation;"4;4;4;4";"6;6;6;6";1.793;2.189;6;6;0;5;0;4;4;7;7;non-perovskite (edge-sharing BO6);4.0;2.0;False;0.6231580309086926;0.5642857142857144;VI
mp-755236;HoTiO3;0.0583830684999853;11.638253485190596;Pnma;True;True;;Ho;Ti;only octahedral cation;"8;8;8;8";"6;6;6;6";2.445;2.05;6;6;6;0;0;8;8;8;8;perovskite;3.0;3.0;False;0.8608256466618839;0.47857142857142865;X
mp-755216;TmBiO3;0.0538467692500024;15.418326625164257;R-3;True;True;;Bi;Tm;both octahedral: shorter M-O;"6;6";"6;6";2.405;2.266;6;6;0;3;0;6;6;4;4;non-perovskite (edge-sharing BO6);3.0;3.0;False;0.7970458016006259;0.6285714285714287;VIII
mp-755231;LiTeO3;0.0627166157499923;12.39234135067308;Pnn2;True;True;;Li;Te;only octahedral cation;"4;4;4;4";"6;6;6;6";2.145;2.082;6;6;2;2;0;4;4;9;9;non-perovskite (edge-sharing BO6);1.0;5.0;False;;;
mp-755258;TmVO3;0.0;10.935190777647078;Pnma;False;True;;Tm;V;only octahedral cation;"8;8;8;8";"6;6;6;6";2.387;2.014;6;6;6;0;0;8;8;8;8;perovskite;3.0;3.0;False;0.8499146213085363;0.4571428571428572;IX
mp-755240;AsAuO3;0.1175877633333364;17.209202273814462;C2/c;True;False;Structure contains elements not in set of BV parameters: {Element Au};As;Au;neither octahedral: lower CN;"4;4;4;4";"2;2;2;2";1.746;2.065;2;2;0;0;0;4;4;2;2;non-perovskite (B not octahedral);;;;;;
mp-755281;VCrO3;0.0123088286250023;9.948861659885637;P1;True;True;;V;Cr;both octahedral: shorter M-O;"6;6;6;6";"6;6;6;6";2.022;2.003;6;6;3;2;1;6;6;4;5;non-perovskite (face-sharing BO6);3.0;3.0;False;0.7158798181739737;0.43928571428571433;VI
mp-755321;SrCrO3;0.0964323934375022;12.04838964381148;P6_3/mmc;True;True;;Sr;Cr;only octahedral cation;"12;12;12;12";"6;6;6;6";2.793;1.91;6;6;3;0;1;12;12;6;6;non-perovskite (face-sharing BO6);2.0;4.0;False;1.0298375684973307;0.3928571428571429;XII
mp-755358;LuAlO3;0.0616271787500029;11.412048248056117;P6_3/mmc;True;True;;Al;Lu;only octahedral cation;"5;5";"6;6";1.909;2.212;6;6;0;6;0;5;5;6;6;non-perovskite (edge-sharing BO6);3.0;3.0;False;0.6051533045537237;0.615;VI
mp-755342;LuGaO3;0.021206369333349;12.121093888475164;P6_3/mmc;True;True;;Ga;Lu;only octahedral cation;"5;5";"6;6";1.968;2.234;6;6;0;6;0;5;5;6;6;non-perovskite (edge-sharing BO6);3.0;3.0;False;0.631736266252466;0.615;VI
mp-755382;BiSbO3;0.0862209489999994;16.676267335128564;R-3;True;True;;Bi;Sb;both octahedral: shorter M-O;"6;6";"6;6";2.409;2.394;6;6;0;3;0;6;6;1;1;non-perovskite (edge-sharing BO6);3.0;3.0;False;0.8413261239117716;0.5428571428571429;VIII
mp-755416;HoGaO3;0.049537561350001;11.280401892909344;Pnma;False;True;;Ho;Ga;only octahedral cation;"8;8;8;8";"6;6;6;6";2.431;2.019;6;6;6;0;0;8;8;8;8;perovskite;3.0;3.0;False;0.8821332121733166;0.4428571428571429;X
mp-755471;LuCrO3;0.0;10.50114058627569;Pnma;False;True;;Lu;Cr;only octahedral cation;"8;8;8;8";"6;6;6;6";2.36;1.986;6;6;6;0;0;8;8;8;8;perovskite;3.0;3.0;False;0.8534410381368157;0.43928571428571433;IX
mp-755462;PrHfO3;0.1352683152499949;13.832992223557586;Pnma;True;True;;Pr;Hf;only octahedral cation;"8;8;8;8";"6;6;6;6";2.64;2.13;6;6;6;0;0;8;8;8;8;perovskite;2.0;4.0;False;;;
mp-755478;CdBiO3;0.0;14.526917584693376;R3;True;False;Valences cannot be assigned!;Cd;Bi;both octahedral: shorter M-O;"6;6";"6;6";2.354;2.253;6;6;0;3;0;6;6;4;7;non-perovskite (edge-sharing BO6);;;;;;
mp-755525;TmTiO3;0.0611553202499841;11.473097971360978;Pnma;True;True;;Tm;Ti;only octahedral cation;"8;8;8;8";"6;6;6;6";2.424;2.052;6;6;6;0;0;8;8;8;8;perovskite;3.0;3.0;False;0.8375970181011664;0.47857142857142865;IX
mp-755535;ZnFeO3;0.1158366850000005;11.373798370194436;C2/c;True;False;Valences cannot be assigned!;Zn;Fe;only octahedral cation;"4;4;4;4";"6;6;6;6";1.968;2.002;6;6;0;5;0;4;4;7;7;non-perovskite (edge-sharing BO6);;;;;;
mp-755568;GaBiO3;0.0511125474999989;12.504979164817884;R3c;True;True;;Bi;Ga;both octahedral: shorter M-O;"6;6";"6;6";2.405;2.037;6;6;6;0;0;6;6;8;8;perovskite;3.0;3.0;False;0.8996358552719935;0.4428571428571429;VIII
mp-755574;LuAlO3;0.0210325502500019;10.10306065258538;Pnma;True;True;;Lu;Al;only octahedral cation;"8;8;8;8";"6;6;6;6";2.364;1.927;6;6;6;0;0;8;8;8;8;perovskite;3.0;3.0;False;0.888725422142472;0.3821428571428572;IX
mp-755572;EuNbO3;0.0236158710000005;13.416265074655362;Pm-3m;False;True;;Eu;Nb;only octahedral cation;12;6;2.872;2.032;6;6;6;0;0;12;12;8;8;perovskite;2.0;4.0;False;0.9348767539725988;0.48571428571428577;X
mp-755569;CoPbO3;0.1389152479999982;10.934001555316502;Pnma;True;True;;Pb;Co;only octahedral cation;"8;8;8;8";"6;6;6;6";2.473;1.951;6;6;6;0;0;8;8;8;8;perovskite;2.0;4.0;False;1.0588282889270062;0.3785714285714286;XII
mp-755559;LiNbO3;0.0551661700000032;12.501378887896587;C2/m;True;True;;Li;Nb;both octahedral: higher valence;"6;6";"6;6";2.229;2.026;6;6;0;3;0;6;6;4;6;non-perovskite (edge-sharing BO6);1.0;5.0;False;0.8041606531141127;0.4571428571428572;VIII
mp-755580;VGaO3;0.0920560701249986;10.39359846311226;Pnma;True;True;;Ga;V;only octahedral cation;"4;4;4;4";"6;6;6;6";1.924;2.064;6;6;6;0;0;4;4;8;8;perovskite;3.0;3.0;False;0.70017436176315;0.4571428571428572;VI
mp-755583;LuVO3;0.0057737502499968;11.26204707868989;Pnma;False;True;;Lu;V;only octahedral cation;"8;8;8;8";"6;6;6;6";2.405;2.045;6;6;6;0;0;8;8;8;8;perovskite;3.0;3.0;False;0.8429822018851388;0.4571428571428572;IX
mp-755605;TbCO3;0.0258220641249966;10.497533138366531;P2_1/m;True;True;;Tb;C;neither octahedral: lower CN;"9;9;9;9";"3;3;3;3";2.466;1.4;3;3;0;0;0;9;9;4;6;non-perovskite (B not octahedral);3.0;3.0;False;;;
mp-755606;TiCrO3;0.1188916951666705;10.50851048742478;Pnma;True;True;;Cr;Ti;both octahedral: higher valence;"6;6;6;6";"6;6;6;6";2.231;1.992;6;6;6;0;0;6;6;8;8;perovskite;2.0;4.0;False;0.7758777648929699;0.43214285714285716;VI
mp-755612;DyGaO3;0.048170022599999;11.34544279442125;Pnma;False;True;;Dy;Ga;only octahedral cation;"8;8;8;8";"6;6;6;6";2.442;2.016;6;6;6;0;0;8;8;8;8;perovskite;3.0;3.0;False;0.8691812562802955;0.4428571428571429;IX
mp-755657;TiVO3;0.029407818000001;10.46578490578491;R-3;True;True;;V;Ti;both octahedral: higher valence;"6;6";"6;6";2.087;2.013;6;6;0;3;0;6;6;1;4;non-perovskite (edge-sharing BO6);2.0;4.0;False;0.77235104777982;0.43214285714285716;VI
mp-755685;SmYO3;0.0638265499999981;15.030837238300707;Pna2_1;True;True;;Sm;Y;both octahedral: shorter M-O;"6;6;6;6";"6;6;6;6";2.396;2.305;6;6;6;0;0;6;6;8;8;perovskite;3.0;3.0;False;0.8116356097097762;0.6428571428571429;XII
mp-755711;MgCoO3;0.1037203929999996;10.012767615010912;C2/c;True;True;;Mg;Co;only octahedral cation;"5;5;5;5";"6;6;6;6";2.08;1.897;6;6;0;5;0;5;5;7;8;non-perovskite (edge-sharing BO6);2.0;4.0;False;0.8390023465892196;0.3785714285714286;VIII
mp-755717;SmHoO3;0.0669326369999989;14.667976398520832;Pnma;True;True;;Sm;Ho;only octahedral cation;"8;8;8;8";"6;6;6;6";2.625;2.26;6;6;6;0;0;6;8;8;8;perovskite;3.0;3.0;False;0.8112828780236788;0.6435714285714287;XII
mp-755740;TbHoO3;0.0955574117500006;14.288854476354896;Pnma;True;True;;Tb;Ho;only octahedral cation;"8;8;8;8";"6;6;6;6";2.594;2.26;6;6;6;0;0;6;8;8;8;perovskite;3.0;3.0;False;0.7667237805564694;0.6435714285714287;IX
mp-755792;LuGaO3;0.0545423528333488;10.937680631039443;Pnma;True;True;;Lu;Ga;only octahedral cation;"8;8;8;8";"6;6;6;6";2.392;2.014;6;6;6;0;0;8;8;8;8;perovskite;3.0;3.0;False;0.8513285603196452;0.4428571428571429;IX
mp-755798;ZrPbO3;0.0349454943125024;14.58182095237768;Pnma;True;True;;Pb;Zr;only octahedral cation;"3;3;3;3";"6;6;6;6";2.545;2.139;6;6;6;0;0;8;3;8;8;perovskite;2.0;4.0;False;0.9639333007684536;0.5142857142857143;XII
mp-755788;TlCoO3;0.067084557714284;11.690235340971311;R-3;True;True;;Tl;Co;both octahedral: shorter M-O;"6;6";"6;6";2.359;1.939;6;6;0;3;0;6;6;7;7;non-perovskite (edge-sharing BO6);3.0;3.0;False;0.8372707160318325;0.4357142857142857;VIII
mp-755790;HfPbO3;0.0148324973125024;13.762916743903464;Pnma;True;True;;Pb;Hf;only octahedral cation;"3;3;3;3";"6;6;6;6";2.565;2.079;6;6;6;0;0;9;3;8;8;perovskite;2.0;4.0;False;0.9685017050374987;0.5071428571428571;XII
mp-755834;AgSnO3;0.0916699760000012;13.459491336386623;Cmmm;True;False;Valences cannot be assigned!;Ag;Sn;only octahedral cation;"4;8";"6;6";2.412;2.11;6;6;2;2;0;4;4;8;8;non-perovskite (edge-sharing BO6);;;;;;
mp-755829;BSbO3;0.0471894386666686;15.66383117680024;C2/c;True;True;;Sb;B;neither octahedral: shorter M-O;"3;3;3;3";"3;3;3;3";2.017;1.389;3;3;0;0;0;3;3;5;5;non-perovskite (B not octahedral);3.0;3.0;False;0.914581225965834;0.1928571428571429;VI
mp-755865;TbNiO3;0.0;10.55254897881704;Pnma;True;True;;Tb;Ni;only octahedral cation;"8;8;8;8";"6;6;6;6";2.401;1.948;6;6;6;0;0;8;8;8;8;perovskite;3.0;3.0;False;0.882115709530218;0.4285714285714286;IX
mp-755877;BaNdO3;0.1785233512500008;18.923568491923373;Pm-3m;True;False;Valences cannot be assigned!;Ba;Nd;only octahedral cation;12;6;3.222;2.278;6;6;6;0;0;12;12;8;8;perovskite;;;;;;
mp-755893;CaBiO3;0.0;14.451861403409517;P2_1/c;True;False;Valences cannot be assigned!;Ca;Bi;only octahedral cation;"8;8;8;8";"6;6;6;6";2.62;2.231;6;6;6;0;0;6;8;8;8;perovskite;;;;;;
mp-756030;GdTmO3;0.0678473967500004;14.10977416249106;Pnma;True;True;;Gd;Tm;only octahedral cation;"8;8;8;8";"6;6;6;6";2.592;2.231;6;6;6;0;0;6;8;8;8;perovskite;3.0;3.0;False;0.7775073247520502;0.6285714285714287;IX
mp-756048;TbErO3;0.0884384083749996;14.173335024849544;Pnma;True;True;;Tb;Er;only octahedral cation;"8;8;8;8";"6;6;6;6";2.589;2.248;6;6;6;0;0;6;8;8;8;perovskite;3.0;3.0;False;0.7704067332141642;0.6357142857142858;IX
mp-756050;TaCuO3;0.0330801600000008;14.066150610390414;C2/m;True;True;;Cu;Ta;only octahedral cation;"2;2;2;2";"6;6;6;6";1.861;2.026;6;6;2;3;0;2;2;4;6;non-perovskite (edge-sharing BO6);1.0;5.0;False;0.7521675074386313;0.4571428571428572;VI
mp-756062;CeFeO3;0.0797908600000028;12.29624106281836;Pnma;True;True;;Ce;Fe;only octahedral cation;"8;8;8;8";"6;6;6;6";2.463;2.119;6;6;6;0;0;8;8;6;8;perovskite;3.0;3.0;False;0.9474193547438339;0.46071428571428574;XII
mp-756083;TiCrO3;0.1237266258333367;11.20069771935522;P1;True;True;;Cr;Ti;both octahedral: higher valence;"6;6;6;6;6;6";"6;6;6;6;6;6";2.152;2.052;6;6;0;3;1;6;6;4;6;non-perovskite (face-sharing BO6);2.0;4.0;False;0.7758777648929699;0.43214285714285716;VI
mp-756082;AlVO3;0.0864430801249973;9.236975104583047;Pnma;True;True;;V;Al;only octahedral cation;"8;8;8;8";"6;6;6;6";2.258;1.917;6;6;6;0;0;6;8;8;8;perovskite;3.0;3.0;False;0.7454769165997709;0.3821428571428572;VI
mp-756063;RbNbO3;0.0243193675000004;17.553497501170597;C2/m;True;True;;Rb;Nb;only octahedral cation;"8;4;4;8";"6;6;6;6";2.961;2.042;6;6;2;3;0;4;4;6;6;non-perovskite (edge-sharing BO6);1.0;5.0;False;1.0814574300500137;0.4571428571428572;XII
mp-756102;MgCoO3;0.0920752715000006;9.116834877196954;Pnma;True;True;;Mg;Co;only octahedral cation;"8;8;8;8";"6;6;6;6";2.249;1.902;6;6;6;0;0;6;8;8;8;perovskite;2.0;4.0;False;0.8390023465892196;0.3785714285714286;VIII
mp-756118;TbSmO3;0.082701226000001;15.071463134117334;Pnma;True;True;;Sm;Tb;only octahedral cation;"8;8;8;8";"6;6;6;6";2.643;2.292;6;6;6;0;0;6;8;8;8;perovskite;3.0;3.0;False;0.8035996135740359;0.6592857142857144;XII
mp-756124;TbCrO3;0.0;11.02208283843494;Pnma;False;True;;Tb;Cr;only octahedral cation;"8;8;8;8";"6;6;6;6";2.425;1.991;6;6;6;0;0;8;8;8;8;perovskite;3.0;3.0;False;0.8755490913451297;0.43928571428571433;IX
mp-756147;CrInO3;0.0512829044999998;11.05289369038402;Pnma;False;True;;In;Cr;both octahedral: shorter M-O;"6;6;6;6";"6;6;6;6";2.268;2.028;6;6;6;0;0;6;6;8;8;perovskite;3.0;3.0;False;0.8141378324331466;0.43928571428571433;VIII
mp-756166;LaHoO3;0.0345304601249996;15.327598223719956;Pnma;False;True;;La;Ho;only octahedral cation;"8;8;8;8";"6;6;6;6";2.69;2.266;6;6;6;0;0;6;8;8;8;perovskite;3.0;3.0;False;0.8481593724793006;0.6435714285714287;XII
mp-756205;ScBiO3;0.0321571613750002;13.411338643778194;Pnma;True;True;;Bi;Sc;only octahedral cation;"8;8;8;8";"6;6;6;6";2.593;2.143;6;6;6;0;0;6;8;8;8;perovskite;3.0;3.0;False;0.8472095233796861;0.5321428571428571;VIII
mp-756224;TbGdO3;0.0945441353750009;14.815768320058442;Pnma;True;True;;Gd;Tb;only octahedral cation;"8;8;8;8";"6;6;6;6";2.626;2.288;6;6;6;0;0;4;8;8;8;perovskite;3.0;3.0;False;0.7631152391023136;0.6592857142857144;IX
mp-756214;YAlO3;0.0458074795499978;10.406847158327306;R-3c;True;True;;Y;Al;only octahedral cation;"9;9";"6;6";2.522;1.909;6;6;6;0;0;9;9;8;8;perovskite;3.0;3.0;False;0.9044389061688396;0.3821428571428572;IX
mp-756246;NdZrO3;0.0860923085249893;15.522158826074524;I-4m2;True;True;;Nd;Zr;neither octahedral: lower CN;"7;7;7;7";"5;5;5;5";2.483;2.136;5;5;5;0;0;7;7;6;6;non-perovskite (B not octahedral);3.0;3.0;False;;;
mp-756281;TmAlO3;0.0190793842000029;9.89269608580833;Pnma;True;True;;Tm;Al;only octahedral cation;"8;8;8;8";"6;6;6;6";2.359;1.905;6;6;6;0;0;8;8;8;8;perovskite;3.0;3.0;False;0.8960340193640384;0.3821428571428572;IX
mp-756282;VBiO3;0.010364148125002;11.94250815592095;Pnma;True;True;;Bi;V;only octahedral cation;"8;8;8;8";"6;6;6;6";2.525;2.029;6;6;6;0;0;8;8;8;8;perovskite;3.0;3.0;False;0.8908158959065817;0.4571428571428572;VIII
mp-756296;ErTiO3;0.0580281612499842;11.5568752591697;Pnma;True;True;;Er;Ti;only octahedral cation;"8;8;8;8";"6;6;6;6";2.434;2.05;6;6;6;0;0;8;8;8;8;perovskite;3.0;3.0;False;0.8410129928895071;0.47857142857142865;IX
mp-756290;TbGaO3;0.0471807335833336;11.419860772036127;Pnma;True;True;;Tb;Ga;only octahedral cation;"8;8;8;8";"6;6;6;6";2.451;2.017;6;6;6;0;0;8;8;8;8;perovskite;3.0;3.0;False;0.8733818906239782;0.4428571428571429;IX
mp-756272;LaDyO3;0.0407711452499999;15.614196663240042;Pna2_1;True;True;;La;Dy;only octahedral cation;"8;8;8;8";"6;6;6;6";2.703;2.286;6;6;6;0;0;6;8;8;8;perovskite;3.0;3.0;False;0.8441240121431103;0.6514285714285715;XII
mp-756322;HfCrO3;0.0972898756666733;12.24033835755863;Pnma;True;True;;Cr;Hf;both octahedral: higher valence;"6;6;6;6";"6;6;6;6";2.258;2.114;6;6;2;2;0;4;6;8;8;non-perovskite (edge-sharing BO6);2.0;4.0;False;0.7372677339385805;0.5071428571428571;VI
mp-756315;EuVO3;0.0432424361249985;11.398863596996865;Pm-3m;True;True;;Eu;V;only octahedral cation;12;6;2.72;1.924;6;6;6;0;0;12;12;8;8;perovskite;2.0;4.0;False;0.9820927516479826;0.41428571428571426;X
mp-756365;CaCeO3;0.0590747670000126;15.0704188904698;Pnma;True;True;;Ca;Ce;only octahedral cation;"8;8;8;8";"6;6;6;6";2.66;2.264;6;6;6;0;0;6;8;8;8;perovskite;2.0;4.0;False;0.8535121499784759;0.6214285714285714;XII
mp-756424;GdLuO3;0.0555969621249978;13.902812123877434;Pnma;True;True;;Gd;Lu;only octahedral cation;"8;8;8;8";"6;6;6;6";2.584;2.209;6;6;6;0;0;6;8;8;8;perovskite;3.0;3.0;False;0.7840409997499664;0.615;IX
mp-756419;ScFeO3;0.1381116888749982;10.068491910800187;P2_1/c;True;True;;Sc;Fe;only octahedral cation;"8;8;8;8";"6;6;6;6";2.314;1.979;6;6;6;0;0;6;8;8;8;perovskite;3.0;3.0;False;0.7849058157914244;0.46071428571428574;VIII
mp-756452;SmDyO3;0.074952790624998;14.901213141261128;Pnma;True;True;;Sm;Dy;only octahedral cation;"8;8;8;8";"6;6;6;6";2.636;2.277;6;6;6;0;0;6;8;8;8;perovskite;3.0;3.0;False;0.8074229681368881;0.6514285714285715;XII
mp-756458;ErAlO3;0.0178320447000022;9.969458892692668;Pnma;True;True;;Er;Al;only octahedral cation;"8;8;8;8";"6;6;6;6";2.372;1.905;6;6;6;0;0;8;8;8;8;perovskite;3.0;3.0;False;0.8996883179748215;0.3821428571428572;IX
mp-756469;DyLuO3;0.0753125326249986;13.577417253462622;Pnma;True;True;;Dy;Lu;only octahedral cation;"8;8;8;8";"6;6;6;6";2.556;2.206;6;6;6;0;0;6;8;8;8;perovskite;3.0;3.0;False;0.7765352223291451;0.615;IX
mp-756464;TlCoO3;0.0902749872142845;11.63083047154483;Pnma;True;True;;Tl;Co;both octahedral: shorter M-O;"6;6;6;6";"6;6;6;6";2.365;2.035;6;6;6;0;0;6;6;8;8;perovskite;3.0;3.0;False;0.8372707160318325;0.4357142857142857;VIII
mp-756546;ScVO3;0.0493919894999983;10.78877179595276;Pnma;True;True;;Sc;V;only octahedral cation;"8;8;8;8";"6;6;6;6";2.369;2.045;6;6;6;0;0;6;8;8;8;perovskite;3.0;3.0;False;0.7868296045556189;0.4571428571428572;VIII
mp-756630;DyAlO3;0.0128234829999982;10.117135501591418;Pnma;False;True;;Dy;Al;only octahedral cation;"8;8;8;8";"6;6;6;6";2.401;1.904;6;6;6;0;0;8;8;8;8;perovskite;3.0;3.0;False;0.9073623450574662;0.3821428571428572;IX
mp-756665;ZrCoO3;0.0785098070000032;11.44118621595702;Pnma;True;True;;Co;Zr;both octahedral: higher valence;"6;6;6;6";"6;6;6;6";2.128;2.16;6;6;2;2;0;6;6;8;8;non-perovskite (edge-sharing BO6);2.0;4.0;False;0.7671441494004995;0.5142857142857143;VIII
mp-756686;AlGaO3;0.1075334769999987;9.12112008864094;Pnma;True;True;;Ga;Al;both octahedral: shorter M-O;"6;6;6;6";"6;6;6;6";2.115;1.929;6;6;6;0;0;6;6;8;8;perovskite;3.0;3.0;False;0.7381683193782045;0.3821428571428572;VI
mp-756705;YAlO3;0.0604375268833301;13.238805999159217;Cmcm;True;True;;Y;Al;neither octahedral: lower CN;"8;8;8;8;8;8";"4;4;4;4;4;4";2.455;1.765;4;4;2;0;0;8;8;6;6;non-perovskite (B not octahedral);3.0;3.0;False;0.9044389061688396;0.3821428571428572;IX
mp-756708;CaPrO3;0.1753800013749993;16.30112592770017;Pnma;True;False;Valences cannot be assigned!;Ca;Pr;both octahedral: shorter M-O;"6;6;6;6";"6;6;6;6";2.476;2.398;6;6;6;0;0;6;6;8;8;perovskite;;;;;;
mp-756762;TbTmO3;0.0797585176250006;13.969407276091028;Pnma;True;True;;Tb;Tm;only octahedral cation;"8;8;8;8";"6;6;6;6";2.578;2.231;6;6;6;0;0;6;8;8;8;perovskite;3.0;3.0;False;0.7737857101142264;0.6285714285714287;IX
mp-756834;HoCrO3;0.0;10.843497799811283;Pnma;False;True;;Ho;Cr;only octahedral cation;"8;8;8;8";"6;6;6;6";2.401;1.99;6;6;6;0;0;8;8;8;8;perovskite;3.0;3.0;False;0.8843221283325559;0.43928571428571433;X
mp-756850;LuAlO3;0.0983123664166694;12.393602628995222;Cmcm;True;True;;Lu;Al;neither octahedral: lower CN;"8;8;8;8;8;8";"4;4;4;4;4;4";2.393;1.777;4;4;2;0;0;8;8;6;6;non-perovskite (B not octahedral);3.0;3.0;False;0.888725422142472;0.3821428571428572;IX
mp-756909;TlGaO3;0.0695921199999984;11.586743095127746;Pnma;True;True;;Tl;Ga;both octahedral: shorter M-O;"6;6;6;6";"6;6;6;6";2.354;2.032;6;6;6;0;0;6;6;8;8;perovskite;3.0;3.0;False;0.8331258114970213;0.4428571428571429;VIII
mp-756933;TaTlO3;0.004274724750001;15.18768858646872;Fd-3m;True;True;;Tl;Ta;both octahedral: higher valence;"6;6;6;6";"6;6;6;6";2.765;1.994;6;6;6;0;0;6;6;6;6;non-perovskite (corner-sharing, A outside cavity);1.0;5.0;False;1.074525010626616;0.4571428571428572;XII
mp-756941;LiFeO3;0.1484442286000016;9.89273071521638;Pnna;True;False;Valences cannot be assigned!;Li;Fe;both octahedral: shorter M-O;"6;6;6;6";"6;6;6;6";2.121;1.906;6;6;2;2;0;6;6;9;9;non-perovskite (edge-sharing BO6);;;;;;
mp-756951;LiSbO3;0.0585717844999997;11.696062373991854;C2/m;True;True;;Li;Sb;both octahedral: higher valence;"6;6";"6;6";2.174;1.995;6;6;0;3;0;6;6;4;4;non-perovskite (edge-sharing BO6);1.0;5.0;False;0.820243866176395;0.4285714285714286;VIII
mp-756947;AlCoO3;0.1016470329999998;9.98670077916827;C2/c;True;True;;Al;Co;only octahedral cation;"4;4;4;4";"6;6;6;6";1.783;1.981;6;6;0;5;0;4;4;7;7;non-perovskite (edge-sharing BO6);3.0;3.0;False;0.6807221997989898;0.4357142857142857;VI
mp-757023;VCrO3;0.0132536116250019;9.954120686197722;P1;True;True;;V;Cr;both octahedral: shorter M-O;"6;6;6;6";"6;6;6;6";2.02;2.006;6;6;3;1;1;6;6;4;5;non-perovskite (face-sharing BO6);3.0;3.0;False;0.7158798181739737;0.43928571428571433;VI
mp-757083;CoBO3;0.176387301722225;11.96691120518733;P-1;True;True;;Co;B;neither octahedral: lower CN;"5;5";"3;3";1.958;1.377;3;3;0;0;0;5;5;5;5;non-perovskite (B not octahedral);3.0;3.0;False;0.8510686408293177;0.1928571428571429;VI
mp-757501;BaMnO3;0.0052143219999987;13.14047813104326;P-6m2;True;True;;Ba;Mn;only octahedral cation;"12;12;12;12;12;12";"6;6;6;6;6;6";2.896;1.916;6;6;0;0;2;12;12;6;6;non-perovskite (face-sharing BO6);2.0;4.0;False;1.1027934773945636;0.3785714285714286;XII
mp-757636;NbTlO3;0.0;15.56024519544954;P1;True;True;;Tl;Nb;only octahedral cation;"6;3;3;6;6;4;6;5";"6;6;6;6;6;6;6;6";2.757;2.019;6;6;6;0;0;5;3;6;6;non-perovskite (corner-sharing, A outside cavity);1.0;5.0;False;1.074525010626616;0.4571428571428572;XII
mp-758371;YbAlO3;0.1836875832499984;9.673253620077208;Pm-3m;True;True;;Yb;Al;only octahedral cation;12;6;2.576;1.822;6;6;6;0;0;12;12;8;8;perovskite;3.0;3.0;False;0.8923797207532552;0.3821428571428572;IX
mp-758652;ZnCoO3;0.082076907052631;9.665191092533512;R-3;True;True;;Zn;Co;both octahedral: higher valence;"6;6";"6;6";2.129;1.884;6;6;0;3;0;6;6;7;7;non-perovskite (edge-sharing BO6);2.0;4.0;False;0.8426661122948492;0.3785714285714286;VIII
mp-758727;CuCO3;0.1286134840000015;12.47826526754434;P1;True;True;;Cu;C;neither octahedral: lower CN;"5;5;5;5;4;4;5;4;5";"3;3;3;3;3;3;3;3;3";2.048;1.295;3;3;0;0;0;4;4;3;4;non-perovskite (B not octahedral);2.0;4.0;False;0.9654727204662477;0.1142857142857143;VI
mp-759116;YbAlO3;0.0391980192499996;11.205612796442995;P6_3/mmc;True;True;;Al;Yb;only octahedral cation;"5;5";"6;6";1.894;2.202;6;6;0;6;0;5;5;6;6;non-perovskite (edge-sharing BO6);3.0;3.0;False;0.6032855474409037;0.62;VI
mp-759744;MnFeO3;0.0665825984375008;10.960427948853471;P1;True;True;;Fe;Mn;both octahedral: shorter M-O;"6;6;6;6;6;6;6;6";"6;6;6;6;6;6;6;6";2.066;2.064;6;6;2;4;0;6;6;5;5;non-perovskite (edge-sharing BO6);3.0;3.0;False;0.7537862019494734;0.46071428571428574;VIII
mp-759939;AgGeO3;0.161109082000002;11.378514352920584;Pmma;True;True;;Ag;Ge;both octahedral: higher valence;"6;6";"6;6";2.356;1.938;6;6;2;2;0;6;6;8;8;non-perovskite (edge-sharing BO6);2.0;4.0;False;0.8573211751173684;0.3785714285714286;VI
mp-760376;KTiO3;0.0894475605000018;15.719173197249455;P4mm;True;False;Valences cannot be assigned!;K;Ti;neither octahedral: lower CN;8;5;2.881;1.909;5;5;4;0;0;8;8;8;8;non-perovskite (B not octahedral);;;;;;
mp-760386;CsClO3;0.0681614656250007;21.81588551144378;R3m;True;True;;Cs;Cl;neither octahedral: lower CN;9;3;3.215;1.508;3;3;0;0;0;12;9;8;8;non-perovskite (B not octahedral);1.0;5.0;False;;;
mp-760405;ErBO3;0.0931726309999998;11.721055077696269;Ama2;True;True;;Er;B;neither octahedral: lower CN;"8;8";"3;3";2.312;1.389;3;3;0;0;0;8;8;6;6;non-perovskite (B not octahedral);3.0;3.0;False;1.0424532307073533;0.1928571428571429;IX
mp-760457;YBO3;0.0850593166666673;12.12254944061883;Ama2;True;True;;Y;B;neither octahedral: lower CN;"8;8";"3;3";2.342;1.39;3;3;0;0;0;8;8;6;6;non-perovskite (B not octahedral);3.0;3.0;False;1.047957654752518;0.1928571428571429;IX
mp-760461;LuBO3;0.0287614090000012;11.768929086573689;Cmcm;True;True;;B;Lu;only octahedral cation;"3;3";"6;6";1.383;2.233;6;6;2;2;0;3;3;6;6;non-perovskite (edge-sharing BO6);3.0;3.0;False;0.522277012198821;0.615;VI
mp-760477;SmBO3;0.0608205275000006;12.849753616135;Ama2;True;True;;Sm;B;neither octahedral: lower CN;"8;8";"3;3";2.388;1.389;3;3;0;0;0;8;8;6;6;non-perovskite (B not octahedral);3.0;3.0;False;1.1178214984026857;0.1928571428571429;XII
mp-760484;TmBO3;0.0300250476000023;11.635561242130828;Ama2;True;True;;B;Tm;only octahedral cation;"3;3";"6;6";1.389;2.281;6;6;6;0;0;3;3;6;6;non-perovskite (corner-sharing, A outside cavity);3.0;3.0;False;0.5179247037638308;0.6285714285714287;VI
mp-760595;CuCO3;0.1030054350000009;13.977655073651396;P2_1/c;True;True;;Cu;C;neither octahedral: lower CN;"4;4;4;4";"3;3;3;3";2.004;1.293;3;3;0;0;0;4;4;3;4;non-perovskite (B not octahedral);2.0;4.0;False;0.9654727204662477;0.1142857142857143;VI
mp-760536;CuCO3;0.1389209366666666;12.36830544294164;P-6;True;True;;Cu;C;neither octahedral: lower CN;"4;4;4";"3;3;3";2.0;1.295;3;3;0;0;0;4;4;4;4;non-perovskite (B not octahedral);2.0;4.0;False;0.9654727204662477;0.1142857142857143;VI
mp-760701;LiNbO3;0.035907200000004;12.649210449364222;C2/c;True;True;;Li;Nb;only octahedral cation;"4;6;6;4";"6;6;6;6";2.142;2.029;6;6;0;3;0;4;4;4;4;non-perovskite (edge-sharing BO6);1.0;5.0;False;0.8041606531141127;0.4571428571428572;VIII
mp-760833;LiFeO3;0.1312033454333363;10.562096839604305;Cm;True;False;Valences cannot be assigned!;Li;Fe;only octahedral cation;"6;4;4;6;6;4;4;4;4;4;4;6";"6;6;6;6;6;6;6;6;6;6;6;6";2.069;1.895;6;6;0;3;0;4;4;4;4;non-perovskite (edge-sharing BO6);;;;;;
mp-760994;NaSbO3;0.0656552866666677;14.214871872264451;P-1;True;True;;Na;Sb;only octahedral cation;"4;6;5;5;6;4";"6;6;6;6;6;6";2.554;2.018;6;6;4;1;0;5;4;5;6;non-perovskite (edge-sharing BO6);1.0;5.0;False;0.9864139597552337;0.4285714285714286;XII
mp-761189;LiFeO3;0.4318582741000014;9.644365165026526;C2/m;True;True;;Li;Fe;both octahedral: higher valence;"6;6";"6;6";2.176;1.929;6;6;0;4;0;6;6;5;5;non-perovskite (edge-sharing BO6);1.0;4.0;False;0.8264421825454863;0.41785714285714287;VIII
mp-761288;MnBO3;0.0444202750520723;9.50344835636498;R-3c;True;True;;B;Mn;only octahedral cation;"3;3";"6;6";1.387;2.076;6;6;6;0;0;3;3;6;8;non-perovskite (corner-sharing, A outside cavity);3.0;3.0;False;0.5774417235117527;0.46071428571428574;VI
mp-761337;SrCrO3;0.0576359589375021;12.157698223776768;Ama2;True;True;;Sr;Cr;only octahedral cation;"12;12;12;12;12;12";"6;6;6;6;6;6";2.786;1.939;6;6;3;0;1;12;12;7;7;non-perovskite (face-sharing BO6);2.0;4.0;False;1.0298375684973307;0.3928571428571429;XII
mp-761293;ZrCoO3;0.097064912000004;12.053058494727658;R-3;True;True;;Co;Zr;both octahedral: higher valence;"6;6;6;6";"6;6;6;6";2.162;2.143;6;6;0;3;0;6;6;4;7;non-perovskite (edge-sharing BO6);2.0;4.0;False;0.7671441494004995;0.5142857142857143;VIII
mp-761574;CoSnO3;0.0348254175000022;11.810943758682876;R-3;True;True;;Co;Sn;both octahedral: higher valence;"6;6;6;6";"6;6;6;6";2.164;2.113;6;6;0;3;0;6;6;4;7;non-perovskite (edge-sharing BO6);2.0;4.0;False;0.7781557879086408;0.4928571428571428;VIII
mp-761524;MgCoO3;0.0660979655;9.5380426271781;R-3;True;True;;Mg;Co;both octahedral: higher valence;"6;6";"6;6";2.102;1.877;6;6;0;3;0;6;6;4;7;non-perovskite (edge-sharing BO6);2.0;4.0;False;0.8390023465892196;0.3785714285714286;VIII
mp-762225;BaCO3;0.0132368340000077;16.49460009684019;P2_1;True;True;;Ba;C;neither octahedral: lower CN;"9;9";"3;3";2.829;1.303;3;3;0;0;0;9;9;6;6;non-perovskite (B not octahedral);2.0;4.0;False;1.3643534688278898;0.1142857142857143;XII
mp-762506;SrNiO3;0.0459517169999932;11.850465607365829;Pm-3m;True;True;;Sr;Ni;only octahedral cation;"12;12";"6;6";2.757;1.949;6;6;6;0;0;12;12;8;8;perovskite;2.0;4.0;False;1.0681825843456356;0.34285714285714286;XII
mp-763200;LiVO3;0.0853073080000079;10.792854975417988;C2;True;True;;Li;V;both octahedral: higher valence;"6;6";"6;6";2.171;1.899;6;6;0;3;0;4;6;4;4;non-perovskite (edge-sharing BO6);1.0;5.0;False;0.8456122331715412;0.3857142857142858;VIII
mp-763901;NaVO3;0.0430134420000003;15.813630114901652;Ibam;True;True;;Na;V;neither octahedral: shorter M-O;"4;4;4;4";"4;4;4;4";2.307;1.753;4;4;2;0;0;4;4;4;6;non-perovskite (B not octahedral);1.0;5.0;False;1.0169216079950862;0.3857142857142858;XII
mp-765572;CoBO3;0.1994362862222241;11.596644766557146;C2/c;True;True;;Co;B;neither octahedral: lower CN;"5;5;5;5";"3;3;3;3";1.958;1.379;3;3;0;0;0;5;5;5;5;non-perovskite (B not octahedral);3.0;3.0;False;0.8510686408293177;0.1928571428571429;VI
mp-765647;AlVO3;0.0887325961249967;10.769123568217816;Cm;True;True;;Al;V;only octahedral cation;"4;6;6;4;6;4;6;4";"6;6;6;6;6;6;6;6";1.908;2.05;6;6;0;4;0;4;4;4;4;non-perovskite (edge-sharing BO6);3.0;3.0;False;0.6707115792137104;0.4571428571428572;VI
mp-766236;GdErO3;0.0049034642500007;14.999193586553172;C2;True;True;;Gd;Er;both octahedral: shorter M-O;"6;6;6;6;6;6;6;6";"6;6;6;6;6;6;6;6";2.315;2.264;6;6;1;4;0;6;6;6;6;non-perovskite (edge-sharing BO6);3.0;3.0;False;0.7741120962596831;0.6357142857142858;IX
mp-766243;YZrO3;0.0818304875083324;14.28391137350014;C2;True;True;;Y;Zr;both octahedral: shorter M-O;"6;6;6;6;6;6;6;6";"6;6;6;6;6;6;6;6";2.309;2.219;6;6;2;4;0;6;6;6;6;non-perovskite (edge-sharing BO6);3.0;3.0;False;;;
mp-766256;YTmO3;0.0032752953749994;14.44804364956132;C2;True;True;;Y;Tm;both octahedral: shorter M-O;"6;6;6;6;6;6;6;6";"6;6;6;6;6;6;6;6";2.276;2.245;6;6;1;4;0;6;6;6;6;non-perovskite (edge-sharing BO6);3.0;3.0;False;0.7675830190511863;0.6285714285714287;IX
mp-766856;CuPO3;0.1060278857499978;13.4953709320229;P2_1/c;True;True;;P;Cu;neither octahedral: lower CN;"4;4;4;4;4;4;4;4";"4;3;4;3;3;4;3;4";1.568;2.111;3;4;1;1;0;4;4;3;4;non-perovskite (B not octahedral);5.0;1.0;False;0.5800230739686887;0.55;VI
