Formula;bartel_A;bartel_B;bartel_X;bartel_nA;bartel_nB;bartel_rA;bartel_rB;bartel_rX;bartel_t;bartel_tau;bartel_t_pred;bartel_tau_pred;bartel_mu
AcAlO3;Ac;Al;O;3.0;3.0;1.12;0.535;1.4;0.920883249917364;2.117401035715936;1.0;1.0;0.3821428571428572
AcBO3;Ac;B;O;3.0;3.0;1.12;0.27;1.4;1.067011430293473;4.932480324975631;-1.0;-1.0;0.1928571428571429
AcCrO3;Ac;Cr;O;3.0;3.0;1.12;0.615;1.4;0.8843221283325559;2.390290532932892;1.0;1.0;0.43928571428571433
AcCuO3;Ac;Cu;O;3.0;3.0;1.12;0.54;1.4;0.9185098394794328;2.1218534263503255;1.0;1.0;0.3857142857142858
AcFeO3;Ac;Fe;O;3.0;3.0;1.12;0.645;1.4;0.8713491875746209;2.610529394791799;1.0;1.0;0.46071428571428574
AcGaO3;Ac;Ga;O;3.0;3.0;1.12;0.62;1.4;0.8821332121733166;2.4222178677704616;1.0;1.0;0.4428571428571429
AcMgO3;;;O;;;;;1.4;;;;;
AcMnO3;Ac;Mn;O;3.0;3.0;1.12;0.645;1.4;0.8713491875746209;2.610529394791799;1.0;1.0;0.46071428571428574
AcNiO3;Ac;Ni;O;3.0;3.0;1.12;0.6;1.4;0.8909545442950498;2.3054735855046724;1.0;1.0;0.4285714285714286
AcPdO3;Ac;Pd;O;3.0;3.0;1.12;0.76;1.4;0.8249579113843054;4.243460664907183;-1.0;-1.0;0.5428571428571429
AcScO3;Ac;Sc;O;3.0;3.0;1.12;0.745;1.4;0.8307268478275522;3.941421574458067;1.0;1.0;0.5321428571428571
AcSiO3;;;O;;;;;1.4;;;;;
AcTiO3;Ac;Ti;O;3.0;3.0;1.12;0.67;1.4;0.8608256466618839;2.8498954704217407;1.0;1.0;0.47857142857142865
AcVO3;Ac;V;O;3.0;3.0;1.12;0.64;1.4;0.873484847348088;2.5689365376800772;1.0;1.0;0.4571428571428572
AgAsO3;Ag;As;O;1.0;5.0;1.28;0.46;1.4;1.0188420288064233;4.762492297673209;1.0;-1.0;0.3285714285714286
AgAuO3;Ag;Au;O;1.0;5.0;1.28;0.57;1.4;0.9619523723756077;4.232002327461299;1.0;-1.0;0.40714285714285714
AgBO3;;;O;;;;;1.4;;;;;
AgBiO3;Ag;Bi;O;1.0;5.0;1.28;0.76;1.4;0.8773361914721977;4.072913752449061;1.0;1.0;0.5428571428571429
AgBrO3;Ag;Br;O;1.0;5.0;1.28;0.31;1.4;1.1082141365964602;6.42791103393523;-1.0;-1.0;0.22142857142857145
AgCO3;;;O;;;;;1.4;;;;;
AgClO3;Ag;Cl;O;1.0;5.0;1.28;0.12;1.4;1.2467409036710178;15.17283888470681;-1.0;-1.0;0.08571428571428572
AgGeO3;;;O;;;;;1.4;;;;;
AgIO3;Ag;I;O;1.0;5.0;1.28;0.95;1.4;0.8064026270552968;4.992728924233968;-1.0;-1.0;0.6785714285714286
AgNO3;Ag;N;O;1.0;5.0;1.28;0.13;1.4;1.238592270313691;14.074349061439428;-1.0;-1.0;0.09285714285714286
AgPO3;Ag;P;O;1.0;5.0;1.28;0.38;1.4;1.0646326817864873;5.457842545279114;-1.0;-1.0;0.27142857142857146
AgPbO3;;;O;;;;;1.4;;;;;
AgPdO3;;;O;;;;;1.4;;;;;
AgRuO3;Ag;Ru;O;1.0;5.0;1.28;0.565;1.4;0.9644000883358509;4.248132238434464;1.0;-1.0;0.4035714285714286
AgSbO3;Ag;Sb;O;1.0;5.0;1.28;0.6;1.4;0.9475230867899735;4.1489247171403925;1.0;1.0;0.4285714285714286
AgSnO3;;;O;;;;;1.4;;;;;
AgTeO3;;;O;;;;;1.4;;;;;
AlAgO3;;;O;;;;;1.4;;;;;
AlAuO3;Au;Al;O;3.0;3.0;0.85;0.535;1.4;0.822217187426218;3.9120018834588492;-1.0;1.0;0.3821428571428572
AlBO3;Al;B;O;3.0;3.0;0.535;0.27;1.4;0.8193123482610596;4.877865965453556;-1.0;-1.0;0.1928571428571429
AlBiO3;Bi;Al;O;3.0;3.0;1.17;0.535;1.4;0.93915474297128;2.001247201535822;1.0;1.0;0.3821428571428572
AlCoO3;Co;Al;O;3.0;3.0;0.61;0.535;1.4;0.7345140207674212;19.689717616203524;-1.0;-1.0;0.3821428571428572
AlCrO3;Cr;Al;O;3.0;3.0;0.615;0.535;1.4;0.7363411700728129;18.363586019242025;-1.0;-1.0;0.3821428571428572
AlCuO3;Cu;Al;O;3.0;3.0;0.54;0.535;1.4;0.708933930491939;319.128493792149;-1.0;-1.0;0.3821428571428572
AlFeO3;Fe;Al;O;3.0;3.0;0.78;0.535;1.4;0.7966370971507355;5.217662081229486;-1.0;-1.0;0.3821428571428572
AlGaO3;Ga;Al;O;3.0;3.0;0.62;0.535;1.4;0.7381683193782045;17.19478865044377;-1.0;-1.0;0.3821428571428572
AlInO3;In;Al;O;3.0;3.0;0.92;0.535;1.4;0.8477972777017002;3.1331711138971308;1.0;1.0;0.3821428571428572
AlIrO3;Ir;Al;O;3.0;3.0;0.68;0.535;1.4;0.7600941110429037;9.516196546652457;-1.0;-1.0;0.3821428571428572
AlMoO3;Mo;Al;O;3.0;3.0;0.69;0.535;1.4;0.7637484096536868;8.82429476576894;-1.0;-1.0;0.3821428571428572
AlNiO3;Ni;Al;O;3.0;3.0;0.6;0.535;1.4;0.7308597221566382;22.959231676275383;-1.0;-1.0;0.3821428571428572
AlPbO3;;;O;;;;;1.4;;;;;
AlPdO3;Pd;Al;O;3.0;3.0;0.76;0.535;1.4;0.7893284999291692;5.7565796459550445;-1.0;-1.0;0.3821428571428572
AlRhO3;Rh;Al;O;3.0;3.0;0.665;0.535;1.4;0.7546126631267288;10.759921577859046;-1.0;-1.0;0.3821428571428572
AlSbO3;Sb;Al;O;3.0;3.0;0.76;0.535;1.4;0.7893284999291692;5.7565796459550445;-1.0;-1.0;0.3821428571428572
AlSiO3;;;O;;;;;1.4;;;;;
AlSnO3;;;O;;;;;1.4;;;;;
AlTlO3;Tl;Al;O;3.0;3.0;0.98;0.535;1.4;0.8697230693663993;2.6957185116122293;1.0;1.0;0.3821428571428572
AlVO3;V;Al;O;3.0;3.0;0.64;0.535;1.4;0.7454769165997709;13.64336495018189;-1.0;-1.0;0.3821428571428572
AlWO3;;;O;;;;;1.4;;;;;
AsAuO3;Au;As;O;1.0;5.0;1.37;0.46;1.4;1.0530568730573855;4.772473948736751;1.0;-1.0;0.3285714285714286
BAuO3;Au;B;O;3.0;3.0;0.85;0.27;1.4;0.9526887770477437;4.420558339547292;1.0;-1.0;0.1928571428571429
BIrO3;Ir;B;O;3.0;3.0;0.68;0.27;1.4;0.8807078472263586;4.365107333999961;1.0;-1.0;0.1928571428571429
BOsO3;;;O;;;;;1.4;;;;;
BPbO3;;;O;;;;;1.4;;;;;
BPdO3;Pd;B;O;3.0;3.0;0.76;0.27;1.4;0.914581225965834;4.344884879111665;1.0;-1.0;0.1928571428571429
BPtO3;;;O;;;;;1.4;;;;;
BSbO3;Sb;B;O;3.0;3.0;0.76;0.27;1.4;0.914581225965834;4.344884879111665;1.0;-1.0;0.1928571428571429
BTeO3;;;O;;;;;1.4;;;;;
BaAlO3;;;O;;;;;1.4;;;;;
BaAuO3;;;O;;;;;1.4;;;;;
BaBO3;;;O;;;;;1.4;;;;;
BaBeO3;;;O;;;;;1.4;;;;;
BaBiO3;;;O;;;;;1.4;;;;;
BaCO3;Ba;C;O;2.0;4.0;1.61;0.16;1.4;1.3643534688278898;13.466590284391756;-1.0;-1.0;0.1142857142857143
BaCaO3;;;O;;;;;1.4;;;;;
BaCdO3;;;O;;;;;1.4;;;;;
BaCeO3;Ba;Ce;O;2.0;4.0;1.61;0.87;1.4;0.9376173618376686;3.6224724082218094;1.0;1.0;0.6214285714285714
BaClO3;;;O;;;;;1.4;;;;;
BaCoO3;Ba;Co;O;2.0;4.0;1.61;0.53;1.4;1.1027934773945636;4.109427366374311;-1.0;1.0;0.3785714285714286
BaCrO3;Ba;Cr;O;2.0;4.0;1.61;0.55;1.4;1.0914827750623115;3.9962529328549916;-1.0;1.0;0.3928571428571429
BaCuO3;;;O;;;;;1.4;;;;;
BaDyO3;;;O;;;;;1.4;;;;;
BaErO3;;;O;;;;;1.4;;;;;
BaEuO3;;;O;;;;;1.4;;;;;
BaFeO3;Ba;Fe;O;2.0;4.0;1.61;0.585;1.4;1.0722374868370317;3.830139115922958;-1.0;1.0;0.41785714285714287
BaGeO3;Ba;Ge;O;2.0;4.0;1.61;0.53;1.4;1.1027934773945636;4.109427366374311;-1.0;1.0;0.3785714285714286
BaHfO3;Ba;Hf;O;2.0;4.0;1.61;0.71;1.4;1.0087163087068758;3.511192925606932;1.0;1.0;0.5071428571428571
BaInO3;;;O;;;;;1.4;;;;;
BaIrO3;Ba;Ir;O;2.0;4.0;1.61;0.625;1.4;1.0510574870970408;3.684720085293605;1.0;1.0;0.44642857142857145
BaLiO3;;;O;;;;;1.4;;;;;
BaMnO3;Ba;Mn;O;2.0;4.0;1.61;0.53;1.4;1.1027934773945636;4.109427366374311;-1.0;1.0;0.3785714285714286
BaMoO3;Ba;Mo;O;2.0;4.0;1.61;0.65;1.4;1.03823971286415;3.615536105082425;1.0;1.0;0.46428571428571436
BaNbO3;Ba;Nb;O;2.0;4.0;1.61;0.68;1.4;1.023265101620917;3.552862824911479;1.0;1.0;0.48571428571428577
BaNdO3;;;O;;;;;1.4;;;;;
BaNiO3;Ba;Ni;O;2.0;4.0;1.61;0.48;1.4;1.1321230911550575;4.459812213847892;-1.0;-1.0;0.34285714285714286
BaNpO3;Ba;Np;O;2.0;4.0;1.61;0.87;1.4;0.9376173618376686;3.6224724082218094;1.0;1.0;0.6214285714285714
BaOsO3;Ba;Os;O;2.0;4.0;1.61;0.63;1.4;1.048468675552467;3.6696020594041583;1.0;1.0;0.45
BaPaO3;Ba;Pa;O;2.0;4.0;1.61;0.9;1.4;0.9253875701615252;3.707224081185826;1.0;1.0;0.6428571428571429
BaPbO3;Ba;Pb;O;2.0;4.0;1.61;0.775;1.4;0.9785707638489691;3.48924264193269;1.0;1.0;0.5535714285714286
BaPdO3;Ba;Pd;O;2.0;4.0;1.61;0.615;1.4;1.0562736532861083;3.7169369579709457;1.0;1.0;0.43928571428571433
BaPrO3;Ba;Pr;O;2.0;4.0;1.61;0.85;1.4;0.9459517383873367;3.5777310092951615;1.0;1.0;0.6071428571428572
BaPtO3;Ba;Pt;O;2.0;4.0;1.61;0.625;1.4;1.0510574870970408;3.684720085293605;1.0;1.0;0.44642857142857145
BaPuO3;Ba;Pu;O;2.0;4.0;1.61;0.86;1.4;0.9417661112263309;3.5989520908502293;1.0;1.0;0.6142857142857143
BaReO3;Ba;Re;O;2.0;4.0;1.61;0.63;1.4;1.048468675552467;3.6696020594041583;1.0;1.0;0.45
BaRhO3;Ba;Rh;O;2.0;4.0;1.61;0.6;1.4;1.0641957056857538;3.7703561476021745;-1.0;1.0;0.4285714285714286
BaRuO3;Ba;Ru;O;2.0;4.0;1.61;0.62;1.4;1.0536591145403504;3.700495375608381;1.0;1.0;0.4428571428571429
BaSO3;Ba;S;O;2.0;4.0;1.61;0.37;1.4;1.2024810233737333;5.702031237782828;-1.0;-1.0;0.2642857142857143
BaScO3;;;O;;;;;1.4;;;;;
BaSeO3;Ba;Se;O;2.0;4.0;1.61;0.5;1.4;1.120206005985004;4.307185442432095;-1.0;-1.0;0.35714285714285715
BaSiO3;Ba;Si;O;2.0;4.0;1.61;0.4;1.4;1.182439672984171;5.280866063622231;-1.0;-1.0;0.28571428571428575
BaSnO3;Ba;Sn;O;2.0;4.0;1.61;0.69;1.4;1.0183690963500038;3.5366905125842436;1.0;1.0;0.4928571428571428
BaTaO3;Ba;Ta;O;2.0;4.0;1.61;0.68;1.4;1.023265101620917;3.552862824911479;1.0;1.0;0.48571428571428577
BaTbO3;Ba;Tb;O;2.0;4.0;1.61;0.76;1.4;0.9853663941534758;3.4861783202829155;1.0;1.0;0.5428571428571429
BaTcO3;Ba;Tc;O;2.0;4.0;1.61;0.645;1.4;1.0407781962696858;3.62810735248151;1.0;1.0;0.46071428571428574
BaTeO3;Ba;Te;O;2.0;4.0;1.61;0.97;1.4;0.8980554478360793;3.9947711560688903;1.0;1.0;0.6928571428571428
BaThO3;Ba;Th;O;2.0;4.0;1.61;0.94;1.4;0.9095689792185931;3.8552247622384677;1.0;1.0;0.6714285714285715
BaTiO3;Ba;Ti;O;2.0;4.0;1.61;0.605;1.4;1.0615418510581087;3.7518572332516906;-1.0;1.0;0.43214285714285716
BaTlO3;;;O;;;;;1.4;;;;;
BaTmO3;;;O;;;;;1.4;;;;;
BaUO3;Ba;U;O;2.0;4.0;1.61;0.89;1.4;0.929428563917689;3.676564190393709;1.0;1.0;0.6357142857142858
BaVO3;Ba;V;O;2.0;4.0;1.61;0.58;1.4;1.0749451572583373;3.8515348101231663;-1.0;1.0;0.41428571428571426
BaWO3;Ba;W;O;2.0;4.0;1.61;0.66;1.4;1.0331997142580136;3.592240931523664;1.0;1.0;0.4714285714285715
BaYbO3;;;O;;;;;1.4;;;;;
BaZnO3;;;O;;;;;1.4;;;;;
BaZrO3;Ba;Zr;O;2.0;4.0;1.61;0.72;1.4;1.0039582129110884;3.5018070336183063;1.0;1.0;0.5142857142857143
BeAgO3;;;O;;;;;1.4;;;;;
BeAuO3;;;O;;;;;1.4;;;;;
BeBO3;;;O;;;;;1.4;;;;;
BeBiO3;;;O;;;;;1.4;;;;;
BeCdO3;;;O;;;;;1.4;;;;;
BeCuO3;;;O;;;;;1.4;;;;;
BeGaO3;;;O;;;;;1.4;;;;;
BeGeO3;Ge;Be;O;4.0;2.0;0.53;0.45;1.4;0.7376843717243441;15.902455615222557;-1.0;-1.0;0.32142857142857145
BeHgO3;;;O;;;;;1.4;;;;;
BeInO3;;;O;;;;;1.4;;;;;
BeOsO3;Os;Be;O;4.0;2.0;0.63;0.45;1.4;0.7759063598965898;3.754386218246495;-1.0;1.0;0.32142857142857145
BePbO3;Pb;Be;O;4.0;2.0;0.94;0.45;1.4;0.8943945232305519;-1.5459765014861357;1.0;1.0;0.32142857142857145
BePdO3;Pd;Be;O;4.0;2.0;0.615;0.45;1.4;0.770173061670753;4.611462222882491;-1.0;-1.0;0.32142857142857145
BePtO3;Pt;Be;O;4.0;2.0;0.625;0.45;1.4;0.7739952604879776;4.02279079521217;-1.0;1.0;0.32142857142857145
BeReO3;Re;Be;O;4.0;2.0;0.63;0.45;1.4;0.7759063598965898;3.754386218246495;-1.0;1.0;0.32142857142857145
BeSbO3;;;O;;;;;1.4;;;;;
BeSiO3;Be;Si;O;2.0;4.0;0.45;0.4;1.4;0.7267486362195071;18.602920785333463;-1.0;-1.0;0.28571428571428575
BeVO3;V;Be;O;4.0;2.0;0.72;0.45;1.4;0.8103061492516112;0.7280272406115493;-1.0;1.0;0.32142857142857145
BeZnO3;;;O;;;;;1.4;;;;;
BiBO3;Bi;B;O;3.0;3.0;1.17;0.27;1.4;1.088182292005645;5.050813884524435;-1.0;-1.0;0.1928571428571429
BiCO3;;;O;;;;;1.4;;;;;
BiMoO3;Bi;Mo;O;3.0;3.0;1.17;0.69;1.4;0.8695045108370465;2.6621426209273213;1.0;1.0;0.4928571428571428
BiPtO3;;;O;;;;;1.4;;;;;
BiRhO3;Bi;Rh;O;3.0;3.0;1.17;0.665;1.4;0.880031199830231;2.4476652749960337;1.0;1.0;0.47500000000000003
BiSbO3;Bi;Sb;O;3.0;3.0;1.17;0.76;1.4;0.8413261239117716;3.5467564049022284;1.0;1.0;0.5428571428571429
BrNO3;Br;N;O;3.0;3.0;0.59;0.16;1.4;0.9020144195905317;8.227344600849348;1.0;-1.0;0.1142857142857143
CaBO3;;;O;;;;;1.4;;;;;
CaBeO3;;;O;;;;;1.4;;;;;
CaBiO3;;;O;;;;;1.4;;;;;
CaCO3;Ca;C;O;2.0;4.0;1.34;0.16;1.4;1.2419696028532952;12.63142171796452;-1.0;-1.0;0.1142857142857143
CaCeO3;Ca;Ce;O;2.0;4.0;1.34;0.87;1.4;0.8535121499784759;4.7410171776077705;1.0;-1.0;0.6214285714285714
CaCoO3;Ca;Co;O;2.0;4.0;1.34;0.53;1.4;1.0038718033425598;4.093091878095905;1.0;1.0;0.3785714285714286
CaCrO3;Ca;Cr;O;2.0;4.0;1.34;0.55;1.4;0.9935756822826359;4.017314262373017;1.0;1.0;0.3928571428571429
CaCuO3;;;O;;;;;1.4;;;;;
CaFeO3;Ca;Fe;O;2.0;4.0;1.34;0.585;1.4;0.9760567155925141;3.9205809164253513;1.0;1.0;0.41785714285714287
CaGeO3;Ca;Ge;O;2.0;4.0;1.34;0.53;1.4;1.0038718033425598;4.093091878095905;1.0;1.0;0.3785714285714286
CaHfO3;Ca;Hf;O;2.0;4.0;1.34;0.71;1.4;0.9182334504507774;3.9146616828409346;1.0;1.0;0.5071428571428571
CaHgO3;;;O;;;;;1.4;;;;;
CaHoO3;;;O;;;;;1.4;;;;;
CaInO3;;;O;;;;;1.4;;;;;
CaIrO3;Ca;Ir;O;2.0;4.0;1.34;0.625;1.4;0.9567765829388347;3.8623291405378857;1.0;1.0;0.44642857142857145
CaLaO3;;;O;;;;;1.4;;;;;
CaMgO3;;;O;;;;;1.4;;;;;
CaMnO3;Ca;Mn;O;2.0;4.0;1.34;0.53;1.4;1.0038718033425598;4.093091878095905;1.0;1.0;0.3785714285714286
CaMoO3;Ca;Mo;O;2.0;4.0;1.34;0.65;1.4;0.9451085758298245;3.853013344210262;1.0;1.0;0.46428571428571436
CaNbO3;Ca;Nb;O;2.0;4.0;1.34;0.68;1.4;0.9314772021399712;3.868922301012189;1.0;1.0;0.48571428571428577
CaNiO3;Ca;Ni;O;2.0;4.0;1.34;0.48;1.4;1.0305705215165641;4.355126028345206;1.0;-1.0;0.34285714285714286
CaOsO3;Ca;Os;O;2.0;4.0;1.34;0.63;1.4;0.9544199903700199;3.858819090327893;1.0;1.0;0.45
CaPbO3;Ca;Pb;O;2.0;4.0;1.34;0.775;1.4;0.8907919910120186;4.121837592209068;1.0;1.0;0.5535714285714286
CaPrO3;Ca;Pr;O;2.0;4.0;1.34;0.85;1.4;0.8610989246449512;4.573729588351799;1.0;-1.0;0.6071428571428572
CaPtO3;Ca;Pt;O;2.0;4.0;1.34;0.625;1.4;0.9567765829388347;3.8623291405378857;1.0;1.0;0.44642857142857145
CaRhO3;Ca;Rh;O;2.0;4.0;1.34;0.6;1.4;0.9687362902255701;3.8923789342659676;1.0;1.0;0.4285714285714286
CaRuO3;Ca;Ru;O;2.0;4.0;1.34;0.62;1.4;0.9591448418074952;3.866667442176346;1.0;1.0;0.4428571428571429
CaSbO3;;;O;;;;;1.4;;;;;
CaScO3;;;O;;;;;1.4;;;;;
CaSeO3;Ca;Se;O;2.0;4.0;1.34;0.5;1.4;1.0197224107637581;4.23711572959637;1.0;-1.0;0.35714285714285715
CaSiO3;Ca;Si;O;2.0;4.0;1.34;0.4;1.4;1.0763736558061892;5.041951829165683;-1.0;-1.0;0.28571428571428575
CaSnO3;Ca;Sn;O;2.0;4.0;1.34;0.69;1.4;0.9270203734215983;3.880820872752607;1.0;1.0;0.4928571428571428
CaTcO3;Ca;Tc;O;2.0;4.0;1.34;0.645;1.4;0.9474193547438339;3.853233056287206;1.0;1.0;0.46071428571428574
CaTeO3;Ca;Te;O;2.0;4.0;1.34;0.97;1.4;0.8174989790933082;5.993717299325619;-1.0;-1.0;0.6928571428571428
CaTiO3;Ca;Ti;O;2.0;4.0;1.34;0.605;1.4;0.9663204890030626;3.884688326617454;1.0;1.0;0.43214285714285716
CaTmO3;;;O;;;;;1.4;;;;;
CaVO3;Ca;V;O;2.0;4.0;1.34;0.58;1.4;0.9785215052783537;3.9317144922541485;1.0;1.0;0.41428571428571426
CaWO3;Ca;W;O;2.0;4.0;1.34;0.66;1.4;0.9405206701219128;3.8550327026667572;1.0;1.0;0.4714285714285715
CaYO3;;;O;;;;;1.4;;;;;
CaZnO3;;;O;;;;;1.4;;;;;
CaZrO3;Ca;Zr;O;2.0;4.0;1.34;0.72;1.4;0.9139021605901604;3.936685159827522;1.0;1.0;0.5142857142857143
CdBO3;;;O;;;;;1.4;;;;;
CdBiO3;;;O;;;;;1.4;;;;;
CdCO3;Cd;C;O;2.0;4.0;1.31;0.16;1.4;1.2283713955227846;12.537944933028857;-1.0;-1.0;0.1142857142857143
CdCoO3;Cd;Co;O;2.0;4.0;1.31;0.53;1.4;0.9928805062256703;4.104396685716461;1.0;1.0;0.3785714285714286
CdFeO3;Cd;Fe;O;2.0;4.0;1.31;0.585;1.4;0.965369963232012;3.9486027069803202;1.0;1.0;0.41785714285714287
CdGeO3;Cd;Ge;O;2.0;4.0;1.31;0.53;1.4;0.9928805062256703;4.104396685716461;1.0;1.0;0.3785714285714286
CdIrO3;Cd;Ir;O;2.0;4.0;1.31;0.625;1.4;0.9463009269212561;3.9046293505601253;1.0;1.0;0.44642857142857145
CdOsO3;Cd;Os;O;2.0;4.0;1.31;0.63;1.4;0.943970136460859;3.903061780006218;1.0;1.0;0.45
CdPbO3;Cd;Pb;O;2.0;4.0;1.31;0.775;1.4;0.8810387940301351;4.246764632450467;1.0;-1.0;0.5535714285714286
CdRhO3;Cd;Rh;O;2.0;4.0;1.31;0.6;1.4;0.9581296885077718;3.92551009812013;1.0;1.0;0.4285714285714286
CdRuO3;Cd;Ru;O;2.0;4.0;1.31;0.62;1.4;0.9486432559482889;3.907063064338515;1.0;1.0;0.4428571428571429
CdSO3;Cd;S;O;2.0;4.0;1.31;0.37;1.4;1.0826324163929626;5.384666802167985;-1.0;-1.0;0.2642857142857143
CdSeO3;Cd;Se;O;2.0;4.0;1.31;0.5;1.4;1.0085575668502862;4.240344393853459;1.0;-1.0;0.35714285714285715
CdSiO3;Cd;Si;O;2.0;4.0;1.31;0.4;1.4;1.0645885427864132;5.021285795888538;-1.0;-1.0;0.28571428571428575
CdSnO3;Cd;Sn;O;2.0;4.0;1.31;0.69;1.4;0.916870515318442;3.951861547718046;1.0;1.0;0.4928571428571428
CdTcO3;Cd;Tc;O;2.0;4.0;1.31;0.645;1.4;0.9370461501298502;3.9035440160043753;1.0;1.0;0.46071428571428574
CdTeO3;Te;Cd;O;4.0;2.0;0.97;0.95;1.4;0.7131247112391991;181.50869862522802;-1.0;-1.0;0.6785714285714286
CeAlO3;Ce;Al;O;3.0;3.0;1.34;0.535;1.4;1.0012778193545944;1.80061813429948;1.0;1.0;0.3821428571428572
CeAsO3;Ce;As;O;3.0;3.0;1.34;0.58;1.4;0.9785215052783537;1.690675186657085;1.0;1.0;0.41428571428571426
CeBO3;Ce;B;O;3.0;3.0;1.34;0.27;1.4;1.1601632218270301;5.479106296933504;-1.0;-1.0;0.1928571428571429
CeBeO3;Ce;Be;O;4.0;2.0;1.14;0.45;1.4;0.9708384995750435;-1.987392029819686;1.0;1.0;0.32142857142857145
CeCdO3;Cd;Ce;O;2.0;4.0;1.31;0.87;1.4;0.8441671264385655;4.967059278063313;1.0;-1.0;0.6214285714285714
CeCrO3;Ce;Cr;O;4.0;2.0;1.14;0.8;1.4;0.8163869200971956;1.8438837569282391;-1.0;1.0;0.5714285714285715
CeCuO3;Ce;Cu;O;4.0;2.0;1.14;0.73;1.4;0.8432165371895919;-0.06821669468624414;1.0;1.0;0.5214285714285715
CeFeO3;Ce;Fe;O;4.0;2.0;1.14;0.78;1.4;0.8238767083549683;1.2001780582928667;-1.0;1.0;0.5571428571428572
CeGaO3;Ce;Ga;O;3.0;3.0;1.34;0.62;1.4;0.9591448418074952;1.6709689052000023;1.0;1.0;0.4428571428571429
CeLuO3;Ce;Lu;O;3.0;3.0;1.34;0.861;1.4;0.8569095888771076;3.1814509945692704;1.0;1.0;0.615
CeMnO3;Ce;Mn;O;4.0;2.0;1.14;0.83;1.4;0.8054041364187581;2.9983593094368786;-1.0;1.0;0.5928571428571429
CeNiO3;Ce;Ni;O;4.0;2.0;1.14;0.69;1.4;0.8593546527338903;-0.8086928625886962;1.0;1.0;0.4928571428571428
CePbO3;Pb;Ce;O;2.0;4.0;1.49;0.87;1.4;0.9002372676780274;3.975448648316225;1.0;1.0;0.6214285714285714
CePuO3;Ce;Pu;O;3.0;3.0;1.34;1.0;1.4;0.8072802418546419;6.135624773505494;-1.0;-1.0;0.7142857142857143
CeRhO3;Ce;Rh;O;3.0;3.0;1.34;0.665;1.4;0.9382433803637484;1.7332765634001301;1.0;1.0;0.47500000000000003
CeSbO3;Ce;Sb;O;3.0;3.0;1.34;0.76;1.4;0.8969780465051574;2.1692317560196193;1.0;1.0;0.5428571428571429
CeScO3;Ce;Sc;O;3.0;3.0;1.34;0.745;1.4;0.9032506202569418;2.0710162339619185;1.0;1.0;0.5321428571428571
CeTaO3;Ce;Ta;O;3.0;3.0;1.34;0.72;1.4;0.9139021605901604;1.9328055175190606;1.0;1.0;0.5142857142857143
CeTiO3;Ce;Ti;O;4.0;2.0;1.14;0.86;1.4;0.7947129310680667;4.440409750346536;-1.0;-1.0;0.6142857142857143
CeTmO3;Ce;Tm;O;3.0;3.0;1.34;0.88;1.4;0.8497686756364651;3.454522373099075;1.0;1.0;0.6285714285714287
CeVO3;Ce;V;O;4.0;2.0;1.14;0.79;1.4;0.8201147142528907;1.5107818091696554;-1.0;1.0;0.5642857142857144
CoAgO3;;;O;;;;;1.4;;;;;
CoAuO3;Au;Co;O;3.0;3.0;0.85;0.61;1.4;0.7915374416267323;5.894879197695465;-1.0;-1.0;0.4357142857142857
CoBO3;Co;B;O;3.0;3.0;0.61;0.27;1.4;0.8510686408293177;4.501099423439846;1.0;-1.0;0.1928571428571429
CoBiO3;Bi;Co;O;3.0;3.0;1.17;0.61;1.4;0.9041116555469787;2.1298704467213376;1.0;1.0;0.4357142857142857
CoCO3;Co;C;O;2.0;4.0;0.9;0.16;1.4;1.0425292286724739;11.263353148268235;1.0;-1.0;0.1142857142857143
CoGeO3;Ge;Co;O;2.0;4.0;0.73;0.53;1.4;0.780382095299143;7.245495608993011;-1.0;-1.0;0.3785714285714286
CoMoO3;Co;Mo;O;2.0;4.0;0.9;0.65;1.4;0.7933393154775898;6.663496274834252;-1.0;-1.0;0.46428571428571436
CoNiO3;Co;Ni;O;3.0;3.0;0.61;0.6;1.4;0.7106423150924801;177.8541321548853;-1.0;-1.0;0.4285714285714286
CoPbO3;Pb;Co;O;2.0;4.0;1.49;0.53;1.4;1.0588282889270062;4.081085322006645;1.0;1.0;0.3785714285714286
CoRhO3;Co;Rh;O;2.0;4.0;0.9;0.6;1.4;0.8131727983645295;5.732243720462628;-1.0;-1.0;0.4285714285714286
CoSbO3;Sb;Co;O;3.0;3.0;0.76;0.61;1.4;0.7598759439616631;10.295508713028706;-1.0;-1.0;0.4357142857142857
CoSeO3;Co;Se;O;2.0;4.0;0.9;0.5;1.4;0.8559713666995048;4.924671100865292;1.0;-1.0;0.35714285714285715
CoSiO3;Co;Si;O;2.0;4.0;0.9;0.4;1.4;0.903525331516144;5.04918279034697;1.0;-1.0;0.28571428571428575
CoSnO3;Sn;Co;O;2.0;4.0;1.15;0.53;1.4;0.9342602549355937;4.243623239230578;1.0;-1.0;0.3785714285714286
CoTeO3;Te;Co;O;4.0;2.0;0.97;0.745;1.4;0.7812788211711503;5.6132597353645295;-1.0;-1.0;0.5321428571428571
CrBO3;Cr;B;O;3.0;3.0;0.615;0.27;1.4;0.8531857270005347;4.486121494631983;1.0;-1.0;0.1928571428571429
CrBiO3;Bi;Cr;O;3.0;3.0;1.17;0.615;1.4;0.901868202307408;2.150611627730524;1.0;1.0;0.43928571428571433
CrCuO3;Cu;Cr;O;1.0;5.0;0.77;0.49;1.4;0.8118633413623323;5.333869167104091;-1.0;-1.0;0.35000000000000003
CrFeO3;Fe;Cr;O;3.0;3.0;0.78;0.615;1.4;0.7650088253035601;9.285391518934986;-1.0;-1.0;0.43928571428571433
CrGeO3;Ge;Cr;O;2.0;4.0;0.73;0.55;1.4;0.7723781763729979;7.921290940274012;-1.0;-1.0;0.3928571428571429
CrInO3;In;Cr;O;3.0;3.0;0.92;0.615;1.4;0.8141378324331466;4.419288693748933;-1.0;-1.0;0.43928571428571433
CrMoO3;Cr;Mo;O;2.0;4.0;0.8;0.65;1.4;0.758846301761173;10.008719935449871;-1.0;-1.0;0.46428571428571436
CrPbO3;Pb;Cr;O;2.0;4.0;1.49;0.55;1.4;1.047968511604678;3.9820494543250904;1.0;1.0;0.3928571428571429
CrRhO3;Cr;Rh;O;2.0;4.0;0.8;0.6;1.4;0.7778174593052023;7.60282532475255;-1.0;-1.0;0.4285714285714286
CrTcO3;Cr;Tc;O;2.0;4.0;0.8;0.645;1.4;0.7607016716921293;9.68894857938359;-1.0;-1.0;0.46071428571428574
CrWO3;Cr;W;O;2.0;4.0;0.8;0.66;1.4;0.755162581849711;10.723065702208649;-1.0;-1.0;0.4714285714285715
CsAcO3;;;O;;;;;1.4;;;;;
CsAsO3;Cs;As;O;1.0;5.0;1.88;0.46;1.4;1.2469409904795032;4.946557446554168;-1.0;-1.0;0.3285714285714286
CsAuO3;Cs;Au;O;1.0;5.0;1.88;0.57;1.4;1.1773148438029826;4.219900473917036;-1.0;-1.0;0.40714285714285714
CsBaO3;;;O;;;;;1.4;;;;;
CsBiO3;Cs;Bi;O;1.0;5.0;1.88;0.76;1.4;1.0737547418017943;3.5733194185218453;-1.0;1.0;0.5428571428571429
CsBrO3;Cs;Br;O;1.0;5.0;1.88;0.31;1.4;1.356321779118056;6.880716188166106;-1.0;-1.0;0.22142857142857145
CsCaO3;;;O;;;;;1.4;;;;;
CsCdO3;;;O;;;;;1.4;;;;;
CsClO3;Cs;Cl;O;1.0;5.0;1.88;0.12;1.4;1.5258620015078128;16.3604575449478;-1.0;-1.0;0.08571428571428572
CsEuO3;;;O;;;;;1.4;;;;;
CsGdO3;;;O;;;;;1.4;;;;;
CsGeO3;;;O;;;;;1.4;;;;;
CsIO3;Cs;I;O;1.0;5.0;1.88;0.95;1.4;0.9869405286348408;3.372964369788865;1.0;1.0;0.6785714285714286
CsIrO3;Cs;Ir;O;1.0;5.0;1.88;0.57;1.4;1.1773148438029826;4.219900473917036;-1.0;-1.0;0.40714285714285714
CsKO3;;;O;;;;;1.4;;;;;
CsLaO3;;;O;;;;;1.4;;;;;
CsMgO3;;;O;;;;;1.4;;;;;
CsMoO3;Cs;Mo;O;1.0;5.0;1.88;0.61;1.4;1.1538856926825254;4.033225680412762;-1.0;1.0;0.4357142857142857
CsNO3;Cs;N;O;1.0;5.0;1.88;0.13;1.4;1.515889047249592;15.182511132604315;-1.0;-1.0;0.09285714285714286
CsNaO3;;;O;;;;;1.4;;;;;
CsNbO3;Cs;Nb;O;1.0;5.0;1.88;0.64;1.4;1.1369167854371938;3.9135691327086093;-1.0;1.0;0.4571428571428572
CsNdO3;;;O;;;;;1.4;;;;;
CsNpO3;Cs;Np;O;1.0;5.0;1.88;0.75;1.4;1.078748949903198;3.5944061158168457;-1.0;1.0;0.5357142857142857
CsOsO3;Cs;Os;O;1.0;5.0;1.88;0.575;1.4;1.1743342998946207;4.194708203968279;-1.0;-1.0;0.4107142857142857
CsPO3;Cs;P;O;1.0;5.0;1.88;0.38;1.4;1.302983282186447;5.778528607689493;-1.0;-1.0;0.27142857142857146
CsPaO3;Cs;Pa;O;1.0;5.0;1.88;0.78;1.4;1.0639037808678329;3.5346303776062125;-1.0;1.0;0.5571428571428572
CsPbO3;;;O;;;;;1.4;;;;;
CsPdO3;;;O;;;;;1.4;;;;;
CsPrO3;;;O;;;;;1.4;;;;;
CsPuO3;Cs;Pu;O;1.0;5.0;1.88;0.74;1.4;1.083789832846671;3.616691941425743;-1.0;1.0;0.5285714285714286
CsRbO3;;;O;;;;;1.4;;;;;
CsRuO3;Cs;Ru;O;1.0;5.0;1.88;0.565;1.4;1.1803105558737281;4.245660137052454;-1.0;-1.0;0.4035714285714286
CsSO3;;;O;;;;;1.4;;;;;
CsSbO3;Cs;Sb;O;1.0;5.0;1.88;0.6;1.4;1.1596551211459378;4.076823802417412;-1.0;1.0;0.4285714285714286
CsSmO3;;;O;;;;;1.4;;;;;
CsSnO3;;;O;;;;;1.4;;;;;
CsSrO3;;;O;;;;;1.4;;;;;
CsTaO3;Cs;Ta;O;1.0;5.0;1.88;0.64;1.4;1.1369167854371938;3.9135691327086093;-1.0;1.0;0.4571428571428572
CsTbO3;;;O;;;;;1.4;;;;;
CsTeO3;;;O;;;;;1.4;;;;;
CsThO3;;;O;;;;;1.4;;;;;
CsTiO3;;;O;;;;;1.4;;;;;
CsTlO3;;;O;;;;;1.4;;;;;
CsUO3;Cs;U;O;1.0;5.0;1.88;0.76;1.4;1.0737547418017943;3.5733194185218453;-1.0;1.0;0.5428571428571429
CsVO3;Cs;V;O;1.0;5.0;1.88;0.54;1.4;1.1955207434494204;4.383453459389176;-1.0;-1.0;0.3857142857142858
CsYbO3;;;O;;;;;1.4;;;;;
CuAsO3;Cu;As;O;1.0;5.0;0.77;0.46;1.4;0.8249579113843055;5.29275996739713;-1.0;-1.0;0.3285714285714286
CuBO3;Cu;B;O;3.0;3.0;0.54;0.27;1.4;0.8214294344322768;4.841355430518965;-1.0;-1.0;0.1928571428571429
CuBiO3;Bi;Cu;O;3.0;3.0;1.17;0.54;1.4;0.9367342410564056;1.9993243656252755;1.0;1.0;0.3857142857142858
CuCO3;Cu;C;O;2.0;4.0;0.73;0.16;1.4;0.9654727204662477;10.761710935804285;1.0;-1.0;0.1142857142857143
CuGeO3;Cu;Ge;O;2.0;4.0;0.73;0.53;1.4;0.780382095299143;7.245495608993011;-1.0;-1.0;0.3785714285714286
CuHgO3;;;O;;;;;1.4;;;;;
CuPO3;Cu;P;O;1.0;5.0;0.77;0.38;1.4;0.8620346714465215;5.553455105357637;1.0;-1.0;0.27142857142857146
CuPbO3;Pb;Cu;O;4.0;2.0;0.94;0.73;1.4;0.7768215342612775;6.289505105608962;-1.0;-1.0;0.5214285714285715
CuPdO3;Cu;Pd;O;2.0;4.0;0.73;0.615;1.4;0.7474627513287079;12.125170599502095;-1.0;-1.0;0.43928571428571433
CuSeO3;Cu;Se;O;2.0;4.0;0.73;0.5;1.4;0.792703917856498;6.515958941539598;-1.0;-1.0;0.35714285714285715
CuSiO3;Cu;Si;O;2.0;4.0;0.73;0.4;1.4;0.8367430244040812;5.567356093398351;1.0;-1.0;0.28571428571428575
CuTeO3;Te;Cu;O;4.0;2.0;0.97;0.73;1.4;0.7867807847005247;4.616276985990359;-1.0;-1.0;0.5214285714285715
DyAlO3;Dy;Al;O;3.0;3.0;1.083;0.535;1.4;0.9073623450574662;2.228131036834178;1.0;1.0;0.3821428571428572
DyBO3;Dy;B;O;3.0;3.0;1.083;0.27;1.4;1.0513449926264655;4.84806622369513;1.0;-1.0;0.1928571428571429
DyBiO3;Bi;Dy;O;3.0;3.0;1.17;0.912;1.4;0.7860140257999252;7.984265131789567;-1.0;-1.0;0.6514285714285715
DyCoO3;Dy;Co;O;3.0;3.0;1.083;0.61;1.4;0.8735055411374116;2.5737216555485265;1.0;1.0;0.4357142857142857
DyCrO3;Dy;Cr;O;3.0;3.0;1.083;0.615;1.4;0.871338033591165;2.6123933854822186;1.0;1.0;0.43928571428571433
DyCuO3;Dy;Cu;O;3.0;3.0;1.083;0.54;1.4;0.9050237823124727;2.23820860038456;1.0;1.0;0.3857142857142858
DyErO3;Dy;Er;O;3.0;3.0;1.083;0.89;1.4;0.766701370168645;11.172842186025854;-1.0;-1.0;0.6357142857142858
DyFeO3;Dy;Fe;O;3.0;3.0;1.083;0.645;1.4;0.8585555685507076;2.890382826921087;1.0;1.0;0.46071428571428574
DyGaO3;Dy;Ga;O;3.0;3.0;1.083;0.62;1.4;0.8691812562802955;2.6531832140820857;1.0;1.0;0.4428571428571429
DyHoO3;Dy;Ho;O;3.0;3.0;1.083;0.9009999999999999;1.4;0.7630361311109072;12.15321788022559;-1.0;-1.0;0.6435714285714286
DyInO3;Dy;In;O;3.0;3.0;1.083;0.8;1.4;0.7980664262209987;6.158841303578907;-1.0;-1.0;0.5714285714285715
DyLuO3;Dy;Lu;O;3.0;3.0;1.083;0.861;1.4;0.7765352223291451;9.075838394755863;-1.0;-1.0;0.615
DyMnO3;Dy;Mn;O;3.0;3.0;1.083;0.645;1.4;0.8585555685507076;2.890382826921087;1.0;1.0;0.46071428571428574
DyNiO3;Dy;Ni;O;3.0;3.0;1.083;0.6;1.4;0.8778730688430986;2.5025872174001824;1.0;1.0;0.4285714285714286
DyPaO3;Pa;Dy;O;3.0;3.0;1.04;0.912;1.4;0.7462545614598511;18.583182513502113;-1.0;-1.0;0.6514285714285715
DyRhO3;Dy;Rh;O;3.0;3.0;1.083;0.665;1.4;0.8502402603807251;3.123065424006512;1.0;1.0;0.47500000000000003
DySbO3;Dy;Sb;O;3.0;3.0;1.083;0.76;1.4;0.8128454341139801;4.91251808085407;-1.0;-1.0;0.5428571428571429
DyScO3;Dy;Sc;O;3.0;3.0;1.083;0.745;1.4;0.818529667918973;4.536514994229831;-1.0;-1.0;0.5321428571428571
DySeO3;Dy;Se;O;2.0;4.0;1.19;0.5;1.4;0.963898191196399;4.289559823357043;1.0;-1.0;0.35714285714285715
DySnO3;Dy;Sn;O;2.0;4.0;1.19;0.69;1.4;0.8762710829058172;4.357733849057981;1.0;-1.0;0.4928571428571428
DyTiO3;Dy;Ti;O;3.0;3.0;1.083;0.67;1.4;0.8481865399450228;3.187692919830017;1.0;1.0;0.47857142857142865
DyTmO3;Dy;Tm;O;3.0;3.0;1.083;0.88;1.4;0.7700640954764023;10.37804109248431;-1.0;-1.0;0.6285714285714287
DyVO3;Dy;V;O;3.0;3.0;1.083;0.64;1.4;0.8606598714148025;2.8383545615838166;1.0;1.0;0.4571428571428572
DyYO3;Dy;Y;O;3.0;3.0;1.083;0.9;1.4;0.7633678859505206;12.059002794202703;-1.0;-1.0;0.6428571428571429
ErAlO3;Er;Al;O;3.0;3.0;1.062;0.535;1.4;0.8996883179748215;2.3023117024945225;1.0;1.0;0.3821428571428572
ErBO3;Er;B;O;3.0;3.0;1.062;0.27;1.4;1.0424532307073533;4.8015487636030025;1.0;-1.0;0.1928571428571429
ErBeO3;;;O;;;;;1.4;;;;;
ErBiO3;Bi;Er;O;3.0;3.0;1.17;0.89;1.4;0.793565252248658;6.990871432541329;-1.0;-1.0;0.6357142857142858
ErCoO3;Er;Co;O;3.0;3.0;1.062;0.61;1.4;0.8661178583488955;2.715135200510728;1.0;1.0;0.4357142857142857
ErCrO3;Er;Cr;O;3.0;3.0;1.062;0.615;1.4;0.8639686825217271;2.7595121125113975;1.0;1.0;0.43928571428571433
ErCuO3;Er;Cu;O;3.0;3.0;1.062;0.54;1.4;0.8973695336501442;2.316014920154325;1.0;1.0;0.3857142857142858
ErFeO3;Er;Fe;O;3.0;3.0;1.062;0.645;1.4;0.8512943253209192;3.0761816049924118;1.0;1.0;0.46071428571428574
ErGaO3;Er;Ga;O;3.0;3.0;1.062;0.62;1.4;0.8618301461788513;2.8062023763098782;1.0;1.0;0.4428571428571429
ErInO3;Er;In;O;3.0;3.0;1.062;0.8;1.4;0.7913167705823998;6.807661517013317;-1.0;-1.0;0.5714285714285715
ErIrO3;Er;Ir;O;3.0;3.0;1.062;0.68;1.4;0.8369696611929229;3.5682935253102634;1.0;1.0;0.48571428571428577
ErLuO3;Er;Lu;O;3.0;3.0;1.062;0.861;1.4;0.7699676670859263;10.262285207790608;-1.0;-1.0;0.615
ErMnO3;Er;Mn;O;3.0;3.0;1.062;0.645;1.4;0.8512943253209192;3.0761816049924118;1.0;1.0;0.46071428571428574
ErNiO3;Er;Ni;O;3.0;3.0;1.062;0.6;1.4;0.8704484476406399;2.6331410615645483;1.0;1.0;0.4285714285714286
ErRhO3;Er;Rh;O;3.0;3.0;1.062;0.665;1.4;0.8430493439618789;3.33972296616364;1.0;1.0;0.47500000000000003
ErScO3;Er;Sc;O;3.0;3.0;1.062;0.745;1.4;0.8116069441870767;4.9418425882372805;-1.0;-1.0;0.5321428571428571
ErTaO3;Er;Ta;O;3.0;3.0;1.062;0.72;1.4;0.8211777807930564;4.3297758057542115;-1.0;-1.0;0.5142857142857143
ErTiO3;Er;Ti;O;3.0;3.0;1.062;0.67;1.4;0.8410129928895071;3.4128236387200293;1.0;1.0;0.47857142857142865
ErTlO3;Er;Tl;O;3.0;3.0;1.062;0.885;1.4;0.7618804793353521;12.327254715844283;-1.0;-1.0;0.6321428571428572
ErVO3;Er;V;O;3.0;3.0;1.062;0.64;1.4;0.8533808310202351;3.017124279736601;1.0;1.0;0.4571428571428572
ErZnO3;;;O;;;;;1.4;;;;;
EuAgO3;;;O;;;;;1.4;;;;;
EuAlO3;Eu;Al;O;3.0;3.0;1.12;0.535;1.4;0.920883249917364;2.117401035715936;1.0;1.0;0.3821428571428572
EuAsO3;Eu;As;O;3.0;3.0;1.12;0.58;1.4;0.899954085146515;2.217154328261323;1.0;1.0;0.41428571428571426
EuAuO3;Eu;Au;O;3.0;3.0;1.12;0.85;1.4;0.7919595949289331;6.977221436202891;-1.0;-1.0;0.6071428571428572
EuBO3;Eu;B;O;3.0;3.0;1.12;0.27;1.4;1.067011430293473;4.932480324975631;-1.0;-1.0;0.1928571428571429
EuBeO3;;;O;;;;;1.4;;;;;
EuCO3;Eu;C;O;2.0;4.0;1.35;0.16;1.4;1.246502338630132;12.66255700807573;-1.0;-1.0;0.1142857142857143
EuCdO3;;;O;;;;;1.4;;;;;
EuCoO3;Eu;Co;O;3.0;3.0;1.12;0.61;1.4;0.8865219346219403;2.3602070966130206;1.0;1.0;0.4357142857142857
EuCrO3;Eu;Cr;O;3.0;3.0;1.12;0.615;1.4;0.8843221283325559;2.390290532932892;1.0;1.0;0.43928571428571433
EuCuO3;Eu;Cu;O;3.0;3.0;1.12;0.54;1.4;0.9185098394794328;2.1218534263503255;1.0;1.0;0.3857142857142858
EuErO3;Eu;Er;O;3.0;3.0;1.12;0.89;1.4;0.7781262395589955;8.997117119497357;-1.0;-1.0;0.6357142857142858
EuFeO3;Eu;Fe;O;3.0;3.0;1.12;0.645;1.4;0.8713491875746209;2.610529394791799;1.0;1.0;0.46071428571428574
EuGaO3;Eu;Ga;O;3.0;3.0;1.12;0.62;1.4;0.8821332121733166;2.4222178677704616;1.0;1.0;0.4428571428571429
EuGeO3;Eu;Ge;O;2.0;4.0;1.35;0.53;1.4;1.0075355690481893;4.090100861636152;1.0;1.0;0.3785714285714286
EuHO3;;;O;;;;;1.4;;;;;
EuHfO3;Eu;Hf;O;2.0;4.0;1.35;0.71;1.4;0.9215846674232254;3.8897380423525423;1.0;1.0;0.5071428571428571
EuHgO3;;;O;;;;;1.4;;;;;
EuInO3;Eu;In;O;3.0;3.0;1.12;0.8;1.4;0.8099586766318634;5.2324563303515355;-1.0;-1.0;0.5714285714285715
EuIrO3;Eu;Ir;O;3.0;3.0;1.12;0.68;1.4;0.8566870618221633;2.961156087760058;1.0;1.0;0.48571428571428577
EuLuO3;Eu;Lu;O;3.0;3.0;1.12;0.861;1.4;0.7881066291862449;7.4647821424407566;-1.0;-1.0;0.615
EuMgO3;;;O;;;;;1.4;;;;;
EuMnO3;Eu;Mn;O;3.0;3.0;1.12;0.645;1.4;0.8713491875746209;2.610529394791799;1.0;1.0;0.46071428571428574
EuMoO3;Eu;Mo;O;3.0;3.0;1.12;0.69;1.4;0.8525880806651196;3.0819210037071354;1.0;1.0;0.4928571428571428
EuNbO3;Eu;Nb;O;3.0;3.0;1.12;0.72;1.4;0.8405231549953299;3.506510390428085;1.0;1.0;0.5142857142857143
EuNiO3;Eu;Ni;O;3.0;3.0;1.12;0.6;1.4;0.8909545442950498;2.3054735855046724;1.0;1.0;0.4285714285714286
EuNpO3;Np;Eu;O;3.0;3.0;1.01;0.9470000000000001;1.4;0.7260874915464761;42.15620797779357;-1.0;-1.0;0.6764285714285715
EuOsO3;Eu;Os;O;2.0;4.0;1.35;0.63;1.4;0.9579032750064068;3.845485655503344;1.0;1.0;0.45
EuPbO3;Eu;Pb;O;2.0;4.0;1.35;0.775;1.4;0.8940430566726463;4.083732317223388;1.0;1.0;0.5535714285714286
EuPdO3;Eu;Pd;O;3.0;3.0;1.12;0.76;1.4;0.8249579113843054;4.243460664907183;-1.0;-1.0;0.5428571428571429
EuPtO3;Eu;Pt;O;2.0;4.0;1.35;0.625;1.4;0.9602684682780275;3.8496011940837387;1.0;1.0;0.44642857142857145
EuReO3;Eu;Re;O;2.0;4.0;1.35;0.63;1.4;0.9579032750064068;3.845485655503344;1.0;1.0;0.45
EuRhO3;Eu;Rh;O;3.0;3.0;1.12;0.665;1.4;0.8629099702615496;2.7976886257682345;1.0;1.0;0.47500000000000003
EuRuO3;Eu;Ru;O;3.0;3.0;1.12;0.68;1.4;0.8566870618221633;2.961156087760058;1.0;1.0;0.48571428571428577
EuSbO3;Eu;Sb;O;3.0;3.0;1.12;0.76;1.4;0.8249579113843054;4.243460664907183;-1.0;-1.0;0.5428571428571429
EuScO3;Eu;Sc;O;3.0;3.0;1.12;0.745;1.4;0.8307268478275522;3.941421574458067;1.0;1.0;0.5321428571428571
EuSeO3;Eu;Se;O;2.0;4.0;1.35;0.5;1.4;1.023444025401582;4.236688004728175;1.0;-1.0;0.35714285714285715
EuSiO3;Eu;Si;O;2.0;4.0;1.35;0.4;1.4;1.080302026812781;5.04918279034697;-1.0;-1.0;0.28571428571428575
EuSnO3;Eu;Sn;O;2.0;4.0;1.35;0.69;1.4;0.9304036594559836;3.8591828374421118;1.0;1.0;0.4928571428571428
EuTcO3;Eu;Tc;O;2.0;4.0;1.35;0.645;1.4;0.9508770896151616;3.8380113075025695;1.0;1.0;0.46071428571428574
EuTiO3;Eu;Ti;O;3.0;3.0;1.12;0.67;1.4;0.8608256466618839;2.8498954704217407;1.0;1.0;0.47857142857142865
EuTmO3;Eu;Tm;O;3.0;3.0;1.12;0.88;1.4;0.7815390739430262;8.423340894561036;-1.0;-1.0;0.6285714285714287
EuUO3;U;Eu;O;3.0;3.0;1.025;0.9470000000000001;1.4;0.73060670829884;33.50356291854251;-1.0;-1.0;0.6764285714285715
EuVO3;Eu;V;O;3.0;3.0;1.12;0.64;1.4;0.873484847348088;2.5689365376800772;1.0;1.0;0.4571428571428572
EuWO3;Eu;W;O;2.0;4.0;1.35;0.66;1.4;0.9439532273121386;3.8378059597807104;1.0;1.0;0.4714285714285715
EuZrO3;Eu;Zr;O;2.0;4.0;1.35;0.72;1.4;0.9172375699353799;3.9100001901223025;1.0;1.0;0.5142857142857143
FeAgO3;;;O;;;;;1.4;;;;;
FeAsO3;Fe;As;O;3.0;3.0;0.78;0.58;1.4;0.778531708579128;7.031573281877627;-1.0;-1.0;0.41428571428571426
FeBO3;Fe;B;O;3.0;3.0;0.78;0.27;1.4;0.9230495706507027;4.354565645640087;1.0;-1.0;0.1928571428571429
FeBiO3;Bi;Fe;O;3.0;3.0;1.17;0.645;1.4;0.88863786193126;2.3087136894700233;1.0;1.0;0.46071428571428574
FeCO3;Fe;C;O;2.0;4.0;0.92;0.16;1.4;1.0515947002261476;11.324434572688673;1.0;-1.0;0.1142857142857143
FeGeO3;Ge;Fe;O;2.0;4.0;0.73;0.585;1.4;0.7587594175956404;9.663975797212032;-1.0;-1.0;0.41785714285714287
FeNiO3;Fe;Ni;O;3.0;3.0;0.78;0.6;1.4;0.7707463914933367;8.198162611496098;-1.0;-1.0;0.4285714285714286
FePbO3;Pb;Fe;O;2.0;4.0;1.49;0.585;1.4;1.0294904773950238;3.8417778218511773;1.0;1.0;0.41785714285714287
FeRhO3;Fe;Rh;O;2.0;4.0;0.92;0.6;1.4;0.820243866176395;5.507762171477847;-1.0;-1.0;0.4285714285714286
FeSO3;Fe;S;O;2.0;4.0;0.92;0.37;1.4;0.9268292273179605;5.243365662208236;1.0;-1.0;0.2642857142857143
FeSiO3;Fe;Si;O;2.0;4.0;0.92;0.4;1.4;0.9113820735293279;5.022811400828429;1.0;-1.0;0.28571428571428575
FeSnO3;Sn;Fe;O;2.0;4.0;1.15;0.585;1.4;0.9083739506426681;4.20998836042312;1.0;-1.0;0.41785714285714287
GaBO3;Ga;B;O;3.0;3.0;0.62;0.27;1.4;0.8553028131717522;4.4720965870596965;1.0;-1.0;0.1928571428571429
GaBiO3;Bi;Ga;O;3.0;3.0;1.17;0.62;1.4;0.8996358552719935;2.172927101909094;1.0;1.0;0.4428571428571429
GaFeO3;Fe;Ga;O;3.0;3.0;0.78;0.62;1.4;0.7631152391023135;9.698019771389973;-1.0;-1.0;0.4428571428571429
GaGeO3;;;O;;;;;1.4;;;;;
GaNiO3;Ga;Ni;O;3.0;3.0;0.62;0.6;1.4;0.714177848998413;87.87486278089104;-1.0;-1.0;0.4285714285714286
GaSiO3;;;O;;;;;1.4;;;;;
GaSnO3;;;O;;;;;1.4;;;;;
GaTeO3;;;O;;;;;1.4;;;;;
GdAlO3;Gd;Al;O;3.0;3.0;1.107;0.535;1.4;0.9161326617233458;2.153635114727935;1.0;1.0;0.3821428571428572
GdAsO3;Gd;As;O;3.0;3.0;1.107;0.58;1.4;0.8953114648659971;2.2721345185767756;1.0;1.0;0.41428571428571426
GdBO3;Gd;B;O;3.0;3.0;1.107;0.27;1.4;1.061507006248308;4.902487491425846;-1.0;-1.0;0.1928571428571429
GdBeO3;;;O;;;;;1.4;;;;;
GdCdO3;;;O;;;;;1.4;;;;;
GdCoO3;Gd;Co;O;3.0;3.0;1.107;0.61;1.4;0.8819486071814301;2.4305170180110256;1.0;1.0;0.4357142857142857
GdCrO3;Gd;Cr;O;3.0;3.0;1.107;0.615;1.4;0.8797601490990942;2.4634294155255807;1.0;1.0;0.43928571428571433
GdCuO3;Gd;Cu;O;3.0;3.0;1.107;0.54;1.4;0.9137714950694197;2.1599638343150183;1.0;1.0;0.3857142857142858
GdErO3;Gd;Er;O;3.0;3.0;1.107;0.89;1.4;0.7741120962596831;9.6751187838662;-1.0;-1.0;0.6357142857142858
GdFeO3;Gd;Fe;O;3.0;3.0;1.107;0.645;1.4;0.8668541322418946;2.7026264673697664;1.0;1.0;0.46071428571428574
GdGaO3;Gd;Ga;O;3.0;3.0;1.107;0.62;1.4;0.8775825249676605;2.498273337862935;1.0;1.0;0.4428571428571429
GdInO3;Gd;In;O;3.0;3.0;1.107;0.8;1.4;0.8057803183793973;5.531052101355643;-1.0;-1.0;0.5714285714285715
GdLuO3;Gd;Lu;O;3.0;3.0;1.107;0.861;1.4;0.7840409997499664;7.973892956010499;-1.0;-1.0;0.615
GdMnO3;Gd;Mn;O;3.0;3.0;1.107;0.645;1.4;0.8668541322418946;2.7026264673697664;1.0;1.0;0.46071428571428574
GdNiO3;Gd;Ni;O;3.0;3.0;1.107;0.6;1.4;0.8863583502173371;2.370373774375623;1.0;1.0;0.4285714285714286
GdRhO3;Gd;Rh;O;3.0;3.0;1.107;0.665;1.4;0.8584584505736922;2.9046556884824444;1.0;1.0;0.47500000000000003
GdScO3;Gd;Sc;O;3.0;3.0;1.107;0.745;1.4;0.8264413521839973;4.135356076143349;1.0;1.0;0.5321428571428571
GdSiO3;;;O;;;;;1.4;;;;;
GdThO3;;;O;;;;;1.4;;;;;
GdTiO3;Gd;Ti;O;3.0;3.0;1.107;0.67;1.4;0.8563848794370408;2.960909002314578;1.0;1.0;0.47857142857142865
GdTmO3;Gd;Tm;O;3.0;3.0;1.107;0.88;1.4;0.7775073247520502;9.03568906257129;-1.0;-1.0;0.6285714285714287
GdVO3;Gd;V;O;3.0;3.0;1.107;0.64;1.4;0.8689787747228794;2.657615956548545;1.0;1.0;0.4571428571428572
GdZrO3;;;O;;;;;1.4;;;;;
GeBO3;;;O;;;;;1.4;;;;;
GeBiO3;;;O;;;;;1.4;;;;;
GePbO3;Pb;Ge;O;2.0;4.0;1.49;0.53;1.4;1.0588282889270062;4.081085322006645;1.0;1.0;0.3785714285714286
GePdO3;Pd;Ge;O;2.0;4.0;0.86;0.53;1.4;0.8280110494723302;5.345872477622377;1.0;-1.0;0.3785714285714286
GeTeO3;Te;Ge;O;4.0;2.0;0.97;0.73;1.4;0.7867807847005247;4.616276985990359;-1.0;-1.0;0.5214285714285715
HIO3;I;H;O;5.0;1.0;0.95;-0.18;1.4;1.3620499473675298;;-1.0;;-0.1285714285714286
HNO3;N;H;O;5.0;1.0;0.13;-0.18;1.4;0.8867814550946045;;1.0;;-0.1285714285714286
HfBO3;;;O;;;;;1.4;;;;;
HfBeO3;Hf;Be;O;4.0;2.0;0.83;0.45;1.4;0.8523503362410816;-0.8372039943610492;1.0;1.0;0.32142857142857145
HfCdO3;Cd;Hf;O;2.0;4.0;1.31;0.71;1.4;0.9081797995334331;3.9963791325938844;1.0;1.0;0.5071428571428571
HfCoO3;Co;Hf;O;2.0;4.0;0.9;0.71;1.4;0.7707799036630613;8.663069874300994;-1.0;-1.0;0.5071428571428571
HfCrO3;Cr;Hf;O;2.0;4.0;0.8;0.71;1.4;0.7372677339385805;16.853962109230096;-1.0;-1.0;0.5071428571428571
HfFeO3;Fe;Hf;O;2.0;4.0;0.92;0.71;1.4;0.7774823376079574;7.973615162584919;-1.0;-1.0;0.5071428571428571
HfHgO3;Hg;Hf;O;2.0;4.0;1.14;0.71;1.4;0.8512091110018155;4.7535451570343215;1.0;-1.0;0.5071428571428571
HfMgO3;Mg;Hf;O;2.0;4.0;0.89;0.71;1.4;0.7674286866906133;9.067074250075663;-1.0;-1.0;0.5071428571428571
HfMnO3;Mn;Hf;O;2.0;4.0;0.96;0.71;1.4;0.7908872054977498;6.936064956770131;-1.0;-1.0;0.5071428571428571
HfNiO3;Hf;Ni;O;4.0;2.0;0.83;0.69;1.4;0.7544727856679431;12.075038291049745;-1.0;-1.0;0.4928571428571428
HfNpO3;Np;Hf;O;2.0;4.0;1.1;0.71;1.4;0.8378042431120232;5.049464814363299;1.0;-1.0;0.5071428571428571
HfPbO3;Pb;Hf;O;2.0;4.0;1.49;0.71;1.4;0.9685017050374987;3.634009839470865;1.0;1.0;0.5071428571428571
HfSnO3;Sn;Hf;O;2.0;4.0;1.15;0.71;1.4;0.8545603279742635;4.689138392648108;1.0;-1.0;0.5071428571428571
HfThO3;;;O;;;;;1.4;;;;;
HfZnO3;Zn;Hf;O;2.0;4.0;0.9;0.71;1.4;0.7707799036630613;8.663069874300994;-1.0;-1.0;0.5071428571428571
HgAsO3;Hg;As;O;1.0;5.0;1.19;0.46;1.4;0.9846271845554614;4.76520919186969;1.0;-1.0;0.3285714285714286
HgBiO3;Hg;Bi;O;1.0;5.0;1.19;0.76;1.4;0.8478734089227582;4.334129929218352;1.0;-1.0;0.5428571428571429
HgBrO3;Hg;Br;O;1.0;5.0;1.19;0.31;1.4;1.070997990218221;6.369899099928562;-1.0;-1.0;0.22142857142857145
HgClO3;Hg;Cl;O;1.0;5.0;1.19;0.12;1.4;1.2048727389954985;14.989129338634864;-1.0;-1.0;0.08571428571428572
HgGeO3;Hg;Ge;O;2.0;4.0;1.14;0.53;1.4;0.9305964892299641;4.258234969981061;1.0;-1.0;0.3785714285714286
HgIrO3;Hg;Ir;O;2.0;4.0;1.14;0.625;1.4;0.8869388761549781;4.3095614503454005;1.0;-1.0;0.44642857142857145
HgNO3;Hg;N;O;1.0;5.0;1.19;0.13;1.4;1.1969977537733059;13.903434130412634;-1.0;-1.0;0.09285714285714286
HgOsO3;Hg;Os;O;2.0;4.0;1.14;0.63;1.4;0.8847542976422812;4.324513569305394;1.0;-1.0;0.45
HgRhO3;Hg;Rh;O;1.0;5.0;1.19;0.55;1.4;0.9391828529605937;4.34885378686535;1.0;-1.0;0.3928571428571429
HgRuO3;Hg;Ru;O;2.0;4.0;1.14;0.62;1.4;0.8891342694127874;4.295884798310205;1.0;-1.0;0.4428571428571429
HgSeO3;Hg;Se;O;2.0;4.0;1.14;0.5;1.4;0.9452901180072794;4.332802559110199;1.0;-1.0;0.35714285714285715
HgTeO3;Hg;Te;O;2.0;4.0;1.14;0.97;1.4;0.7578275207653293;11.998703580355178;-1.0;-1.0;0.6928571428571428
HoAlO3;Ho;Al;O;3.0;3.0;1.12;0.535;1.4;0.920883249917364;2.117401035715936;1.0;1.0;0.3821428571428572
HoBO3;Ho;B;O;3.0;3.0;1.12;0.27;1.4;1.067011430293473;4.932480324975631;-1.0;-1.0;0.1928571428571429
HoBeO3;;;O;;;;;1.4;;;;;
HoBiO3;Bi;Ho;O;3.0;3.0;1.17;0.9009999999999999;1.4;0.789771589591233;7.465275039569333;-1.0;-1.0;0.6435714285714286
HoCoO3;Ho;Co;O;3.0;3.0;1.12;0.61;1.4;0.8865219346219403;2.3602070966130206;1.0;1.0;0.4357142857142857
HoCrO3;Ho;Cr;O;3.0;3.0;1.12;0.615;1.4;0.8843221283325559;2.390290532932892;1.0;1.0;0.43928571428571433
HoCuO3;Ho;Cu;O;3.0;3.0;1.12;0.54;1.4;0.9185098394794328;2.1218534263503255;1.0;1.0;0.3857142857142858
HoErO3;Ho;Er;O;3.0;3.0;1.12;0.89;1.4;0.7781262395589955;8.997117119497357;-1.0;-1.0;0.6357142857142858
HoFeO3;Ho;Fe;O;3.0;3.0;1.12;0.645;1.4;0.8713491875746209;2.610529394791799;1.0;1.0;0.46071428571428574
HoGaO3;Ho;Ga;O;3.0;3.0;1.12;0.62;1.4;0.8821332121733166;2.4222178677704616;1.0;1.0;0.4428571428571429
HoGeO3;;;O;;;;;1.4;;;;;
HoInO3;Ho;In;O;3.0;3.0;1.12;0.8;1.4;0.8099586766318634;5.2324563303515355;-1.0;-1.0;0.5714285714285715
HoLuO3;Ho;Lu;O;3.0;3.0;1.12;0.861;1.4;0.7881066291862449;7.4647821424407566;-1.0;-1.0;0.615
HoMnO3;Ho;Mn;O;3.0;3.0;1.12;0.645;1.4;0.8713491875746209;2.610529394791799;1.0;1.0;0.46071428571428574
HoNiO3;Ho;Ni;O;3.0;3.0;1.12;0.6;1.4;0.8909545442950498;2.3054735855046724;1.0;1.0;0.4285714285714286
HoRhO3;Ho;Rh;O;3.0;3.0;1.12;0.665;1.4;0.8629099702615496;2.7976886257682345;1.0;1.0;0.47500000000000003
HoSbO3;Ho;Sb;O;3.0;3.0;1.12;0.76;1.4;0.8249579113843054;4.243460664907183;-1.0;-1.0;0.5428571428571429
HoScO3;Ho;Sc;O;3.0;3.0;1.12;0.745;1.4;0.8307268478275522;3.941421574458067;1.0;1.0;0.5321428571428571
HoSiO3;;;O;;;;;1.4;;;;;
HoSnO3;;;O;;;;;1.4;;;;;
HoTiO3;Ho;Ti;O;3.0;3.0;1.12;0.67;1.4;0.8608256466618839;2.8498954704217407;1.0;1.0;0.47857142857142865
HoTmO3;Ho;Tm;O;3.0;3.0;1.12;0.88;1.4;0.7815390739430262;8.423340894561036;-1.0;-1.0;0.6285714285714287
HoVO3;Ho;V;O;3.0;3.0;1.12;0.64;1.4;0.873484847348088;2.5689365376800772;1.0;1.0;0.4571428571428572
IClO3;;;O;;;;;1.4;;;;;
INO3;;;O;;;;;1.4;;;;;
InAsO3;In;As;O;3.0;3.0;0.92;0.58;1.4;0.8285291577539344;3.728448830454459;1.0;1.0;0.41428571428571426
InBO3;In;B;O;3.0;3.0;0.92;0.27;1.4;0.9823279834447846;4.523378386539924;1.0;-1.0;0.1928571428571429
InBiO3;Bi;In;O;3.0;3.0;1.17;0.8;1.4;0.8260292852951939;4.29157874742315;1.0;-1.0;0.5714285714285715
InCoO3;In;Co;O;3.0;3.0;0.92;0.61;1.4;0.8161630509217862;4.306102069826904;-1.0;-1.0;0.4357142857142857
InCuO3;In;Cu;O;3.0;3.0;0.92;0.54;1.4;0.8456122331715412;3.185437282672135;1.0;1.0;0.3857142857142858
InFeO3;In;Fe;O;3.0;3.0;0.92;0.645;1.4;0.8021944901480635;5.220073392544533;-1.0;-1.0;0.46071428571428574
InGaO3;In;Ga;O;3.0;3.0;0.92;0.62;1.4;0.8121226397786089;4.5378456344333955;-1.0;-1.0;0.4428571428571429
InOsO3;;;O;;;;;1.4;;;;;
InPtO3;;;O;;;;;1.4;;;;;
InRhO3;In;Rh;O;3.0;3.0;0.92;0.665;1.4;0.7944250519868233;5.8919141289617745;-1.0;-1.0;0.47500000000000003
InSbO3;In;Sb;O;3.0;3.0;0.92;0.76;1.4;0.7594850612744398;11.850110533795128;-1.0;-1.0;0.5428571428571429
InSiO3;;;O;;;;;1.4;;;;;
KAcO3;;;O;;;;;1.4;;;;;
KAgO3;;;O;;;;;1.4;;;;;
KAlO3;;;O;;;;;1.4;;;;;
KAsO3;K;As;O;1.0;5.0;1.64;0.46;1.4;1.1557014058102713;4.84803080146891;-1.0;-1.0;0.3285714285714286
KAuO3;K;Au;O;1.0;5.0;1.64;0.57;1.4;1.0911698552320328;4.178653323234935;-1.0;1.0;0.40714285714285714
KBaO3;;;O;;;;;1.4;;;;;
KBeO3;;;O;;;;;1.4;;;;;
KBiO3;K;Bi;O;1.0;5.0;1.64;0.76;1.4;0.9951873216699557;3.6477246960052216;1.0;1.0;0.5428571428571429
KBrO3;K;Br;O;1.0;5.0;1.64;0.31;1.4;1.2570787221094177;6.691822988054783;-1.0;-1.0;0.22142857142857145
KCO3;;;O;;;;;1.4;;;;;
KCaO3;;;O;;;;;1.4;;;;;
KCdO3;;;O;;;;;1.4;;;;;
KClO3;K;Cl;O;1.0;5.0;1.64;0.12;1.4;1.414213562373095;15.893005817829504;-1.0;-1.0;0.08571428571428572
KCoO3;;;O;;;;;1.4;;;;;
KCrO3;K;Cr;O;1.0;5.0;1.64;0.49;1.4;1.137356939051378;4.627681740706652;-1.0;-1.0;0.35000000000000003
KDyO3;;;O;;;;;1.4;;;;;
KErO3;;;O;;;;;1.4;;;;;
KFeO3;;;O;;;;;1.4;;;;;
KGdO3;;;O;;;;;1.4;;;;;
KHfO3;;;O;;;;;1.4;;;;;
KHoO3;;;O;;;;;1.4;;;;;
KIO3;K;I;O;1.0;5.0;1.64;0.95;1.4;0.9147253680030233;3.6354953349917505;1.0;1.0;0.6785714285714286
KInO3;;;O;;;;;1.4;;;;;
KIrO3;K;Ir;O;1.0;5.0;1.64;0.57;1.4;1.0911698552320328;4.178653323234935;-1.0;1.0;0.40714285714285714
KLiO3;;;O;;;;;1.4;;;;;
KLuO3;;;O;;;;;1.4;;;;;
KMgO3;;;O;;;;;1.4;;;;;
KMnO3;K;Mn;O;1.0;5.0;1.64;0.33;1.4;1.2425460201197134;6.341977981748002;-1.0;-1.0;0.23571428571428574
KMoO3;K;Mo;O;1.0;5.0;1.64;0.61;1.4;1.0694550322423406;4.013529697739205;-1.0;1.0;0.4357142857142857
KNO3;K;N;O;1.0;5.0;1.64;0.13;1.4;1.4049703364752317;14.74587665752398;-1.0;-1.0;0.09285714285714286
KNaO3;;;O;;;;;1.4;;;;;
KNbO3;K;Nb;O;1.0;5.0;1.64;0.64;1.4;1.0537277523564237;3.910715044213359;1.0;1.0;0.4571428571428572
KNpO3;K;Np;O;1.0;5.0;1.64;0.75;1.4;0.9998160999102811;3.6615634918131383;1.0;1.0;0.5357142857142857
KOsO3;K;Os;O;1.0;5.0;1.64;0.575;1.4;1.0884073999023314;4.156111023912587;-1.0;1.0;0.4107142857142857
KPO3;K;P;O;1.0;5.0;1.64;0.38;1.4;1.2076430420264632;5.635621119647768;-1.0;-1.0;0.27142857142857146
KPaO3;K;Pa;O;1.0;5.0;1.64;0.78;1.4;0.9860571627555526;3.6241022291081384;1.0;1.0;0.5571428571428572
KPbO3;;;O;;;;;1.4;;;;;
KPdO3;;;O;;;;;1.4;;;;;
KPtO3;K;Pt;O;1.0;5.0;1.64;0.57;1.4;1.0911698552320328;4.178653323234935;-1.0;1.0;0.40714285714285714
KPuO3;K;Pu;O;1.0;5.0;1.64;0.74;1.4;1.0044881377603292;3.676778169161574;1.0;1.0;0.5285714285714286
KRbO3;;;O;;;;;1.4;;;;;
KReO3;K;Re;O;1.0;5.0;1.64;0.58;1.4;1.0856588963672245;4.134134169365303;-1.0;1.0;0.41428571428571426
KRhO3;K;Rh;O;1.0;5.0;1.64;0.55;1.4;1.1023613409267201;4.274724526059124;-1.0;-1.0;0.3928571428571429
KRuO3;K;Ru;O;1.0;5.0;1.64;0.565;1.4;1.0939463688585773;4.201773083341434;-1.0;-1.0;0.4035714285714286
KSO3;;;O;;;;;1.4;;;;;
KSbO3;K;Sb;O;1.0;5.0;1.64;0.6;1.4;1.0748023074035522;4.051656451743729;-1.0;1.0;0.4285714285714286
KScO3;;;O;;;;;1.4;;;;;
KSiO3;;;O;;;;;1.4;;;;;
KSrO3;;;O;;;;;1.4;;;;;
KTaO3;K;Ta;O;1.0;5.0;1.64;0.64;1.4;1.0537277523564237;3.910715044213359;1.0;1.0;0.4571428571428572
KTbO3;;;O;;;;;1.4;;;;;
KTcO3;K;Tc;O;1.0;5.0;1.64;0.6;1.4;1.0748023074035522;4.051656451743729;-1.0;1.0;0.4285714285714286
KTeO3;;;O;;;;;1.4;;;;;
KTiO3;;;O;;;;;1.4;;;;;
KTlO3;;;O;;;;;1.4;;;;;
KTmO3;;;O;;;;;1.4;;;;;
KUO3;K;U;O;1.0;5.0;1.64;0.76;1.4;0.9951873216699557;3.6477246960052216;1.0;1.0;0.5428571428571429
KVO3;K;V;O;1.0;5.0;1.64;0.54;1.4;1.1080436158799507;4.326488717214296;-1.0;-1.0;0.3857142857142858
KWO3;K;W;O;1.0;5.0;1.64;0.62;1.4;1.0641607003995566;3.977375872178663;-1.0;1.0;0.4428571428571429
KYO3;;;O;;;;;1.4;;;;;
KYbO3;;;O;;;;;1.4;;;;;
KZnO3;;;O;;;;;1.4;;;;;
KZrO3;;;O;;;;;1.4;;;;;
LaAgO3;;;O;;;;;1.4;;;;;
LaAlO3;La;Al;O;3.0;3.0;1.36;0.535;1.4;1.0085864165761607;1.7908706920491912;1.0;1.0;0.3821428571428572
LaAsO3;La;As;O;3.0;3.0;1.36;0.58;1.4;0.9856639980176116;1.6681755679678982;1.0;1.0;0.41428571428571426
LaAuO3;La;Au;O;3.0;3.0;1.36;0.85;1.4;0.8673843182554981;2.8597459206547384;1.0;1.0;0.6071428571428572
LaBO3;La;B;O;3.0;3.0;1.36;0.27;1.4;1.168631566511899;5.531389227133258;-1.0;-1.0;0.1928571428571429
LaBeO3;;;O;;;;;1.4;;;;;
LaBiO3;La;Bi;O;3.0;3.0;1.36;1.03;1.4;0.8031336280143503;6.611817550314768;-1.0;-1.0;0.7357142857142858
LaCdO3;;;O;;;;;1.4;;;;;
LaCoO3;La;Co;O;3.0;3.0;1.36;0.61;1.4;0.970952595062125;1.637165915680015;1.0;1.0;0.4357142857142857
LaCrO3;La;Cr;O;3.0;3.0;1.36;0.615;1.4;0.9685432834118468;1.6357956085444192;1.0;1.0;0.43928571428571433
LaCuO3;La;Cu;O;3.0;3.0;1.36;0.54;1.4;1.0059869670489026;1.7725147414073685;1.0;1.0;0.3857142857142858
LaDyO3;La;Dy;O;3.0;3.0;1.36;0.912;1.4;0.8441240121431103;3.7304939693723727;1.0;1.0;0.6514285714285715
LaErO3;La;Er;O;3.0;3.0;1.36;0.89;1.4;0.852233500469376;3.3845183244450983;1.0;1.0;0.6357142857142858
LaFeO3;La;Fe;O;3.0;3.0;1.36;0.645;1.4;0.9543348244864894;1.6499917729925677;1.0;1.0;0.46071428571428574
LaGaO3;La;Ga;O;3.0;3.0;1.36;0.62;1.4;0.9661458990469658;1.63549725722471;1.0;1.0;0.4428571428571429
LaHoO3;La;Ho;O;3.0;3.0;1.36;0.9009999999999999;1.4;0.8481593724793007;3.551934544512891;1.0;1.0;0.6435714285714286
LaIO3;;;O;;;;;1.4;;;;;
LaInO3;La;In;O;3.0;3.0;1.36;0.8;1.4;0.8870975982158503;2.3612485337733453;1.0;1.0;0.5714285714285715
LaLuO3;La;Lu;O;3.0;3.0;1.36;0.861;1.4;0.8631644033944585;2.991810574149137;1.0;1.0;0.615
LaMgO3;;;O;;;;;1.4;;;;;
LaMnO3;La;Mn;O;3.0;3.0;1.36;0.645;1.4;0.9543348244864894;1.6499917729925677;1.0;1.0;0.46071428571428574
LaNiO3;La;Ni;O;3.0;3.0;1.36;0.6;1.4;0.9758073580374355;1.643139289098067;1.0;1.0;0.4285714285714286
LaPdO3;La;Pd;O;3.0;3.0;1.36;0.76;1.4;0.9035253315161439;2.0674400090689646;1.0;1.0;0.5428571428571429
LaPtO3;;;O;;;;;1.4;;;;;
LaRhO3;La;Rh;O;3.0;3.0;1.36;0.665;1.4;0.9450918721912208;1.6807235681614277;1.0;1.0;0.47500000000000003
LaRuO3;La;Ru;O;3.0;3.0;1.36;0.68;1.4;0.9382763058052264;1.7149937747455457;1.0;1.0;0.48571428571428577
LaScO3;La;Sc;O;3.0;3.0;1.36;0.745;1.4;0.9098436904777952;1.978567649956684;1.0;1.0;0.5321428571428571
LaSmO3;La;Sm;O;3.0;3.0;1.36;0.958;1.4;0.827656792228529;4.615965336063129;1.0;-1.0;0.6842857142857143
LaSnO3;;;O;;;;;1.4;;;;;
LaTaO3;La;Ta;O;3.0;3.0;1.36;0.72;1.4;0.9205729792805993;1.8544550660023216;1.0;1.0;0.5142857142857143
LaTiO3;La;Ti;O;3.0;3.0;1.36;0.67;1.4;0.9428090415820632;1.6910731507096362;1.0;1.0;0.47857142857142865
LaTlO3;La;Tl;O;3.0;3.0;1.36;0.885;1.4;0.8540983440152607;3.311920789179582;1.0;1.0;0.6321428571428572
LaTmO3;La;Tm;O;3.0;3.0;1.36;0.88;1.4;0.8559713666995048;3.241428659202975;1.0;1.0;0.6285714285714287
LaVO3;La;V;O;3.0;3.0;1.36;0.64;1.4;0.9566738804288581;1.644966808789933;1.0;1.0;0.4571428571428572
LaYO3;La;Y;O;3.0;3.0;1.36;0.9;1.4;0.848528137423857;3.5362649453386137;1.0;1.0;0.6428571428571429
LaZnO3;;;O;;;;;1.4;;;;;
LaZrO3;;;O;;;;;1.4;;;;;
LiAcO3;;;O;;;;;1.4;;;;;
LiAlO3;;;O;;;;;1.4;;;;;
LiAsO3;Li;As;O;1.0;5.0;0.92;0.46;1.4;0.8819826518025754;4.928868342647491;1.0;-1.0;0.3285714285714286
LiBO3;;;O;;;;;1.4;;;;;
LiBeO3;;;O;;;;;1.4;;;;;
LiBiO3;Li;Bi;O;1.0;5.0;0.92;0.76;1.4;0.7594850612744398;7.178107020036972;-1.0;-1.0;0.5428571428571429
LiBrO3;Li;Br;O;1.0;5.0;0.92;0.31;1.4;0.959349551083503;6.24433108305071;1.0;-1.0;0.22142857142857145
LiCaO3;;;O;;;;;1.4;;;;;
LiCdO3;;;O;;;;;1.4;;;;;
LiCeO3;;;O;;;;;1.4;;;;;
LiCrO3;Li;Cr;O;1.0;5.0;0.92;0.49;1.4;0.8679829271707884;4.837532637358622;1.0;-1.0;0.35000000000000003
LiDyO3;;;O;;;;;1.4;;;;;
LiErO3;;;O;;;;;1.4;;;;;
LiEuO3;;;O;;;;;1.4;;;;;
LiFeO3;;;O;;;;;1.4;;;;;
LiGdO3;;;O;;;;;1.4;;;;;
LiGeO3;;;O;;;;;1.4;;;;;
LiHoO3;;;O;;;;;1.4;;;;;
LiIO3;I;Li;O;5.0;1.0;0.95;0.76;1.4;0.7693059887909196;4.850980998936329;-1.0;-1.0;0.5428571428571429
LiLaO3;;;O;;;;;1.4;;;;;
LiLuO3;;;O;;;;;1.4;;;;;
LiMgO3;;;O;;;;;1.4;;;;;
LiMnO3;Li;Mn;O;1.0;5.0;0.92;0.33;1.4;0.9482588048282022;5.961560504100488;1.0;-1.0;0.23571428571428574
LiNO3;Li;N;O;1.0;5.0;0.92;0.13;1.4;1.0722142041521505;13.385737943701072;-1.0;-1.0;0.09285714285714286
LiNbO3;Li;Nb;O;1.0;5.0;0.92;0.64;1.4;0.8041606531141127;5.148586357183775;-1.0;-1.0;0.4571428571428572
LiNdO3;;;O;;;;;1.4;;;;;
LiNiO3;;;O;;;;;1.4;;;;;
LiOsO3;Li;Os;O;1.0;5.0;0.92;0.575;1.4;0.8306266999254635;4.839011641070762;1.0;-1.0;0.4107142857142857
LiPO3;Li;P;O;1.0;5.0;0.92;0.38;1.4;0.9216223215465114;5.42233087539812;1.0;-1.0;0.27142857142857146
LiPaO3;Pa;Li;O;5.0;1.0;0.95;0.76;1.4;0.7693059887909196;4.850980998936329;-1.0;-1.0;0.5428571428571429
LiPmO3;;;O;;;;;1.4;;;;;
LiPrO3;;;O;;;;;1.4;;;;;
LiReO3;Li;Re;O;1.0;5.0;0.92;0.58;1.4;0.8285291577539344;4.852011679117004;1.0;-1.0;0.41428571428571426
LiRuO3;Li;Ru;O;1.0;5.0;0.92;0.565;1.4;0.8348538078131247;4.817688367027532;1.0;-1.0;0.4035714285714286
LiSbO3;Li;Sb;O;1.0;5.0;0.92;0.6;1.4;0.820243866176395;4.920547752405589;-1.0;-1.0;0.4285714285714286
LiSeO3;;;O;;;;;1.4;;;;;
LiSiO3;;;O;;;;;1.4;;;;;
LiSmO3;;;O;;;;;1.4;;;;;
LiTaO3;Li;Ta;O;1.0;5.0;0.92;0.64;1.4;0.8041606531141127;5.148586357183775;-1.0;-1.0;0.4571428571428572
LiTcO3;Li;Tc;O;1.0;5.0;0.92;0.6;1.4;0.820243866176395;4.920547752405589;-1.0;-1.0;0.4285714285714286
LiTeO3;;;O;;;;;1.4;;;;;
LiTmO3;;;O;;;;;1.4;;;;;
LiUO3;Li;U;O;1.0;5.0;0.92;0.76;1.4;0.7594850612744398;7.178107020036972;-1.0;-1.0;0.5428571428571429
LiVO3;Li;V;O;1.0;5.0;0.92;0.54;1.4;0.8456122331715412;4.790207489285773;1.0;-1.0;0.3857142857142858
LiYO3;;;O;;;;;1.4;;;;;
LiYbO3;;;O;;;;;1.4;;;;;
LuAlO3;Lu;Al;O;3.0;3.0;1.032;0.535;1.4;0.888725422142472;2.4250852018100346;1.0;1.0;0.3821428571428572
LuBO3;Lu;B;O;3.0;3.0;1.032;0.27;1.4;1.0297507136800501;4.7370893592148535;1.0;-1.0;0.1928571428571429
LuBiO3;Bi;Lu;O;3.0;3.0;1.17;0.861;1.4;0.8037436654796226;5.91954955688835;-1.0;-1.0;0.615
LuCoO3;Lu;Co;O;3.0;3.0;1.032;0.61;1.4;0.8555640257938725;2.9479123354393355;1.0;1.0;0.4357142857142857
LuCrO3;Lu;Cr;O;3.0;3.0;1.032;0.615;1.4;0.8534410381368157;3.0017671609012444;1.0;1.0;0.43928571428571433
LuFeO3;Lu;Fe;O;3.0;3.0;1.032;0.645;1.4;0.8409211207069357;3.383229732784242;1.0;1.0;0.46071428571428574
LuGaO3;Lu;Ga;O;3.0;3.0;1.032;0.62;1.4;0.8513285603196452;3.0582815783308774;1.0;1.0;0.4428571428571429
LuGeO3;;;O;;;;;1.4;;;;;
LuMnO3;Lu;Mn;O;3.0;3.0;1.032;0.645;1.4;0.8409211207069357;3.383229732784242;1.0;1.0;0.46071428571428574
LuNiO3;Lu;Ni;O;3.0;3.0;1.032;0.6;1.4;0.8598418459228417;2.8479357350568675;1.0;1.0;0.4285714285714286
LuNpO3;Np;Lu;O;3.0;3.0;1.01;0.861;1.4;0.7537051493408136;14.674380339089645;-1.0;-1.0;0.615
LuPdO3;Lu;Pd;O;3.0;3.0;1.032;0.76;1.4;0.7961498573359646;6.157604904766916;-1.0;-1.0;0.5428571428571429
LuReO3;;;O;;;;;1.4;;;;;
LuRhO3;Lu;Rh;O;3.0;3.0;1.032;0.665;1.4;0.8327766062206701;3.6990963696557166;1.0;1.0;0.47500000000000003
LuScO3;Lu;Sc;O;3.0;3.0;1.032;0.745;1.4;0.8017173388557964;5.631851122787042;-1.0;-1.0;0.5321428571428571
LuSeO3;;;O;;;;;1.4;;;;;
LuSiO3;;;O;;;;;1.4;;;;;
LuTiO3;Lu;Ti;O;3.0;3.0;1.032;0.67;1.4;0.8307650685244847;3.786658149643081;1.0;1.0;0.47857142857142865
LuTlO3;Tl;Lu;O;3.0;3.0;0.98;0.861;1.4;0.7443229275647867;19.002388310374425;-1.0;-1.0;0.615
LuUO3;U;Lu;O;3.0;3.0;1.025;0.861;1.4;0.7583962602288268;13.109865928439856;-1.0;-1.0;0.615
LuVO3;Lu;V;O;3.0;3.0;1.032;0.64;1.4;0.8429822018851388;3.3123306393910994;1.0;1.0;0.4571428571428572
MgAlO3;;;O;;;;;1.4;;;;;
MgBO3;;;O;;;;;1.4;;;;;
MgBeO3;;;O;;;;;1.4;;;;;
MgBiO3;;;O;;;;;1.4;;;;;
MgCO3;Mg;C;O;2.0;4.0;0.89;0.16;1.4;1.0379964928956371;11.232920224421996;1.0;-1.0;0.1142857142857143
MgCoO3;Mg;Co;O;2.0;4.0;0.89;0.53;1.4;0.8390023465892196;5.120773417585061;1.0;-1.0;0.3785714285714286
MgCrO3;Mg;Cr;O;2.0;4.0;0.89;0.55;1.4;0.8303971943165096;5.2696228879681035;1.0;-1.0;0.3928571428571429
MgCuO3;;;O;;;;;1.4;;;;;
MgFeO3;Mg;Fe;O;2.0;4.0;0.89;0.585;1.4;0.8157554301849843;5.644509670203437;-1.0;-1.0;0.41785714285714287
MgGeO3;Mg;Ge;O;2.0;4.0;0.89;0.53;1.4;0.8390023465892196;5.120773417585061;1.0;-1.0;0.3785714285714286
MgHgO3;;;O;;;;;1.4;;;;;
MgInO3;;;O;;;;;1.4;;;;;
MgIrO3;Mg;Ir;O;2.0;4.0;0.89;0.625;1.4;0.7996417426751574;6.297265133648947;-1.0;-1.0;0.44642857142857145
MgMnO3;Mg;Mn;O;2.0;4.0;0.89;0.53;1.4;0.8390023465892196;5.120773417585061;1.0;-1.0;0.3785714285714286
MgMoO3;Mg;Mo;O;2.0;4.0;0.89;0.65;1.4;0.7898900141059482;6.868148087841519;-1.0;-1.0;0.46428571428571436
MgOsO3;Mg;Os;O;2.0;4.0;0.89;0.63;1.4;0.7976721817326078;6.399887596193985;-1.0;-1.0;0.45
MgPbO3;Pb;Mg;O;4.0;2.0;0.94;0.72;1.4;0.7804857867813778;5.530569051191444;-1.0;-1.0;0.5142857142857143
MgReO3;Mg;Re;O;2.0;4.0;0.89;0.63;1.4;0.7976721817326078;6.399887596193985;-1.0;-1.0;0.45
MgRhO3;Mg;Rh;O;2.0;4.0;0.89;0.6;1.4;0.8096372644585969;5.857371647497727;-1.0;-1.0;0.4285714285714286
MgRuO3;Mg;Ru;O;2.0;4.0;0.89;0.62;1.4;0.8016210539194029;6.199840394402221;-1.0;-1.0;0.4428571428571429
MgSO3;Mg;S;O;2.0;4.0;0.89;0.37;1.4;0.9148443666198834;5.264824739413299;1.0;-1.0;0.2642857142857143
MgSbO3;;;O;;;;;1.4;;;;;
MgSeO3;Mg;Se;O;2.0;4.0;0.89;0.5;1.4;0.852249752061681;4.973981077072553;1.0;-1.0;0.35714285714285715
MgSiO3;Mg;Si;O;2.0;4.0;0.89;0.4;1.4;0.8995969605095522;5.0641907098236185;1.0;-1.0;0.28571428571428575
MgSnO3;Mg;Sn;O;2.0;4.0;0.89;0.69;1.4;0.7747725018742555;8.164181797711134;-1.0;-1.0;0.4928571428571428
MgTiO3;Mg;Ti;O;2.0;4.0;0.89;0.605;1.4;0.8076182189113187;5.9363347695167725;-1.0;-1.0;0.43214285714285716
MgTlO3;;;O;;;;;1.4;;;;;
MgUO3;U;Mg;O;4.0;2.0;1.17;0.72;1.4;0.8572002017214277;-0.6675115556159152;1.0;1.0;0.5142857142857143
MgVO3;Mg;V;O;2.0;4.0;0.89;0.58;1.4;0.8178154186450474;5.581035311682232;-1.0;-1.0;0.41428571428571426
MgWO3;Mg;W;O;2.0;4.0;0.89;0.66;1.4;0.7860555965617445;7.141731935975814;-1.0;-1.0;0.4714285714285715
MgZnO3;;;O;;;;;1.4;;;;;
MgZrO3;Mg;Zr;O;2.0;4.0;0.89;0.72;1.4;0.76380874005528;9.607506661290834;-1.0;-1.0;0.5142857142857143
MnAgO3;Ag;Mn;O;1.0;5.0;1.28;0.33;1.4;1.0954024124739576;6.103894486905062;-1.0;-1.0;0.23571428571428574
MnAlO3;Mn;Al;O;3.0;3.0;0.645;0.535;1.4;0.7473040659051625;12.959818351127687;-1.0;-1.0;0.3821428571428572
MnBO3;Mn;B;O;3.0;3.0;0.645;0.27;1.4;0.8658882440278381;4.4148972776961;1.0;-1.0;0.1928571428571429
MnBiO3;Bi;Mn;O;3.0;3.0;1.17;0.645;1.4;0.88863786193126;2.3087136894700233;1.0;1.0;0.46071428571428574
MnCO3;Mn;C;O;2.0;4.0;0.96;0.16;1.4;1.069725643333495;11.447327518614967;-1.0;-1.0;0.1142857142857143
MnCdO3;Cd;Mn;O;2.0;4.0;1.31;0.53;1.4;0.9928805062256703;4.104396685716461;1.0;1.0;0.3785714285714286
MnClO3;;;O;;;;;1.4;;;;;
MnCoO3;Co;Mn;O;2.0;4.0;0.9;0.53;1.4;0.8426661122948492;5.0553196822884345;1.0;-1.0;0.3785714285714286
MnCuO3;Cu;Mn;O;1.0;5.0;0.77;0.33;1.4;0.8869489683091375;5.9962767450931755;1.0;-1.0;0.23571428571428574
MnFeO3;Fe;Mn;O;2.0;4.0;0.92;0.53;1.4;0.8499936437061089;4.936557696256866;1.0;-1.0;0.3785714285714286
MnGaO3;Mn;Ga;O;3.0;3.0;0.645;0.62;1.4;0.7158581027358859;72.20826744881111;-1.0;-1.0;0.4428571428571429
MnGeO3;Ge;Mn;O;2.0;4.0;0.73;0.53;1.4;0.780382095299143;7.245495608993011;-1.0;-1.0;0.3785714285714286
MnHgO3;Hg;Mn;O;1.0;5.0;1.19;0.33;1.4;1.058616510562519;6.053913260368661;1.0;-1.0;0.23571428571428574
MnInO3;In;Mn;O;3.0;3.0;0.92;0.645;1.4;0.8021944901480635;5.220073392544533;-1.0;-1.0;0.46071428571428574
MnNiO3;Ni;Mn;O;2.0;4.0;0.69;0.53;1.4;0.7657270324766239;8.511219727810895;-1.0;-1.0;0.3785714285714286
MnO3F;;;O;;;;;1.4;;;;;
MnPO3;Mn;P;O;3.0;3.0;0.645;0.44;1.4;0.7858876997426574;5.679878160148279;-1.0;-1.0;0.31428571428571433
MnPbO3;Pb;Mn;O;2.0;4.0;1.49;0.53;1.4;1.0588282889270062;4.081085322006645;1.0;1.0;0.3785714285714286
MnSO3;Mn;S;O;2.0;4.0;0.96;0.37;1.4;0.9428090415820632;5.226435757866106;1.0;-1.0;0.2642857142857143
MnSeO3;Mn;Se;O;2.0;4.0;0.96;0.5;1.4;0.8783010545264485;4.686634583761662;1.0;-1.0;0.35714285714285715
MnSiO3;Mn;Si;O;2.0;4.0;0.96;0.4;1.4;0.9270955575556956;4.982777162903586;1.0;-1.0;0.28571428571428575
MnSnO3;Sn;Mn;O;2.0;4.0;1.15;0.53;1.4;0.9342602549355937;4.243623239230578;1.0;-1.0;0.3785714285714286
MnTeO3;Te;Mn;O;4.0;2.0;0.97;0.83;1.4;0.7514991351623845;15.6776860867913;-1.0;-1.0;0.5928571428571429
MnTlO3;Tl;Mn;O;3.0;3.0;0.98;0.645;1.4;0.8229408993760308;4.067303247941256;-1.0;1.0;0.46071428571428574
MnVO3;Mn;V;O;3.0;3.0;0.645;0.64;1.4;0.7088398860423968;381.69725801737553;-1.0;-1.0;0.4571428571428572
MnZnO3;Zn;Mn;O;2.0;4.0;0.9;0.53;1.4;0.8426661122948492;5.0553196822884345;1.0;-1.0;0.3785714285714286
MoHO3;Mo;H;O;5.0;1.0;0.61;-0.18;1.4;1.164987401790951;;-1.0;;-0.1285714285714286
MoPbO3;Pb;Mo;O;2.0;4.0;1.49;0.65;1.4;0.9968480964044498;3.6804153133436097;1.0;1.0;0.46428571428571436
NClO3;;;O;;;;;1.4;;;;;
NaAgO3;;;O;;;;;1.4;;;;;
NaAlO3;;;O;;;;;1.4;;;;;
NaAsO3;Na;As;O;1.0;5.0;1.39;0.46;1.4;1.0606601717798214;4.776025034734419;-1.0;-1.0;0.3285714285714286
NaBeO3;;;O;;;;;1.4;;;;;
NaBiO3;Na;Bi;O;1.0;5.0;1.39;0.76;1.4;0.9133462590326238;3.871464875710136;1.0;1.0;0.5428571428571429
NaBrO3;Na;Br;O;1.0;5.0;1.39;0.31;1.4;1.1537005377254195;6.504406690527938;-1.0;-1.0;0.22142857142857145
NaCO3;;;O;;;;;1.4;;;;;
NaCaO3;;;O;;;;;1.4;;;;;
NaCdO3;;;O;;;;;1.4;;;;;
NaClO3;Na;Cl;O;1.0;5.0;1.39;0.12;1.4;1.2979131049410968;15.395393006253737;-1.0;-1.0;0.08571428571428572
NaCoO3;;;O;;;;;1.4;;;;;
NaCrO3;Na;Cr;O;1.0;5.0;1.39;0.49;1.4;1.0438242960372845;4.577830340117929;1.0;-1.0;0.35000000000000003
NaFeO3;;;O;;;;;1.4;;;;;
NaGeO3;;;O;;;;;1.4;;;;;
NaIO3;Na;I;O;1.0;5.0;1.39;0.95;1.4;0.8395012423448799;4.318059586788747;1.0;-1.0;0.6785714285714286
NaInO3;;;O;;;;;1.4;;;;;
NaIrO3;Na;Ir;O;1.0;5.0;1.39;0.57;1.4;1.0014354921372932;4.191763513900469;1.0;-1.0;0.40714285714285714
NaLiO3;;;O;;;;;1.4;;;;;
NaMgO3;;;O;;;;;1.4;;;;;
NaMoO3;Na;Mo;O;1.0;5.0;1.39;0.61;1.4;0.9815064276171481;4.061823508984502;1.0;1.0;0.4357142857142857
NaNO3;Na;N;O;1.0;5.0;1.39;0.13;1.4;1.2894300127519396;14.281658199652409;-1.0;-1.0;0.09285714285714286
NaNbO3;Na;Nb;O;1.0;5.0;1.39;0.64;1.4;0.9670725095639545;3.9877844549303405;1.0;1.0;0.4571428571428572
NaNiO3;;;O;;;;;1.4;;;;;
NaOsO3;Na;Os;O;1.0;5.0;1.39;0.575;1.4;0.9989002124103634;4.1734497321459605;1.0;1.0;0.4107142857142857
NaPO3;Na;P;O;1.0;5.0;1.39;0.38;1.4;1.1083302918598135;5.504728085240877;-1.0;-1.0;0.27142857142857146
NaPaO3;Na;Pa;O;1.0;5.0;1.39;0.78;1.4;0.9049669355552604;3.8792589656864322;1.0;1.0;0.5571428571428572
NaPbO3;;;O;;;;;1.4;;;;;
NaPdO3;;;O;;;;;1.4;;;;;
NaPuO3;Na;Pu;O;1.0;5.0;1.39;0.74;1.4;0.9218822053787232;3.8715112427203398;1.0;1.0;0.5285714285714286
NaReO3;Na;Re;O;1.0;5.0;1.39;0.58;1.4;0.9963777371264988;4.155746119311808;1.0;1.0;0.41428571428571426
NaRuO3;Na;Ru;O;1.0;5.0;1.39;0.565;1.4;1.0039836740511285;4.210697703522696;1.0;-1.0;0.4035714285714286
NaSbO3;Na;Sb;O;1.0;5.0;1.39;0.6;1.4;0.9864139597552337;4.090845148640083;1.0;1.0;0.4285714285714286
NaSeO3;;;O;;;;;1.4;;;;;
NaSiO3;;;O;;;;;1.4;;;;;
NaSrO3;;;O;;;;;1.4;;;;;
NaTaO3;Na;Ta;O;1.0;5.0;1.39;0.64;1.4;0.9670725095639545;3.9877844549303405;1.0;1.0;0.4571428571428572
NaTcO3;Na;Tc;O;1.0;5.0;1.39;0.6;1.4;0.9864139597552337;4.090845148640083;1.0;1.0;0.4285714285714286
NaTeO3;;;O;;;;;1.4;;;;;
NaTiO3;;;O;;;;;1.4;;;;;
NaUO3;Na;U;O;1.0;5.0;1.39;0.76;1.4;0.9133462590326238;3.871464875710136;1.0;1.0;0.5428571428571429
NaVO3;Na;V;O;1.0;5.0;1.39;0.54;1.4;1.0169216079950862;4.3150691739359655;1.0;-1.0;0.3857142857142858
NaWO3;Na;W;O;1.0;5.0;1.39;0.62;1.4;0.9766474849061719;4.035006992423109;1.0;1.0;0.4428571428571429
NaYbO3;;;O;;;;;1.4;;;;;
NaZnO3;;;O;;;;;1.4;;;;;
NbAgO3;Ag;Nb;O;1.0;5.0;1.28;0.64;1.4;0.9289442027352681;4.072890081777927;1.0;1.0;0.4571428571428572
NbBiO3;Bi;Nb;O;3.0;3.0;1.17;0.72;1.4;0.8572002017214277;2.9854774443991747;1.0;1.0;0.5142857142857143
NbCuO3;Cu;Nb;O;1.0;5.0;0.77;0.64;1.4;0.7521675074386313;7.693609590642878;-1.0;-1.0;0.4571428571428572
NbFeO3;Fe;Nb;O;2.0;4.0;0.92;0.68;1.4;0.7886960251696106;7.010373576808142;-1.0;-1.0;0.48571428571428577
NbHO3;Nb;H;O;5.0;1.0;0.74;-0.18;1.4;1.2403348456878782;;-1.0;;-0.1285714285714286
NbTlO3;Tl;Nb;O;3.0;3.0;0.98;0.72;1.4;0.793827424162256;6.189061133482497;-1.0;-1.0;0.5142857142857143
NdAlO3;Nd;Al;O;3.0;3.0;1.27;0.535;1.4;0.9756977290791119;1.8544749175747448;1.0;1.0;0.3821428571428572
NdBO3;Nd;B;O;3.0;3.0;1.27;0.27;1.4;1.1305240154299891;5.298828161236899;-1.0;-1.0;0.1928571428571429
NdBeO3;;;O;;;;;1.4;;;;;
NdBiO3;Bi;Nd;O;3.0;3.0;1.17;0.983;1.4;0.7625952277169227;12.92782242963537;-1.0;-1.0;0.7021428571428572
NdCoO3;Nd;Co;O;3.0;3.0;1.27;0.61;1.4;0.9392910973970557;1.8124541480660419;1.0;1.0;0.4357142857142857
NdCrO3;Nd;Cr;O;3.0;3.0;1.27;0.615;1.4;0.9369603502571127;1.8196520354776924;1.0;1.0;0.43928571428571433
NdCuO3;Nd;Cu;O;3.0;3.0;1.27;0.54;1.4;0.9731830442103514;1.842745160370482;1.0;1.0;0.3857142857142858
NdFeO3;Nd;Fe;O;3.0;3.0;1.27;0.645;1.4;0.9232152106445387;1.8890461552681046;1.0;1.0;0.46071428571428574
NdGaO3;Nd;Ga;O;3.0;3.0;1.27;0.62;1.4;0.9346411414693473;1.828091904923257;1.0;1.0;0.4428571428571429
NdGeO3;Nd;Ge;O;2.0;4.0;1.35;0.53;1.4;1.0075355690481893;4.090100861636152;1.0;1.0;0.3785714285714286
NdInO3;Nd;In;O;3.0;3.0;1.27;0.8;1.4;0.8581705026218552;3.0548626978115756;1.0;1.0;0.5714285714285715
NdLuO3;Nd;Lu;O;3.0;3.0;1.27;0.861;1.4;0.8350177380663784;4.010995106015739;1.0;1.0;0.615
NdMgO3;;;O;;;;;1.4;;;;;
NdMnO3;Nd;Mn;O;3.0;3.0;1.27;0.645;1.4;0.9232152106445387;1.8890461552681046;1.0;1.0;0.46071428571428574
NdNiO3;Nd;Ni;O;3.0;3.0;1.27;0.6;1.4;0.9439875528840409;1.801778099740436;1.0;1.0;0.4285714285714286
NdNpO3;Np;Nd;O;3.0;3.0;1.01;0.983;1.4;0.7151184820224841;106.18067412463976;-1.0;-1.0;0.7021428571428572
NdReO3;Nd;Re;O;2.0;4.0;1.35;0.63;1.4;0.9579032750064068;3.845485655503344;1.0;1.0;0.45
NdRhO3;Nd;Rh;O;3.0;3.0;1.27;0.665;1.4;0.9142736589675942;1.960680330112428;1.0;1.0;0.47500000000000003
NdSbO3;Nd;Sb;O;3.0;3.0;1.27;0.76;1.4;0.8740625489667044;2.6057070132850866;1.0;1.0;0.5428571428571429
NdScO3;Nd;Sc;O;3.0;3.0;1.27;0.745;1.4;0.8801748744839542;2.467138740902522;1.0;1.0;0.5321428571428571
NdTaO3;Nd;Ta;O;3.0;3.0;1.27;0.72;1.4;0.8905542951736234;2.2686227043471874;1.0;1.0;0.5142857142857143
NdTiO3;Nd;Ti;O;3.0;3.0;1.27;0.67;1.4;0.912065268486996;1.981837406267415;1.0;1.0;0.47857142857142865
NdVO3;Nd;V;O;3.0;3.0;1.27;0.64;1.4;0.9254779930235694;1.8743382106046198;1.0;1.0;0.4571428571428572
NdZrO3;Nd;Zr;O;2.0;4.0;1.35;0.72;1.4;0.9172375699353799;3.9100001901223025;1.0;1.0;0.5142857142857143
NiAsO3;Ni;As;O;3.0;3.0;0.6;0.58;1.4;0.7142492739258056;84.95674976664621;-1.0;-1.0;0.41428571428571426
NiBiO3;Bi;Ni;O;3.0;3.0;1.17;0.6;1.4;0.9086322138247135;2.093055861616228;1.0;1.0;0.4285714285714286
NiCO3;Ni;C;O;2.0;4.0;0.69;0.16;1.4;0.9473417773589002;10.651399287860583;1.0;-1.0;0.1142857142857143
NiMoO3;Ni;Mo;O;2.0;4.0;0.69;0.65;1.4;0.7209039866731143;33.70481953260006;-1.0;-1.0;0.46428571428571436
NiPbO3;Pb;Ni;O;2.0;4.0;1.49;0.48;1.4;1.0869886157601714;4.397451588512164;-1.0;-1.0;0.34285714285714286
NiPdO3;Pd;Ni;O;2.0;4.0;0.86;0.48;1.4;0.8500326199370198;5.061494171157374;1.0;-1.0;0.34285714285714286
NiPtO3;Pt;Ni;O;2.0;4.0;0.8;0.48;1.4;0.827465382239577;5.442050629904058;1.0;-1.0;0.34285714285714286
NiRuO3;Ni;Ru;O;2.0;4.0;0.69;0.62;1.4;0.7316104815246951;19.065415636506064;-1.0;-1.0;0.4428571428571429
NiSbO3;Sb;Ni;O;3.0;3.0;0.76;0.6;1.4;0.7636753236814713;9.408546510193535;-1.0;-1.0;0.4285714285714286
NiSeO3;Ni;Se;O;2.0;4.0;0.69;0.5;1.4;0.7778174593052022;7.36920645459963;-1.0;-1.0;0.35714285714285715
NiSnO3;Sn;Ni;O;2.0;4.0;1.15;0.48;1.4;0.9591076021413277;4.400809981399284;1.0;-1.0;0.34285714285714286
NiTeO3;Te;Ni;O;4.0;2.0;0.97;0.69;1.4;0.8018387901493387;2.5384233936875003;-1.0;1.0;0.4928571428571428
NpAlO3;Np;Al;O;3.0;3.0;1.01;0.535;1.4;0.880685965198749;2.52964116383119;1.0;1.0;0.3821428571428572
NpBO3;Np;B;O;3.0;3.0;1.01;0.27;1.4;1.0204355345266944;4.691484960144906;1.0;-1.0;0.1928571428571429
NpBeO3;Np;Be;O;4.0;2.0;0.98;0.45;1.4;0.9096833184994503;-1.6964755864636505;1.0;1.0;0.32142857142857145
NpHgO3;Hg;Np;O;1.0;5.0;1.19;0.75;1.4;0.8518170061735618;4.303722700211286;1.0;-1.0;0.5357142857142857
NpMoO3;Np;Mo;O;2.0;4.0;1.1;0.65;1.4;0.8623253429104238;4.587337509299059;1.0;-1.0;0.46428571428571436
NpOsO3;Np;Os;O;2.0;4.0;1.1;0.63;1.4;0.8708211590967334;4.487748038154453;1.0;-1.0;0.45
NpRuO3;Np;Ru;O;2.0;4.0;1.1;0.62;1.4;0.8751321549338459;4.4469752540207805;1.0;-1.0;0.4428571428571429
NpSiO3;Np;Si;O;2.0;4.0;1.1;0.4;1.4;0.9820927516479827;4.936926693624887;1.0;-1.0;0.28571428571428575
NpSnO3;Sn;Np;O;2.0;4.0;1.15;0.87;1.4;0.7943270008923771;7.0839290056179705;-1.0;-1.0;0.6214285714285714
NpTaO3;Np;Ta;O;3.0;3.0;1.01;0.72;1.4;0.8038336521979148;5.378418889376139;-1.0;-1.0;0.5142857142857143
NpTcO3;Np;Tc;O;2.0;4.0;1.1;0.645;1.4;0.8644337178319651;4.560119185433491;1.0;-1.0;0.46071428571428574
NpTiO3;Np;Ti;O;4.0;2.0;0.98;0.86;1.4;0.7446522739929129;20.52404209566319;-1.0;-1.0;0.6142857142857143
OsPbO3;Pb;Os;O;2.0;4.0;1.49;0.63;1.4;1.0066692599158238;3.7172211772896064;1.0;1.0;0.45
PNO3;P;N;O;3.0;3.0;0.44;0.16;1.4;0.8340233829379792;7.905390040437332;1.0;-1.0;0.1142857142857143
PPbO3;;;O;;;;;1.4;;;;;
PaAgO3;Ag;Pa;O;1.0;5.0;1.28;0.78;1.4;0.8692872355871317;4.107923719704103;1.0;1.0;0.5571428571428572
PaBO3;Pa;B;O;3.0;3.0;1.04;0.27;1.4;1.0331380515539976;4.754033945864578;1.0;-1.0;0.1928571428571429
PaBeO3;Pa;Be;O;4.0;2.0;1.01;0.45;1.4;0.9211499149511241;-1.784072711474641;1.0;1.0;0.32142857142857145
PaCoO3;Pa;Co;O;4.0;2.0;1.01;0.745;1.4;0.7944649616128575;3.6985755360590105;-1.0;1.0;0.5321428571428571
PaHgO3;Hg;Pa;O;1.0;5.0;1.19;0.78;1.4;0.8400947537950266;4.4065859395627545;1.0;-1.0;0.5571428571428572
PaOsO3;;;O;;;;;1.4;;;;;
PaSiO3;;;O;;;;;1.4;;;;;
PaTaO3;Pa;Ta;O;3.0;3.0;1.04;0.72;1.4;0.8138398802335735;4.728619913545467;-1.0;-1.0;0.5142857142857143
PaTlO3;Pa;Tl;O;3.0;3.0;1.04;0.885;1.4;0.7550724490569697;14.426272070328967;-1.0;-1.0;0.6321428571428572
PbAuO3;;;O;;;;;1.4;;;;;
PbCO3;Pb;C;O;2.0;4.0;1.49;0.16;1.4;1.3099606395058476;13.096936473117385;-1.0;-1.0;0.1142857142857143
PbSO3;Pb;S;O;2.0;4.0;1.49;0.37;1.4;1.154541580581425;5.56547071334259;-1.0;-1.0;0.2642857142857143
PbSeO3;Pb;Se;O;2.0;4.0;1.49;0.5;1.4;1.075546630331117;4.258258832993463;-1.0;-1.0;0.35714285714285715
PdSeO3;Pd;Se;O;2.0;4.0;0.86;0.5;1.4;0.841084908148209;5.14306826781569;1.0;-1.0;0.35714285714285715
PmBeO3;;;O;;;;;1.4;;;;;
PmErO3;Pm;Er;O;3.0;3.0;1.1440000000000001;0.89;1.4;0.7855369656500335;7.932340029172156;-1.0;-1.0;0.6357142857142858
PmEuO3;Pm;Eu;O;3.0;3.0;1.1440000000000001;0.9470000000000001;1.4;0.7664591612009275;11.654669155549119;-1.0;-1.0;0.6764285714285715
PmInO3;Pm;In;O;3.0;3.0;1.1440000000000001;0.8;1.4;0.8176725687902621;4.7441473837582855;-1.0;-1.0;0.5714285714285715
PmMgO3;;;O;;;;;1.4;;;;;
PmRuO3;Pm;Ru;O;3.0;3.0;1.1440000000000001;0.68;1.4;0.8648459862204696;2.76109787203902;1.0;1.0;0.48571428571428577
PmTiO3;Pm;Ti;O;3.0;3.0;1.1440000000000001;0.67;1.4;0.8690239861539019;2.6639579668288;1.0;1.0;0.47857142857142865
PmWO3;;;O;;;;;1.4;;;;;
PrAlO3;Pr;Al;O;3.0;3.0;1.179;0.535;1.4;0.9424436117209848;1.9838057025002769;1.0;1.0;0.3821428571428572
PrBO3;Pr;B;O;3.0;3.0;1.179;0.27;1.4;1.091993047113836;5.072566813112762;-1.0;-1.0;0.1928571428571429
PrBeO3;Pr;Be;O;4.0;2.0;0.96;0.45;1.4;0.902038920865001;-1.6265233536606516;1.0;1.0;0.32142857142857145
PrBiO3;Bi;Pr;O;3.0;3.0;1.17;0.99;1.4;0.7603616852089653;13.637534739741948;-1.0;-1.0;0.7071428571428572
PrCoO3;Pr;Co;O;3.0;3.0;1.179;0.61;1.4;0.9072778053134856;2.094303098046675;1.0;1.0;0.4357142857142857
PrCrO3;Pr;Cr;O;3.0;3.0;1.179;0.615;1.4;0.9050264956228814;2.113581273463642;1.0;1.0;0.43928571428571433
PrCuO3;Pr;Cu;O;3.0;3.0;1.179;0.54;1.4;0.9400146333402607;1.9808577397727873;1.0;1.0;0.3857142857142858
PrFeO3;Pr;Fe;O;3.0;3.0;1.179;0.645;1.4;0.8917498233154552;2.2620202152489544;1.0;1.0;0.46071428571428574
PrGaO3;Pr;Ga;O;3.0;3.0;1.179;0.62;1.4;0.9027863310297553;2.1343943850943194;1.0;1.0;0.4428571428571429
PrHfO3;;;O;;;;;1.4;;;;;
PrInO3;Pr;In;O;3.0;3.0;1.179;0.8;1.4;0.8289219948545934;4.15055189188762;1.0;1.0;0.5714285714285715
PrLuO3;Pr;Lu;O;3.0;3.0;1.179;0.861;1.4;0.8065583320124307;5.695236404910401;-1.0;-1.0;0.615
PrMnO3;Pr;Mn;O;3.0;3.0;1.179;0.645;1.4;0.8917498233154552;2.2620202152489544;1.0;1.0;0.46071428571428574
PrNbO3;Pr;Nb;O;3.0;3.0;1.179;0.72;1.4;0.8602020701321252;2.9054987290572303;1.0;1.0;0.5142857142857143
PrNiO3;Pr;Ni;O;3.0;3.0;1.179;0.6;1.4;0.9118141943400528;2.06030250408478;1.0;1.0;0.4285714285714286
PrPbO3;Pb;Pr;O;2.0;4.0;1.49;0.85;1.4;0.9082393767240542;3.893118460692412;1.0;1.0;0.6071428571428572
PrRhO3;Pr;Rh;O;3.0;3.0;1.179;0.665;1.4;0.8831130211525937;2.3935502761147287;1.0;1.0;0.47500000000000003
PrRuO3;Pr;Ru;O;3.0;3.0;1.179;0.68;1.4;0.8767444176346663;2.5103872680208585;1.0;1.0;0.48571428571428577
PrScO3;Pr;Sc;O;3.0;3.0;1.179;0.745;1.4;0.8501764049790702;3.2218117868192255;1.0;1.0;0.5321428571428571
PrTiO3;Pr;Ti;O;3.0;3.0;1.179;0.67;1.4;0.8809798979130946;2.430716119250455;1.0;1.0;0.47857142857142865
PrTlO3;Pr;Tl;O;3.0;3.0;1.179;0.885;1.4;0.7980868221794774;6.515438579919075;-1.0;-1.0;0.6321428571428572
PrVO3;Pr;V;O;3.0;3.0;1.179;0.64;1.4;0.8939354846471106;2.2332955835926924;1.0;1.0;0.4571428571428572
PuBO3;Pu;B;O;3.0;3.0;1.0;0.27;1.4;1.0162013621842598;4.671268095875111;1.0;-1.0;0.1928571428571429
PuCrO3;Pu;Cr;O;4.0;2.0;0.96;0.8;1.4;0.7585327289092053;12.077111749185974;-1.0;-1.0;0.5714285714285715
PuCuO3;Cu;Pu;O;1.0;5.0;0.77;0.74;1.4;0.7170194930723403;27.07538296760705;-1.0;-1.0;0.5285714285714286
PuGaO3;Pu;Ga;O;3.0;3.0;1.0;0.62;1.4;0.840126868736492;3.3801299929704065;1.0;1.0;0.4428571428571429
PuInO3;Pu;In;O;3.0;3.0;1.0;0.8;1.4;0.7713892158398699;9.555325441467062;-1.0;-1.0;0.5714285714285715
PuIrO3;Pu;Ir;O;3.0;3.0;1.0;0.68;1.4;0.8158924398306316;4.498268446619422;-1.0;-1.0;0.48571428571428577
PuMgO3;Pu;Mg;O;4.0;2.0;0.96;0.72;1.4;0.7871566054718169;4.483428427282886;-1.0;-1.0;0.5142857142857143
PuNiO3;Pu;Ni;O;4.0;2.0;0.96;0.69;1.4;0.7984555041149531;2.8809385239634384;-1.0;1.0;0.4928571428571428
PuPbO3;Pb;Pu;O;2.0;4.0;1.49;0.86;1.4;0.9042206184199656;3.9327150603903966;1.0;1.0;0.6142857142857143
PuPtO3;Pu;Pt;O;4.0;2.0;0.96;0.8;1.4;0.7585327289092053;12.077111749185974;-1.0;-1.0;0.5714285714285715
PuSbO3;Pu;Sb;O;3.0;3.0;1.0;0.76;1.4;0.7856742013183861;7.225627311587092;-1.0;-1.0;0.5428571428571429
PuTiO3;Pu;Ti;O;4.0;2.0;0.96;0.86;1.4;0.7383946918585186;26.219542802705632;-1.0;-1.0;0.6142857142857143
PuTlO3;Tl;Pu;O;1.0;5.0;1.7;0.74;1.4;1.0243135615319146;3.6539517687680085;1.0;1.0;0.5285714285714286
PuVO3;Pu;V;O;4.0;2.0;0.96;0.79;1.4;0.7619963486759141;10.711869903280949;-1.0;-1.0;0.5642857142857144
RbAcO3;;;O;;;;;1.4;;;;;
RbAgO3;;;O;;;;;1.4;;;;;
RbAlO3;;;O;;;;;1.4;;;;;
RbAsO3;Rb;As;O;1.0;5.0;1.72;0.46;1.4;1.1861146007000154;4.878616223214095;-1.0;-1.0;0.3285714285714286
RbAuO3;Rb;Au;O;1.0;5.0;1.72;0.57;1.4;1.1198848514223494;4.188325976282911;-1.0;-1.0;0.40714285714285714
RbBO3;;;O;;;;;1.4;;;;;
RbBaO3;;;O;;;;;1.4;;;;;
RbBeO3;;;O;;;;;1.4;;;;;
RbBiO3;Rb;Bi;O;1.0;5.0;1.72;0.76;1.4;1.0213764617139018;3.612998482147006;1.0;1.0;0.5428571428571429
RbBrO3;Rb;Br;O;1.0;5.0;1.72;0.31;1.4;1.2901597411122971;6.754158532556051;-1.0;-1.0;0.22142857142857145
RbCO3;;;O;;;;;1.4;;;;;
RbCaO3;;;O;;;;;1.4;;;;;
RbCdO3;;;O;;;;;1.4;;;;;
RbClO3;Rb;Cl;O;1.0;5.0;1.72;0.12;1.4;1.4514297087513341;16.04990067226415;-1.0;-1.0;0.08571428571428572
RbCrO3;Rb;Cr;O;1.0;5.0;1.72;0.49;1.4;1.167287384815888;4.652616508802133;-1.0;-1.0;0.35000000000000003
RbCuO3;;;O;;;;;1.4;;;;;
RbDyO3;;;O;;;;;1.4;;;;;
RbErO3;;;O;;;;;1.4;;;;;
RbFeO3;;;O;;;;;1.4;;;;;
RbGdO3;;;O;;;;;1.4;;;;;
RbGeO3;;;O;;;;;1.4;;;;;
RbHgO3;;;O;;;;;1.4;;;;;
RbHoO3;;;O;;;;;1.4;;;;;
RbIO3;Rb;I;O;1.0;5.0;1.72;0.95;1.4;0.9387970882136292;3.5236718808546703;1.0;1.0;0.6785714285714286
RbInO3;;;O;;;;;1.4;;;;;
RbIrO3;Rb;Ir;O;1.0;5.0;1.72;0.57;1.4;1.1198848514223494;4.188325976282911;-1.0;-1.0;0.40714285714285714
RbLiO3;;;O;;;;;1.4;;;;;
RbMgO3;;;O;;;;;1.4;;;;;
RbMnO3;Rb;Mn;O;1.0;5.0;1.72;0.33;1.4;1.275244599596548;6.3993973011876;-1.0;-1.0;0.23571428571428574
RbMoO3;Rb;Mo;O;1.0;5.0;1.72;0.61;1.4;1.0975985857224022;4.015143768768644;-1.0;1.0;0.4357142857142857
RbNO3;Rb;N;O;1.0;5.0;1.72;0.13;1.4;1.4419432400666852;14.892382009310346;-1.0;-1.0;0.09285714285714286
RbNaO3;;;O;;;;;1.4;;;;;
RbNbO3;Rb;Nb;O;1.0;5.0;1.72;0.64;1.4;1.0814574300500137;3.90595946526171;-1.0;1.0;0.4571428571428572
RbNiO3;;;O;;;;;1.4;;;;;
RbNpO3;Rb;Np;O;1.0;5.0;1.72;0.75;1.4;1.02612704990792;3.6296976924512;1.0;1.0;0.5357142857142857
RbOsO3;Rb;Os;O;1.0;5.0;1.72;0.575;1.4;1.1170496998997612;4.1647984282426425;-1.0;1.0;0.4107142857142857
RbPO3;Rb;P;O;1.0;5.0;1.72;0.38;1.4;1.2394231220797913;5.681952666186842;-1.0;-1.0;0.27142857142857146
RbPaO3;Rb;Pa;O;1.0;5.0;1.72;0.78;1.4;1.012006035459646;3.5834001461169325;1.0;1.0;0.5571428571428572
RbPdO3;;;O;;;;;1.4;;;;;
RbPtO3;Rb;Pt;O;1.0;5.0;1.72;0.57;1.4;1.1198848514223494;4.188325976282911;-1.0;-1.0;0.40714285714285714
RbPuO3;Rb;Pu;O;1.0;5.0;1.72;0.74;1.4;1.0309220361224432;3.6476938232614806;1.0;1.0;0.5285714285714286
RbReO3;Rb;Re;O;1.0;5.0;1.72;0.58;1.4;1.1142288673242566;4.14183067425712;-1.0;1.0;0.41428571428571426
RbRhO3;Rb;Rh;O;1.0;5.0;1.72;0.55;1.4;1.131370849898476;4.288288169402922;-1.0;-1.0;0.3928571428571429
RbRuO3;Rb;Ru;O;1.0;5.0;1.72;0.565;1.4;1.122734431196961;4.212425659845476;-1.0;-1.0;0.4035714285714286
RbSO3;;;O;;;;;1.4;;;;;
RbSbO3;Rb;Sb;O;1.0;5.0;1.72;0.6;1.4;1.103086578651014;4.055326305985288;-1.0;1.0;0.4285714285714286
RbSeO3;;;O;;;;;1.4;;;;;
RbSmO3;;;O;;;;;1.4;;;;;
RbSnO3;;;O;;;;;1.4;;;;;
RbSrO3;;;O;;;;;1.4;;;;;
RbTaO3;Rb;Ta;O;1.0;5.0;1.72;0.64;1.4;1.0814574300500137;3.90595946526171;-1.0;1.0;0.4571428571428572
RbTbO3;;;O;;;;;1.4;;;;;
RbTeO3;;;O;;;;;1.4;;;;;
RbTlO3;;;O;;;;;1.4;;;;;
RbTmO3;;;O;;;;;1.4;;;;;
RbUO3;Rb;U;O;1.0;5.0;1.72;0.76;1.4;1.0213764617139018;3.612998482147006;1.0;1.0;0.5428571428571429
RbVO3;Rb;V;O;1.0;5.0;1.72;0.54;1.4;1.1372026584031072;4.341972401370057;-1.0;-1.0;0.3857142857142858
RbWO3;Rb;W;O;1.0;5.0;1.72;0.62;1.4;1.0921649293574396;3.9769022781775343;-1.0;1.0;0.4428571428571429
RbYO3;;;O;;;;;1.4;;;;;
RbYbO3;;;O;;;;;1.4;;;;;
RbZnO3;;;O;;;;;1.4;;;;;
ReBiO3;;;O;;;;;1.4;;;;;
ReClO3;;;O;;;;;1.4;;;;;
ReO3F;;;O;;;;;1.4;;;;;
ReSbO3;;;O;;;;;1.4;;;;;
ReTeO3;;;O;;;;;1.4;;;;;
RuPbO3;Pb;Ru;O;2.0;4.0;1.49;0.62;1.4;1.0116527711035257;3.73980067679579;1.0;1.0;0.4428571428571429
SNO3;;;O;;;;;1.4;;;;;
SbAsO3;Sb;As;O;3.0;3.0;0.76;0.58;1.4;0.7713892158398701;7.957541252119659;-1.0;-1.0;0.41428571428571426
SbAuO3;Au;Sb;O;1.0;5.0;1.37;0.6;1.4;0.9793428919433682;4.098876899462999;1.0;1.0;0.4285714285714286
SbHO3;Sb;H;O;5.0;1.0;0.6;-0.18;1.4;1.1591914445681106;;-1.0;;-0.1285714285714286
SbPbO3;;;O;;;;;1.4;;;;;
SbPdO3;Pd;Sb;O;3.0;3.0;0.76;0.76;1.4;0.7071067811865475;;-1.0;;0.5428571428571429
SbTeO3;;;O;;;;;1.4;;;;;
ScAgO3;;;O;;;;;1.4;;;;;
ScAlO3;Sc;Al;O;3.0;3.0;0.87;0.535;1.4;0.8295257846477843;3.6502225562843407;1.0;1.0;0.3821428571428572
ScAsO3;Sc;As;O;3.0;3.0;0.87;0.58;1.4;0.8106729259057893;4.512158684142218;-1.0;-1.0;0.41428571428571426
ScBO3;Sc;B;O;3.0;3.0;0.87;0.27;1.4;0.9611571217326125;4.446790318010479;1.0;-1.0;0.1928571428571429
ScBiO3;Bi;Sc;O;3.0;3.0;1.17;0.745;1.4;0.8472095233796861;3.317104097083316;1.0;1.0;0.5321428571428571
ScCoO3;Sc;Co;O;3.0;3.0;0.87;0.61;1.4;0.7985733299967478;5.34656283302872;-1.0;-1.0;0.4357142857142857
ScCrO3;Sc;Cr;O;3.0;3.0;0.87;0.615;1.4;0.7965917584582943;5.511239529266709;-1.0;-1.0;0.43928571428571433
ScCuO3;Sc;Cu;O;3.0;3.0;0.87;0.54;1.4;0.8273878315945684;3.726980047915049;1.0;1.0;0.3857142857142858
ScFeO3;Sc;Fe;O;3.0;3.0;0.87;0.645;1.4;0.7849058157914244;6.693041239666604;-1.0;-1.0;0.46071428571428574
ScGaO3;Sc;Ga;O;3.0;3.0;0.87;0.62;1.4;0.794619996679932;5.684285919135959;-1.0;-1.0;0.4428571428571429
ScInO3;In;Sc;O;3.0;3.0;0.92;0.745;1.4;0.7647961456190163;10.437882789772555;-1.0;-1.0;0.5321428571428571
ScMnO3;Sc;Mn;O;3.0;3.0;0.87;0.645;1.4;0.7849058157914244;6.693041239666604;-1.0;-1.0;0.46071428571428574
ScPdO3;Pd;Sc;O;3.0;3.0;0.76;0.745;1.4;0.7120515838521877;146.40431211309036;-1.0;-1.0;0.5321428571428571
ScRhO3;Sc;Rh;O;3.0;3.0;0.87;0.665;1.4;0.7773038224181419;7.711596966956073;-1.0;-1.0;0.47500000000000003
ScSiO3;;;O;;;;;1.4;;;;;
ScSnO3;;;O;;;;;1.4;;;;;
ScTiO3;Sc;Ti;O;3.0;3.0;0.87;0.67;1.4;0.7754262769533636;8.00261214161195;-1.0;-1.0;0.47857142857142865
ScTlO3;Tl;Sc;O;3.0;3.0;0.98;0.745;1.4;0.784575356281577;7.272937298645532;-1.0;-1.0;0.5321428571428571
ScVO3;Sc;V;O;3.0;3.0;0.87;0.64;1.4;0.7868296045556189;6.470211607158584;-1.0;-1.0;0.4571428571428572
SiAgO3;;;O;;;;;1.4;;;;;
SiBO3;;;O;;;;;1.4;;;;;
SiBiO3;;;O;;;;;1.4;;;;;
SiGeO3;Ge;Si;O;2.0;4.0;0.73;0.4;1.4;0.8367430244040812;5.567356093398351;1.0;-1.0;0.28571428571428575
SiHgO3;Hg;Si;O;2.0;4.0;1.14;0.4;1.4;0.9978062356743505;4.942467892903569;1.0;-1.0;0.28571428571428575
SiMoO3;;;O;;;;;1.4;;;;;
SiPbO3;Pb;Si;O;2.0;4.0;1.49;0.4;1.4;1.1352992209050679;5.165111237215218;-1.0;-1.0;0.28571428571428575
SiPdO3;Pd;Si;O;2.0;4.0;0.86;0.4;1.4;0.8878118474897763;5.117479616101182;1.0;-1.0;0.28571428571428575
SiSnO3;Sn;Si;O;2.0;4.0;1.15;0.4;1.4;1.0017346066809423;4.944804165746126;1.0;-1.0;0.28571428571428575
SmAgO3;;;O;;;;;1.4;;;;;
SmAlO3;Sm;Al;O;3.0;3.0;1.24;0.535;1.4;0.9647348332467622;1.888618478457019;1.0;1.0;0.3821428571428572
SmBO3;Sm;B;O;3.0;3.0;1.24;0.27;1.4;1.1178214984026857;5.223084547088271;-1.0;-1.0;0.1928571428571429
SmBeO3;;;O;;;;;1.4;;;;;
SmCoO3;Sm;Co;O;3.0;3.0;1.24;0.61;1.4;0.9287372648420326;1.8914936546391221;1.0;1.0;0.4357142857142857
SmCrO3;Sm;Cr;O;3.0;3.0;1.24;0.615;1.4;0.9264327058722013;1.9022036862944693;1.0;1.0;0.43928571428571433
SmCuO3;Sm;Cu;O;3.0;3.0;1.24;0.54;1.4;0.9622484032641676;1.879503994467104;1.0;1.0;0.3857142857142858
SmDyO3;Sm;Dy;O;3.0;3.0;1.24;0.912;1.4;0.8074229681368881;5.81175861511418;-1.0;-1.0;0.6514285714285715
SmErO3;Sm;Er;O;3.0;3.0;1.24;0.89;1.4;0.8151798700141857;5.176187116729183;-1.0;-1.0;0.6357142857142858
SmFeO3;Sm;Fe;O;3.0;3.0;1.24;0.645;1.4;0.9128420060305551;1.9944374675306182;1.0;1.0;0.46071428571428574
SmGaO3;Sm;Ga;O;3.0;3.0;1.24;0.62;1.4;0.924139555610141;1.9142347614628132;1.0;1.0;0.4428571428571429
SmGeO3;Sm;Ge;O;2.0;4.0;1.32;0.53;1.4;0.9965442719313;4.1002244356129935;1.0;1.0;0.3785714285714286
SmHoO3;Sm;Ho;O;3.0;3.0;1.24;0.9009999999999999;1.4;0.8112828780236789;5.481959482630186;-1.0;-1.0;0.6435714285714286
SmInO3;Sm;In;O;3.0;3.0;1.24;0.8;1.4;0.8485281374238568;3.360262821504824;1.0;1.0;0.5714285714285715
SmLuO3;Sm;Lu;O;3.0;3.0;1.24;0.861;1.4;0.8256355162903516;4.470553848576263;1.0;-1.0;0.615
SmMnO3;Sm;Mn;O;3.0;3.0;1.24;0.645;1.4;0.9128420060305551;1.9944374675306182;1.0;1.0;0.46071428571428574
SmNiO3;Sm;Ni;O;3.0;3.0;1.24;0.6;1.4;0.9333809511662425;1.8740193310265267;1.0;1.0;0.4285714285714286
SmPuO3;Pu;Sm;O;3.0;3.0;1.0;0.958;1.4;0.7197015584595904;65.44451449107508;-1.0;-1.0;0.6842857142857143
SmRhO3;Sm;Rh;O;3.0;3.0;1.24;0.665;1.4;0.9040009212263851;2.083224884313637;1.0;1.0;0.47500000000000003
SmSbO3;Sm;Sb;O;3.0;3.0;1.24;0.76;1.4;0.8642416214502245;2.8405826121845204;1.0;1.0;0.5428571428571429
SmScO3;Sm;Sc;O;3.0;3.0;1.24;0.745;1.4;0.8702852691526737;2.6799025580240947;1.0;1.0;0.5321428571428571
SmSiO3;Sm;Si;O;2.0;4.0;1.32;0.4;1.4;1.068516913793005;5.027997147456633;-1.0;-1.0;0.28571428571428575
SmTiO3;Sm;Ti;O;3.0;3.0;1.24;0.67;1.4;0.9018173441219735;2.1089455208279;1.0;1.0;0.47857142857142865
SmTlO3;Sm;Tl;O;3.0;3.0;1.24;0.885;1.4;0.8169636334059015;5.0445695157174955;-1.0;-1.0;0.6321428571428572
SmTmO3;Sm;Tm;O;3.0;3.0;1.24;0.88;1.4;0.8187552203212655;4.917304854025365;-1.0;-1.0;0.6285714285714287
SmVO3;Sm;V;O;3.0;3.0;1.24;0.64;1.4;0.915079363888473;1.9756967619086314;1.0;1.0;0.4571428571428572
SmYO3;Sm;Y;O;3.0;3.0;1.24;0.9;1.4;0.8116356097097762;5.453202414071569;-1.0;-1.0;0.6428571428571429
SnBO3;;;O;;;;;1.4;;;;;
SnGeO3;Ge;Sn;O;2.0;4.0;0.73;0.69;1.4;0.7206399253240892;35.577020418712074;-1.0;-1.0;0.4928571428571428
SnHgO3;Hg;Sn;O;2.0;4.0;1.14;0.69;1.4;0.8593546527338903;4.61014632232884;1.0;-1.0;0.4928571428571428
SnPO3;;;O;;;;;1.4;;;;;
SnPbO3;Pb;Sn;O;2.0;4.0;1.49;0.69;1.4;0.9777696639373791;3.6390365492250787;1.0;1.0;0.4928571428571428
SrAgO3;;;O;;;;;1.4;;;;;
SrAlO3;;;O;;;;;1.4;;;;;
SrAsO3;;;O;;;;;1.4;;;;;
SrAuO3;;;O;;;;;1.4;;;;;
SrBO3;;;O;;;;;1.4;;;;;
SrBeO3;;;O;;;;;1.4;;;;;
SrBiO3;;;O;;;;;1.4;;;;;
SrCO3;Sr;C;O;2.0;4.0;1.44;0.16;1.4;1.2872969606216635;12.942153039641536;-1.0;-1.0;0.1142857142857143
SrCaO3;;;O;;;;;1.4;;;;;
SrCeO3;Sr;Ce;O;2.0;4.0;1.44;0.87;1.4;0.8846622284448435;4.178575819331017;1.0;1.0;0.6214285714285714
SrCoO3;Sr;Co;O;2.0;4.0;1.44;0.53;1.4;1.0405094603988574;4.078073713759599;1.0;1.0;0.3785714285714286
SrCrO3;Sr;Cr;O;2.0;4.0;1.44;0.55;1.4;1.0298375684973307;3.9859447522939417;1.0;1.0;0.3928571428571429
SrCuO3;;;O;;;;;1.4;;;;;
SrDyO3;;;O;;;;;1.4;;;;;
SrErO3;;;O;;;;;1.4;;;;;
SrEuO3;;;O;;;;;1.4;;;;;
SrFeO3;Sr;Fe;O;2.0;4.0;1.44;0.585;1.4;1.0116792234608538;3.858471515012799;1.0;1.0;0.41785714285714287
SrGeO3;Sr;Ge;O;2.0;4.0;1.44;0.53;1.4;1.0405094603988574;4.078073713759599;1.0;1.0;0.3785714285714286
SrHfO3;Sr;Hf;O;2.0;4.0;1.44;0.71;1.4;0.9517456201752582;3.708143114437532;1.0;1.0;0.5071428571428571
SrHgO3;;;O;;;;;1.4;;;;;
SrHoO3;;;O;;;;;1.4;;;;;
SrInO3;;;O;;;;;1.4;;;;;
SrIrO3;Sr;Ir;O;2.0;4.0;1.44;0.625;1.4;0.9916954363307628;3.760898559258417;1.0;1.0;0.44642857142857145
SrLiO3;;;O;;;;;1.4;;;;;
SrMgO3;;;O;;;;;1.4;;;;;
SrMnO3;Sr;Mn;O;2.0;4.0;1.44;0.53;1.4;1.0405094603988574;4.078073713759599;1.0;1.0;0.3785714285714286
SrMoO3;Sr;Mo;O;2.0;4.0;1.44;0.65;1.4;0.9796015895462414;3.724155730652064;1.0;1.0;0.46428571428571436
SrNbO3;Sr;Nb;O;2.0;4.0;1.44;0.68;1.4;0.9654727204662474;3.703582344031177;1.0;1.0;0.48571428571428577
SrNdO3;;;O;;;;;1.4;;;;;
SrNiO3;Sr;Ni;O;2.0;4.0;1.44;0.48;1.4;1.0681825843456356;4.37810202642769;-1.0;-1.0;0.34285714285714286
SrOsO3;Sr;Os;O;2.0;4.0;1.44;0.63;1.4;0.9892528367338891;3.752096492240936;1.0;1.0;0.45
SrPbO3;Sr;Pb;O;2.0;4.0;1.44;0.775;1.4;0.9233026476182965;3.8047032913279937;1.0;1.0;0.5535714285714286
SrPdO3;Sr;Pd;O;2.0;4.0;1.44;0.615;1.4;0.9966170017716105;3.7807225358860244;1.0;1.0;0.43928571428571433
SrPrO3;Sr;Pr;O;2.0;4.0;1.44;0.85;1.4;0.8925258926976865;4.074371522837181;1.0;1.0;0.6071428571428572
SrPtO3;Sr;Pt;O;2.0;4.0;1.44;0.625;1.4;0.9916954363307628;3.760898559258417;1.0;1.0;0.44642857142857145
SrPuO3;Sr;Pu;O;2.0;4.0;1.44;0.86;1.4;0.88857666308398;4.124624874174913;1.0;1.0;0.6142857142857143
SrReO3;Sr;Re;O;2.0;4.0;1.44;0.63;1.4;0.9892528367338891;3.752096492240936;1.0;1.0;0.45
SrRhO3;Sr;Rh;O;2.0;4.0;1.44;0.6;1.4;1.0040916292848974;3.8161104962369192;1.0;1.0;0.4285714285714286
SrRuO3;Sr;Ru;O;2.0;4.0;1.44;0.62;1.4;0.9941501280048488;3.770438458591311;1.0;1.0;0.4428571428571429
SrSbO3;;;O;;;;;1.4;;;;;
SrScO3;;;O;;;;;1.4;;;;;
SrSeO3;Sr;Se;O;2.0;4.0;1.44;0.5;1.4;1.0569385571419974;4.245313718481601;1.0;-1.0;0.35714285714285715
SrSiO3;Sr;Si;O;2.0;4.0;1.44;0.4;1.4;1.1156573658721083;5.120899178757185;-1.0;-1.0;0.28571428571428575
SrSnO3;Sr;Sn;O;2.0;4.0;1.44;0.69;1.4;0.9608532337654522;3.702323135722228;1.0;1.0;0.4928571428571428
SrTaO3;Sr;Ta;O;2.0;4.0;1.44;0.68;1.4;0.9654727204662474;3.703582344031177;1.0;1.0;0.48571428571428577
SrTbO3;Sr;Tb;O;2.0;4.0;1.44;0.76;1.4;0.9297144715600901;3.771682038531175;1.0;1.0;0.5428571428571429
SrTcO3;Sr;Tc;O;2.0;4.0;1.44;0.645;1.4;0.9819967034571123;3.7300607541144406;1.0;1.0;0.46071428571428574
SrTeO3;Sr;Te;O;2.0;4.0;1.44;0.97;1.4;0.8473347082572974;4.957990750401268;1.0;-1.0;0.6928571428571428
SrTiO3;Sr;Ti;O;2.0;4.0;1.44;0.605;1.4;1.001587660134561;3.803550996949633;1.0;1.0;0.43214285714285716
SrTlO3;;;O;;;;;1.4;;;;;
SrTmO3;;;O;;;;;1.4;;;;;
SrVO3;Sr;V;O;2.0;4.0;1.44;0.58;1.4;1.0142339689746438;3.8741839929265063;1.0;1.0;0.41428571428571426
SrWO3;Sr;W;O;2.0;4.0;1.44;0.66;1.4;0.9748462420241722;3.714480722074808;1.0;1.0;0.4714285714285715
SrYbO3;;;O;;;;;1.4;;;;;
SrZnO3;;;O;;;;;1.4;;;;;
SrZrO3;Sr;Zr;O;2.0;4.0;1.44;0.72;1.4;0.9472562540423559;3.7152246080002977;1.0;1.0;0.5142857142857143
TaAgO3;Ag;Ta;O;1.0;5.0;1.28;0.64;1.4;0.9289442027352681;4.072890081777927;1.0;1.0;0.4571428571428572
TaBeO3;Ta;Be;O;4.0;2.0;0.68;0.45;1.4;0.7950173539827129;1.7520569641551873;-1.0;1.0;0.32142857142857145
TaCuO3;Cu;Ta;O;1.0;5.0;0.77;0.64;1.4;0.7521675074386313;7.693609590642878;-1.0;-1.0;0.4571428571428572
TaFeO3;Fe;Ta;O;2.0;4.0;0.92;0.68;1.4;0.7886960251696106;7.010373576808142;-1.0;-1.0;0.48571428571428577
TaHO3;Ta;H;O;5.0;1.0;0.74;-0.18;1.4;1.2403348456878782;;-1.0;;-0.1285714285714286
TaInO3;In;Ta;O;3.0;3.0;0.92;0.72;1.4;0.7738149680909386;8.582886405635525;-1.0;-1.0;0.5142857142857143
TaSnO3;Sn;Ta;O;2.0;4.0;1.15;0.68;1.4;0.8668857173200462;4.49619642627796;1.0;-1.0;0.48571428571428577
TaTlO3;Tl;Ta;O;3.0;3.0;0.98;0.72;1.4;0.793827424162256;6.189061133482497;-1.0;-1.0;0.5142857142857143
TbAlO3;Tb;Al;O;3.0;3.0;1.095;0.535;1.4;0.9117475033904061;2.189594258725858;1.0;1.0;0.3821428571428572
TbBO3;Tb;B;O;3.0;3.0;1.095;0.27;1.4;1.056425999437387;4.87511711745177;1.0;-1.0;0.1928571428571429
TbBeO3;Tb;Be;O;4.0;2.0;0.88;0.45;1.4;0.8714613303272044;-1.2256688519071481;1.0;1.0;0.32142857142857145
TbCO3;;;O;;;;;1.4;;;;;
TbCoO3;Tb;Co;O;3.0;3.0;1.095;0.61;1.4;0.8777270741594211;2.499833006643316;1.0;1.0;0.4357142857142857
TbCrO3;Tb;Cr;O;3.0;3.0;1.095;0.615;1.4;0.8755490913451297;2.53553234307991;1.0;1.0;0.43928571428571433
TbCuO3;Tb;Cu;O;3.0;3.0;1.095;0.54;1.4;0.9093976386909464;2.197748627882456;1.0;1.0;0.3857142857142858
TbErO3;Tb;Er;O;3.0;3.0;1.095;0.89;1.4;0.7704067332141642;10.379216599834201;-1.0;-1.0;0.6357142857142858
TbFeO3;Tb;Fe;O;3.0;3.0;1.095;0.645;1.4;0.8627048503963012;2.7934685074650876;1.0;1.0;0.46071428571428574
TbGaO3;Tb;Ga;O;3.0;3.0;1.095;0.62;1.4;0.8733818906239782;2.573252137419134;1.0;1.0;0.4428571428571429
TbGdO3;Gd;Tb;O;3.0;3.0;1.107;0.9229999999999999;1.4;0.7631152391023136;12.310256654158312;-1.0;-1.0;0.6592857142857143
TbGeO3;Tb;Ge;O;4.0;2.0;0.88;0.73;1.4;0.7569030333827832;11.72038518342668;-1.0;-1.0;0.5214285714285715
TbHoO3;Tb;Ho;O;3.0;3.0;1.095;0.9009999999999999;1.4;0.7667237805564695;11.250582755927603;-1.0;-1.0;0.6435714285714286
TbInO3;Tb;In;O;3.0;3.0;1.095;0.8;1.4;0.8019233723001982;5.831482256609586;-1.0;-1.0;0.5714285714285715
TbLuO3;Tb;Lu;O;3.0;3.0;1.095;0.861;1.4;0.7802881110395559;8.495778226915156;-1.0;-1.0;0.615
TbMgO3;Tb;Mg;O;4.0;2.0;0.88;0.72;1.4;0.7604733307100604;10.307188977868305;-1.0;-1.0;0.5142857142857143
TbMnO3;Tb;Mn;O;3.0;3.0;1.095;0.645;1.4;0.8627048503963012;2.7934685074650876;1.0;1.0;0.46071428571428574
TbNiO3;Tb;Ni;O;3.0;3.0;1.095;0.6;1.4;0.882115709530218;2.434367473430858;1.0;1.0;0.4285714285714286
TbOsO3;;;O;;;;;1.4;;;;;
TbRhO3;Tb;Rh;O;3.0;3.0;1.095;0.665;1.4;0.8543493554772088;3.0102676799760975;1.0;1.0;0.47500000000000003
TbScO3;Tb;Sc;O;3.0;3.0;1.095;0.745;1.4;0.8224855100514853;4.328441291437896;-1.0;-1.0;0.5321428571428571
TbSiO3;;;O;;;;;1.4;;;;;
TbSmO3;Sm;Tb;O;3.0;3.0;1.24;0.9229999999999999;1.4;0.8035996135740359;6.167961693031334;-1.0;-1.0;0.6592857142857143
TbTeO3;;;O;;;;;1.4;;;;;
TbTiO3;Tb;Ti;O;3.0;3.0;1.095;0.67;1.4;0.8522857096910319;3.070550574904395;1.0;1.0;0.47857142857142865
TbTmO3;Tb;Tm;O;3.0;3.0;1.095;0.88;1.4;0.7737857101142264;9.668512046261604;-1.0;-1.0;0.6285714285714287
TbVO3;Tb;V;O;3.0;3.0;1.095;0.64;1.4;0.8648193230688411;2.7450720422779096;1.0;1.0;0.4571428571428572
TcO3F;;;O;;;;;1.4;;;;;
TcPbO3;Pb;Tc;O;2.0;4.0;1.49;0.645;1.4;0.9992853778137516;3.6885880534897786;1.0;1.0;0.46071428571428574
TcSnO3;Sn;Tc;O;2.0;4.0;1.15;0.645;1.4;0.8817223921886044;4.337057517869043;1.0;-1.0;0.46071428571428574
TeHO3;;;O;;;;;1.4;;;;;
TePbO3;Pb;Te;O;2.0;4.0;1.49;0.97;1.4;0.862252572839292;4.600596498055692;1.0;-1.0;0.6928571428571428
TePdO3;Te;Pd;O;4.0;2.0;0.97;0.86;1.4;0.7415234829257158;23.111206113527004;-1.0;-1.0;0.6142857142857143
ThBO3;;;O;;;;;1.4;;;;;
ThBeO3;Th;Be;O;4.0;2.0;1.21;0.45;1.4;0.9975938912956156;-2.0151142626406866;1.0;1.0;0.32142857142857145
ThCuO3;Th;Cu;O;4.0;2.0;1.21;0.73;1.4;0.8664547882145018;-0.9618100589423015;1.0;1.0;0.5214285714285715
ThMoO3;;;O;;;;;1.4;;;;;
ThPdO3;Th;Pd;O;4.0;2.0;1.21;0.86;1.4;0.8166144685384464;2.110607945556641;-1.0;1.0;0.6142857142857143
ThReO3;;;O;;;;;1.4;;;;;
ThSiO3;;;O;;;;;1.4;;;;;
ThWO3;;;O;;;;;1.4;;;;;
TiAlO3;Ti;Al;O;3.0;3.0;0.67;0.535;1.4;0.7564398124321204;10.313828007521263;-1.0;-1.0;0.3821428571428572
TiBO3;Ti;B;O;3.0;3.0;0.67;0.27;1.4;0.8764736748839241;4.376192852468441;1.0;-1.0;0.1928571428571429
TiBeO3;Ti;Be;O;4.0;2.0;0.74;0.45;1.4;0.8179505468860602;0.3353639243607347;-1.0;1.0;0.32142857142857145
TiCdO3;Cd;Ti;O;2.0;4.0;1.31;0.605;1.4;0.9557403376636129;3.919584923993256;1.0;1.0;0.43214285714285716
TiCoO3;Co;Ti;O;2.0;4.0;0.9;0.605;1.4;0.8111449360244685;5.805134736540115;-1.0;-1.0;0.43214285714285716
TiCrO3;Ti;Cr;O;3.0;3.0;0.67;0.615;1.4;0.7264074625588851;31.432697581431942;-1.0;-1.0;0.43928571428571433
TiCuO3;Cu;Ti;O;2.0;4.0;0.73;0.605;1.4;0.7511907451009208;11.16291316894431;-1.0;-1.0;0.43214285714285716
TiFeO3;Fe;Ti;O;2.0;4.0;0.92;0.605;1.4;0.8181983702507681;5.570060694356302;-1.0;-1.0;0.43214285714285716
TiGeO3;Ge;Ti;O;2.0;4.0;0.73;0.605;1.4;0.7511907451009208;11.16291316894431;-1.0;-1.0;0.43214285714285716
TiHgO3;Hg;Ti;O;2.0;4.0;1.14;0.605;1.4;0.8957861467400652;4.262380111329842;1.0;-1.0;0.43214285714285716
TiMnO3;Ti;Mn;O;3.0;3.0;0.67;0.645;1.4;0.715751118364867;75.11880707713071;-1.0;-1.0;0.46071428571428574
TiNiO3;Ni;Ti;O;2.0;4.0;0.69;0.605;1.4;0.7370838766483213;15.664857905850193;-1.0;-1.0;0.43214285714285716
TiPbO3;Pb;Ti;O;2.0;4.0;1.49;0.605;1.4;1.0192212457003103;3.7790487686777854;1.0;1.0;0.43214285714285716
TiSnO3;Sn;Ti;O;2.0;4.0;1.15;0.605;1.4;0.899312863853215;4.2329650491507955;1.0;-1.0;0.43214285714285716
TiTeO3;Te;Ti;O;4.0;2.0;0.97;0.86;1.4;0.7415234829257158;23.111206113527004;-1.0;-1.0;0.6142857142857143
TiVO3;Ti;V;O;3.0;3.0;0.67;0.64;1.4;0.7175054103216436;61.74582370479635;-1.0;-1.0;0.4571428571428572
TiZnO3;Zn;Ti;O;2.0;4.0;0.9;0.605;1.4;0.8111449360244685;5.805134736540115;-1.0;-1.0;0.43214285714285716
TlBO3;Tl;B;O;3.0;3.0;0.98;0.27;1.4;1.007733017499391;4.631876918281148;1.0;-1.0;0.1928571428571429
TlBrO3;Tl;Br;O;1.0;5.0;1.7;0.31;1.4;1.281889486361577;6.738502267787939;-1.0;-1.0;0.22142857142857145
TlClO3;Tl;Cl;O;1.0;5.0;1.7;0.12;1.4;1.4421256721567741;16.010780196588403;-1.0;-1.0;0.08571428571428572
TlCoO3;Tl;Co;O;3.0;3.0;0.98;0.61;1.4;0.8372707160318325;3.461158842680902;1.0;1.0;0.4357142857142857
TlCrO3;Tl;Cr;O;3.0;3.0;0.98;0.615;1.4;0.8351931212029694;3.536514810813988;1.0;1.0;0.43928571428571433
TlCuO3;Tl;Cu;O;3.0;3.0;0.98;0.54;1.4;0.8674815150639087;2.7278204381099354;1.0;1.0;0.3857142857142858
TlFeO3;Tl;Fe;O;3.0;3.0;0.98;0.645;1.4;0.8229408993760308;4.067303247941256;-1.0;1.0;0.46071428571428574
TlGaO3;Tl;Ga;O;3.0;3.0;0.98;0.62;1.4;0.8331258114970213;3.6154099109772204;1.0;1.0;0.4428571428571429
TlGeO3;;;O;;;;;1.4;;;;;
TlHgO3;;;O;;;;;1.4;;;;;
TlIO3;Tl;I;O;1.0;5.0;1.7;0.95;1.4;0.9327791581609776;3.548795792496673;1.0;1.0;0.6785714285714286
TlNO3;Tl;N;O;1.0;5.0;1.7;0.13;1.4;1.4327000141688215;14.85584716408156;-1.0;-1.0;0.09285714285714286
TlNiO3;Tl;Ni;O;3.0;3.0;0.98;0.6;1.4;0.8414570696119914;3.320636893204111;1.0;1.0;0.4285714285714286
TlPO3;Tl;P;O;1.0;5.0;1.7;0.38;1.4;1.2314781020664591;5.670225444386853;-1.0;-1.0;0.27142857142857146
TlSbO3;Tl;Sb;O;1.0;5.0;1.7;0.6;1.4;1.0960155108391485;4.05388908891188;-1.0;1.0;0.4285714285714286
TlSiO3;;;O;;;;;1.4;;;;;
TlTcO3;Tl;Tc;O;1.0;5.0;1.7;0.6;1.4;1.0960155108391485;4.05388908891188;-1.0;1.0;0.4285714285714286
TlVO3;Tl;V;O;3.0;3.0;0.98;0.64;1.4;0.8249579113843053;3.9688148065375373;-1.0;1.0;0.4571428571428572
TlWO3;Tl;W;O;1.0;5.0;1.7;0.62;1.4;1.0851638721179688;3.976447785980026;-1.0;1.0;0.4428571428571429
TmAlO3;Tm;Al;O;3.0;3.0;1.052;0.535;1.4;0.8960340193640384;2.340906338354909;1.0;1.0;0.3821428571428572
TmBO3;Tm;B;O;3.0;3.0;1.052;0.27;1.4;1.038219058364919;4.779789373824573;1.0;-1.0;0.1928571428571429
TmBeO3;;;O;;;;;1.4;;;;;
TmBiO3;Bi;Tm;O;3.0;3.0;1.17;0.88;1.4;0.7970458016006259;6.594127348282435;-1.0;-1.0;0.6285714285714287
TmCoO3;Tm;Co;O;3.0;3.0;1.052;0.61;1.4;0.8625999141638878;2.7884228446797987;1.0;1.0;0.4357142857142857
TmCrO3;Tm;Cr;O;3.0;3.0;1.052;0.615;1.4;0.8604594677267567;2.8357699595196335;1.0;1.0;0.43928571428571433
TmFeO3;Tm;Fe;O;3.0;3.0;1.052;0.645;1.4;0.8478365904495914;3.1726736554752275;1.0;1.0;0.46071428571428574
TmGaO3;Tm;Ga;O;3.0;3.0;1.052;0.62;1.4;0.858329617559116;2.885536049733897;1.0;1.0;0.4428571428571429
TmGeO3;Tm;Ge;O;2.0;4.0;1.09;0.53;1.4;0.9122776607018153;4.345931456453302;1.0;-1.0;0.3785714285714286
TmInO3;Tm;In;O;3.0;3.0;1.052;0.8;1.4;0.7881026488497337;7.156398029014447;-1.0;-1.0;0.5714285714285715
TmMnO3;Tm;Mn;O;3.0;3.0;1.052;0.645;1.4;0.8478365904495914;3.1726736554752275;1.0;1.0;0.46071428571428574
TmNiO3;Tm;Ni;O;3.0;3.0;1.052;0.6;1.4;0.8669129137347071;2.700785643066351;1.0;1.0;0.4285714285714286
TmRhO3;Tm;Rh;O;3.0;3.0;1.052;0.665;1.4;0.8396250980481427;3.4524716905493165;1.0;1.0;0.47500000000000003
TmScO3;Tm;Sc;O;3.0;3.0;1.052;0.745;1.4;0.80831040907665;5.155872184384862;-1.0;-1.0;0.5321428571428571
TmSeO3;Tm;Se;O;2.0;4.0;1.09;0.5;1.4;0.9266820448181597;4.394585941997763;1.0;-1.0;0.35714285714285715
TmTiO3;Tm;Ti;O;3.0;3.0;1.052;0.67;1.4;0.8375970181011664;3.530052830878077;1.0;1.0;0.47857142857142865
TmTlO3;Tl;Tm;O;3.0;3.0;0.98;0.88;1.4;0.738120236501747;23.631404064887647;-1.0;-1.0;0.6285714285714287
TmVO3;Tm;V;O;3.0;3.0;1.052;0.64;1.4;0.8499146213085363;3.1099271547941214;1.0;1.0;0.4571428571428572
UAlO3;U;Al;O;3.0;3.0;1.025;0.535;1.4;0.8861674131149236;2.456918145480735;1.0;1.0;0.3821428571428572
UBO3;U;B;O;3.0;3.0;1.025;0.27;1.4;1.0267867930403458;4.722417191547243;1.0;-1.0;0.1928571428571429
UBeO3;U;Be;O;4.0;2.0;1.17;0.45;1.4;0.9823050960267172;-2.0046655191715583;1.0;1.0;0.32142857142857145
UHgO3;Hg;U;O;1.0;5.0;1.19;0.76;1.4;0.8478734089227582;4.334129929218352;1.0;-1.0;0.5428571428571429
UIrO3;U;Ir;O;3.0;3.0;1.025;0.68;1.4;0.8243913194122007;4.0786911909433865;-1.0;1.0;0.48571428571428577
UPdO3;U;Pd;O;5.0;1.0;0.84;0.59;1.4;0.7959392913858625;-2.476934467429171;-1.0;1.0;0.42142857142857143
UReO3;;;O;;;;;1.4;;;;;
USiO3;;;O;;;;;1.4;;;;;
UTcO3;;;O;;;;;1.4;;;;;
UTiO3;U;Ti;O;4.0;2.0;1.17;0.86;1.4;0.8040993042696579;3.3062355673156034;-1.0;1.0;0.6142857142857143
UTlO3;Tl;U;O;1.0;5.0;1.7;0.76;1.4;1.0148291767029152;3.620566426428357;1.0;1.0;0.5428571428571429
VAgO3;Ag;V;O;1.0;5.0;1.28;0.54;1.4;0.9768279245257458;4.339108738198286;1.0;-1.0;0.3857142857142858
VBO3;V;B;O;3.0;3.0;0.64;0.27;1.4;0.863771157856621;4.424733622002267;1.0;-1.0;0.1928571428571429
VBiO3;Bi;V;O;3.0;3.0;1.17;0.64;1.4;0.8908158959065817;2.2782644081237358;1.0;1.0;0.4571428571428572
VCdO3;Cd;V;O;2.0;4.0;1.31;0.58;1.4;0.9678077661694665;3.9580919296695405;1.0;1.0;0.41428571428571426
VCoO3;Co;V;O;2.0;4.0;0.9;0.58;1.4;0.8213866650146764;5.477251849701043;-1.0;-1.0;0.41428571428571426
VCrO3;V;Cr;O;3.0;3.0;0.64;0.615;1.4;0.7158798181739737;71.62703223305338;-1.0;-1.0;0.43928571428571433
VCuO3;Cu;V;O;1.0;5.0;0.77;0.54;1.4;0.7909390284406227;5.611307431186722;-1.0;-1.0;0.3857142857142858
VGaO3;V;Ga;O;3.0;3.0;0.64;0.62;1.4;0.7141078384260182;90.79825853807495;-1.0;-1.0;0.4428571428571429
VGeO3;Ge;V;O;2.0;4.0;0.73;0.58;1.4;0.7606754767309829;9.357539046825098;-1.0;-1.0;0.41428571428571426
VHO3;V;H;O;5.0;1.0;0.54;-0.18;1.4;1.1244157012310674;;-1.0;;-0.1285714285714286
VHgO3;Hg;V;O;1.0;5.0;1.19;0.54;1.4;0.9440240016871947;4.381598651375546;1.0;-1.0;0.3857142857142858
VIrO3;V;Ir;O;2.0;4.0;0.79;0.625;1.4;0.7647228892832291;9.03044740716724;-1.0;-1.0;0.44642857142857145
VNO3;V;N;O;3.0;3.0;0.64;0.16;1.4;0.9246780984747162;8.406170245333781;1.0;-1.0;0.1142857142857143
VNiO3;Ni;V;O;2.0;4.0;0.69;0.58;1.4;0.7463904912524668;12.114486837797775;-1.0;-1.0;0.41428571428571426
VOsO3;V;Os;O;2.0;4.0;0.79;0.63;1.4;0.7628393353687385;9.303932556160003;-1.0;-1.0;0.45
VPbO3;Pb;V;O;2.0;4.0;1.49;0.58;1.4;1.032090200822789;3.8593819631138397;1.0;1.0;0.41428571428571426
VPtO3;Pt;V;O;2.0;4.0;0.8;0.58;1.4;0.7856742013183862;6.992030559226716;-1.0;-1.0;0.41428571428571426
VSiO3;V;Si;O;2.0;4.0;0.79;0.4;1.4;0.8603132504436328;5.303972105608558;1.0;-1.0;0.28571428571428575
VSnO3;Sn;V;O;2.0;4.0;1.15;0.58;1.4;0.910667824255402;4.207190161428214;1.0;-1.0;0.41428571428571426
VTeO3;Te;V;O;4.0;2.0;0.97;0.79;1.4;0.765225146763524;9.699451944789523;-1.0;-1.0;0.5642857142857144
VZnO3;Zn;V;O;2.0;4.0;0.9;0.58;1.4;0.8213866650146764;5.477251849701043;-1.0;-1.0;0.41428571428571426
YAgO3;;;O;;;;;1.4;;;;;
YAlO3;Y;Al;O;3.0;3.0;1.075;0.535;1.4;0.9044389061688396;2.2553405776982967;1.0;1.0;0.3821428571428572
YBO3;Y;B;O;3.0;3.0;1.075;0.27;1.4;1.047957654752518;4.830218314919228;1.0;-1.0;0.1928571428571429
YBiO3;Bi;Y;O;3.0;3.0;1.17;0.9;1.4;0.7901149685432292;7.4203848337183285;-1.0;-1.0;0.6428571428571429
YCoO3;Y;Co;O;3.0;3.0;1.075;0.61;1.4;0.8706911857894055;2.6256975344164477;1.0;1.0;0.4357142857142857
YCrO3;Y;Cr;O;3.0;3.0;1.075;0.615;1.4;0.8685306617551887;2.6664629678358045;1.0;1.0;0.43928571428571433
YCuO3;Y;Cu;O;3.0;3.0;1.075;0.54;1.4;0.902107878060157;2.266758502817721;1.0;1.0;0.3857142857142858
YErO3;Y;Er;O;3.0;3.0;1.075;0.89;1.4;0.7642311281382991;11.760270077091157;-1.0;-1.0;0.6357142857142858
YFeO3;Y;Fe;O;3.0;3.0;1.075;0.645;1.4;0.8557893806536453;2.9586185805150045;1.0;1.0;0.46071428571428574
YGaO3;Y;Ga;O;3.0;3.0;1.075;0.62;1.4;0.8663808333845072;2.7094169711971148;1.0;1.0;0.4428571428571429
YHoO3;Ho;Y;O;3.0;3.0;1.12;0.9;1.4;0.7747430819956956;9.626967023805163;-1.0;-1.0;0.6428571428571429
YInO3;Y;In;O;3.0;3.0;1.075;0.8;1.4;0.7954951288348657;6.393784336915555;-1.0;-1.0;0.5714285714285715
YLuO3;Y;Lu;O;3.0;3.0;1.075;0.861;1.4;0.7740332965222047;9.49970022462491;-1.0;-1.0;0.615
YMnO3;Y;Mn;O;3.0;3.0;1.075;0.645;1.4;0.8557893806536453;2.9586185805150045;1.0;1.0;0.46071428571428574
YMoO3;Y;Mo;O;3.0;3.0;1.075;0.69;1.4;0.8373632935103852;3.570433615597093;1.0;1.0;0.4928571428571428
YNiO3;Y;Ni;O;3.0;3.0;1.075;0.6;1.4;0.8750446417183524;2.550574590069396;1.0;1.0;0.4285714285714286
YOsO3;;;O;;;;;1.4;;;;;
YRhO3;Y;Rh;O;3.0;3.0;1.075;0.665;1.4;0.8475008636497361;3.2025693023849424;1.0;1.0;0.47500000000000003
YSbO3;Y;Sb;O;3.0;3.0;1.075;0.76;1.4;0.8102265201095855;5.079536215699988;-1.0;-1.0;0.5428571428571429
YScO3;Y;Sc;O;3.0;3.0;1.075;0.745;1.4;0.8158924398306315;4.684367201012311;-1.0;-1.0;0.5321428571428571
YSeO3;;;O;;;;;1.4;;;;;
YSiO3;;;O;;;;;1.4;;;;;
YSnO3;;;O;;;;;1.4;;;;;
YTiO3;Y;Ti;O;3.0;3.0;1.075;0.67;1.4;0.8454537601143501;3.270285898453773;1.0;1.0;0.47857142857142865
YTmO3;Y;Tm;O;3.0;3.0;1.075;0.88;1.4;0.7675830190511863;10.900671181157868;-1.0;-1.0;0.6285714285714287
YVO3;Y;V;O;3.0;3.0;1.075;0.64;1.4;0.8578869036454434;2.9040195891253955;1.0;1.0;0.4571428571428572
YWO3;;;O;;;;;1.4;;;;;
YZrO3;;;O;;;;;1.4;;;;;
YbAlO3;Yb;Al;O;3.0;3.0;1.042;0.535;1.4;0.8923797207532552;2.3817842335923682;1.0;1.0;0.3821428571428572
YbAuO3;Yb;Au;O;3.0;3.0;1.042;0.85;1.4;0.7674465598477995;10.70475939084602;-1.0;-1.0;0.6071428571428572
YbBO3;Yb;B;O;3.0;3.0;1.042;0.27;1.4;1.0339848860224845;4.758298734380037;1.0;-1.0;0.1928571428571429
YbBeO3;;;O;;;;;1.4;;;;;
YbBiO3;Bi;Yb;O;3.0;3.0;1.17;0.868;1.4;0.8012629751540684;6.156846664996481;-1.0;-1.0;0.62
YbCdO3;;;O;;;;;1.4;;;;;
YbCrO3;Yb;Cr;O;3.0;3.0;1.042;0.615;1.4;0.8569502529317863;2.916415685990427;1.0;1.0;0.43928571428571433
YbCuO3;Yb;Cu;O;3.0;3.0;1.042;0.54;1.4;0.8900797730193551;2.399289036515251;1.0;1.0;0.3857142857142858
YbEuO3;Eu;Yb;O;3.0;3.0;1.12;0.868;1.4;0.7856742013183862;7.799586020489029;-1.0;-1.0;0.62
YbGaO3;Yb;Ga;O;3.0;3.0;1.042;0.62;1.4;0.8548290889393807;2.9694505288706505;1.0;1.0;0.4428571428571429
YbGeO3;Yb;Ge;O;2.0;4.0;1.14;0.53;1.4;0.9305964892299641;4.258234969981061;1.0;-1.0;0.3785714285714286
YbInO3;Yb;In;O;3.0;3.0;1.042;0.8;1.4;0.7848885271170677;7.5351474226500255;-1.0;-1.0;0.5714285714285715
YbMgO3;;;O;;;;;1.4;;;;;
YbNbO3;Yb;Nb;O;3.0;3.0;1.042;0.72;1.4;0.8145069621026174;4.68991591079493;-1.0;-1.0;0.5142857142857143
YbNdO3;Nd;Yb;O;3.0;3.0;1.27;0.868;1.4;0.8324405228254329;4.1463405083917095;1.0;1.0;0.62
YbNiO3;Yb;Ni;O;3.0;3.0;1.042;0.6;1.4;0.8633773798287745;2.7722937189946437;1.0;1.0;0.4285714285714286
YbPdO3;Yb;Pd;O;3.0;3.0;1.042;0.76;1.4;0.7994234998414579;5.8758009286405715;-1.0;-1.0;0.5428571428571429
YbPtO3;Yb;Pt;O;2.0;4.0;1.14;0.625;1.4;0.8869388761549781;4.3095614503454005;1.0;-1.0;0.44642857142857145
YbPuO3;Pu;Yb;O;3.0;3.0;1.0;0.868;1.4;0.7482611441127487;17.027527247990395;-1.0;-1.0;0.62
YbReO3;Yb;Re;O;2.0;4.0;1.14;0.63;1.4;0.8847542976422812;4.324513569305394;1.0;-1.0;0.45
YbScO3;Yb;Sc;O;3.0;3.0;1.042;0.745;1.4;0.8050138739662233;5.385336286088068;-1.0;-1.0;0.5321428571428571
YbSiO3;Yb;Si;O;2.0;4.0;1.14;0.4;1.4;0.9978062356743505;4.942467892903569;1.0;-1.0;0.28571428571428575
YbSnO3;Yb;Sn;O;2.0;4.0;1.14;0.69;1.4;0.8593546527338903;4.61014632232884;1.0;-1.0;0.4928571428571428
YbTaO3;Yb;Ta;O;3.0;3.0;1.042;0.72;1.4;0.8145069621026174;4.68991591079493;-1.0;-1.0;0.5142857142857143
YbTcO3;Yb;Tc;O;2.0;4.0;1.14;0.645;1.4;0.8782646573172765;4.377175661252405;1.0;-1.0;0.46071428571428574
YbTiO3;Yb;Ti;O;3.0;3.0;1.042;0.67;1.4;0.8341810433128256;3.6544651036124733;1.0;1.0;0.47857142857142865
YbTmO3;Tm;Yb;O;3.0;3.0;1.052;0.868;1.4;0.7644734689018583;11.524832456208333;-1.0;-1.0;0.62
YbWO3;Yb;W;O;2.0;4.0;1.14;0.66;1.4;0.8718695263173936;4.441924288042912;1.0;-1.0;0.4714285714285715
YbZnO3;;;O;;;;;1.4;;;;;
ZnAuO3;;;O;;;;;1.4;;;;;
ZnBO3;;;O;;;;;1.4;;;;;
ZnBiO3;;;O;;;;;1.4;;;;;
ZnCO3;Zn;C;O;2.0;4.0;0.9;0.16;1.4;1.0425292286724739;11.263353148268235;1.0;-1.0;0.1142857142857143
ZnCoO3;Zn;Co;O;2.0;4.0;0.9;0.53;1.4;0.8426661122948492;5.0553196822884345;1.0;-1.0;0.3785714285714286
ZnCrO3;Zn;Cr;O;2.0;4.0;0.9;0.55;1.4;0.834023382937979;5.1909033572437755;1.0;-1.0;0.3928571428571429
ZnCuO3;;;O;;;;;1.4;;;;;
ZnFeO3;Zn;Fe;O;2.0;4.0;0.9;0.585;1.4;0.8193176809718182;5.53579261822617;-1.0;-1.0;0.41785714285714287
ZnGaO3;;;O;;;;;1.4;;;;;
ZnGeO3;Zn;Ge;O;2.0;4.0;0.9;0.53;1.4;0.8426661122948492;5.0553196822884345;1.0;-1.0;0.3785714285714286
ZnIrO3;Zn;Ir;O;2.0;4.0;0.9;0.625;1.4;0.8031336280143502;6.138133524755791;-1.0;-1.0;0.44642857142857145
ZnMoO3;Zn;Mo;O;2.0;4.0;0.9;0.65;1.4;0.7933393154775898;6.663496274834252;-1.0;-1.0;0.46428571428571436
ZnNiO3;Zn;Ni;O;2.0;4.0;0.9;0.48;1.4;0.8650774450686485;4.882222412344525;1.0;-1.0;0.34285714285714286
ZnOsO3;Zn;Os;O;2.0;4.0;0.9;0.63;1.4;0.8011554663689947;6.232717228099733;-1.0;-1.0;0.45
ZnPbO3;Pb;Zn;O;4.0;2.0;0.94;0.74;1.4;0.7731915270918324;7.131233467438598;-1.0;-1.0;0.5285714285714286
ZnRhO3;Zn;Rh;O;2.0;4.0;0.9;0.6;1.4;0.8131727983645295;5.732243720462628;-1.0;-1.0;0.4285714285714286
ZnSbO3;;;O;;;;;1.4;;;;;
ZnSeO3;Zn;Se;O;2.0;4.0;0.9;0.5;1.4;0.8559713666995048;4.924671100865292;1.0;-1.0;0.35714285714285715
ZnSiO3;Zn;Si;O;2.0;4.0;0.9;0.4;1.4;0.903525331516144;5.04918279034697;1.0;-1.0;0.28571428571428575
ZnSnO3;Zn;Sn;O;2.0;4.0;0.9;0.69;1.4;0.7781557879086408;7.847068197293373;-1.0;-1.0;0.4928571428571428
ZnTeO3;Te;Zn;O;4.0;2.0;0.97;0.74;1.4;0.7831042389776252;5.264967663749893;-1.0;-1.0;0.5285714285714286
ZnWO3;Zn;W;O;2.0;4.0;0.9;0.66;1.4;0.7894881537519705;6.914471484161814;-1.0;-1.0;0.4714285714285715
ZrAlO3;;;O;;;;;1.4;;;;;
ZrBO3;;;O;;;;;1.4;;;;;
ZrBeO3;Zr;Be;O;4.0;2.0;0.89;0.45;1.4;0.8752835291444291;-1.2885749420350745;1.0;1.0;0.32142857142857145
ZrCdO3;Cd;Zr;O;2.0;4.0;1.31;0.72;1.4;0.9038959325545016;4.024142317245007;1.0;1.0;0.5142857142857143
ZrCoO3;Co;Zr;O;2.0;4.0;0.9;0.72;1.4;0.7671441494004995;9.147994738755818;-1.0;-1.0;0.5142857142857143
ZrCrO3;Cr;Zr;O;2.0;4.0;0.8;0.72;1.4;0.7337900559483039;19.036047957844218;-1.0;-1.0;0.5142857142857143
ZrHgO3;Hg;Zr;O;2.0;4.0;1.14;0.72;1.4;0.8471939736857691;4.835508389716532;1.0;-1.0;0.5142857142857143
ZrMnO3;Mn;Zr;O;2.0;4.0;0.96;0.72;1.4;0.7871566054718169;7.2139364358636655;-1.0;-1.0;0.5142857142857143
ZrNiO3;Zr;Ni;O;4.0;2.0;0.89;0.69;1.4;0.7747725018742555;6.2993780881758905;-1.0;-1.0;0.4928571428571428
ZrOsO3;;;O;;;;;1.4;;;;;
ZrPbO3;Pb;Zr;O;2.0;4.0;1.49;0.72;1.4;0.9639333007684536;3.635358294804355;1.0;1.0;0.5142857142857143
ZrSiO3;;;O;;;;;1.4;;;;;
ZrTiO3;Ti;Zr;O;2.0;4.0;0.86;0.72;1.4;0.7538025120196212;11.38925005655713;-1.0;-1.0;0.5142857142857143
ZrTlO3;;;O;;;;;1.4;;;;;
ZrZnO3;Zn;Zr;O;2.0;4.0;0.9;0.72;1.4;0.7671441494004995;9.147994738755818;-1.0;-1.0;0.5142857142857143
