Material ID;Formula;Band Gap;Energy Above Hull;Volume;Density;Sites;Volume per atom;Crystal System;Space Group;Theoretical
mp-3346520;KCO3;1.2657000000000003;0.06030991037500044;300.7664491449145;2.1886932944701534;20;15.038322457245723;Monoclinic;P2_1/c;True
mp-3346497;NaNO3;3.5713;0.0012383167500003012;479.4757792710996;2.354854615662652;40;11.98689448177749;Trigonal;R-3c;True
mp-aaaieioc;CaSiO3;6.58;0.2622196410000015;105.60159851659405;3.653184115993353;10;10.560159851659405;Trigonal;R-3;True
mp-aaaieiqg;CaZrO3;5.4443;0.018851645500005176;137.27690835903863;4.337728620555231;10;13.727690835903863;Trigonal;R-3;True
mp-aaaieipq;ZrZnO3;4.540100000000001;0.1264650200000048;116.79496014340394;5.818711730416606;10;11.679496014340394;Trigonal;R-3;True
mp-aaaieipt;SrSnO3;3.5244000000000004;0.06441202499999843;147.92338242346509;5.710008864171382;10;14.792338242346508;Trigonal;R-3;True
mp-aaaieiqu;TiPbO3;2.4549;0.02873914300000102;147.89050164339127;6.8057326121395585;10;14.789050164339127;Trigonal;R-3;True
mp-aaaieiru;SnPbO3;3.1641000000000004;0.027780016500003057;161.7453676988878;7.677365764754724;10;16.174536769888782;Trigonal;R-3;True
mp-aaaieitl;SrSiO3;5.866100000000001;0.3800162260000013;116.84768934230078;4.652832950430448;10;11.684768934230078;Trigonal;R-3;True
mp-aaaieitc;GePbO3;3.4086;0.009786243000012185;142.8644916199943;7.621041914773731;10;14.286449161999432;Trigonal;R-3;True
mp-aaaieisu;SiPbO3;2.760799999999999;0.11601893533334806;131.04903506780994;7.179047921944743;10;13.104903506780994;Trigonal;R-3;True
mp-aaaieiuj;SrTiO3;4.0748999999999995;0.1297235489999995;132.8756799356006;4.586006157278261;10;13.28756799356006;Trigonal;R-3;True
mp-aaaieivn;SrZrO3;5.3771;0.07124196500000046;150.4154817985756;5.008531450029652;10;15.04154817985756;Trigonal;R-3;True
mp-aaaieiwj;SrGeO3;4.1981;0.15218214499999938;128.39568208795524;5.3867991804593;10;12.839568208795523;Trigonal;R-3;True
mp-aaaieixs;ZrPbO3;3.3665000000000003;0.07555451900001131;163.33925610014876;7.043592718317687;10;16.333925610014877;Trigonal;R-3;True
mp-aaaieiym;MgZrO3;5.1367;0.07021847099999867;116.0458279187293;4.679932218179618;10;11.60458279187293;Trigonal;R-3;True
mp-aaaieizk;CaGeO3;4.6311;0.06221805733333241;116.48988133847152;4.581952115358935;10;11.648988133847151;Trigonal;R-3;True
mp-1539374;VAgO3;1.9209;0.011701726000010737;287.6306546239166;4.775744061916069;20;14.38153273119583;Monoclinic;C2/c;True
mp-1542758;SrMoO3;1.3088000000000006;0.0;135.04259794686644;5.694668847826521;10;13.504259794686643;Monoclinic;C2/m;True
mp-1545211;KCO3;1.499;0.06357067187500043;326.97490888915945;2.013260016438214;20;16.348745444457972;Monoclinic;P2_1/c;True
mp-1545405;KCO3;1.4884999999999997;0.051536653375000796;329.35383547238916;1.998718215929989;20;16.467691773619457;Monoclinic;P2_1/c;True
mp-1639105;CdFeO3;0.0;0.09994107950000064;225.92598167740076;6.357808787672688;20;11.296299083870037;Monoclinic;P2_1/m;True
mp-1643785;ScCoO3;0.8961999999999994;0.0691988195892872;202.46357062059715;4.982917303561328;20;10.123178531029858;Monoclinic;P2_1/c;True
mp-1977728;NaNbO3;1.6644;0.029408212999998185;126.03267710912635;4.318768376538009;10;12.603267710912636;Orthorhombic;Imma;True
mp-2039551;RbNO3;3.6119000000000003;0.03443286599999951;99.17254870019707;2.46927383795907;5;19.834509740039415;Trigonal;R32;True
mp-2225290;MgCrO3;0.9534;0.1716486159999997;75.77346345087477;2.723959477228104;5;15.154692690174954;Monoclinic;Pm;True
mp-2234285;TiMnO3;1.3274000000000004;0.19947064199999964;113.83843812847203;4.399474978035272;10;11.383843812847203;Monoclinic;C2/m;True
mp-2349989;NbAgO3;0.9214;0.08782458992307607;137.02715410739583;6.0294169161547755;10;13.702715410739582;Orthorhombic;Pmmm;True
mp-2371810;VCuO3;0.9255;0.09426081200000347;81.01951592977308;3.3302328444505447;5;16.203903185954616;Monoclinic;Cm;True
mp-2506699;BaCO3;4.9758000000000004;0.015460144000005727;158.4914239428948;4.1350372594110345;10;15.849142394289482;Monoclinic;P2_1/m;True
mp-2626703;BaCO3;4.1813;0.04385683600000867;166.95671010843782;3.925376481576098;10;16.695671010843782;Orthorhombic;Imm2;True
mp-2647018;PmTiO3;0.0;0.10947393275000117;60.24785691045861;6.638677215318478;5;12.049571382091722;Cubic;Pm-3m;True
mp-2647004;CdIrO3;0.0;0.10773032233333257;388.28158042161505;9.048323866236137;30;12.942719347387168;Trigonal;R-3;True
mp-2647102;PuCuO3;0.0;0.47174100799998797;55.87514304904544;10.566327039371977;5;11.175028609809088;Cubic;Pm-3m;True
mp-2647156;CsPuO3;0.0;0.08095252200000225;348.11346728457795;8.10734637772506;20;17.405673364228896;Tetragonal;P4/mbm;True
mp-2647164;MgCO3;4.8023;0.31464865683333976;546.6588860031457;3.0733577063384634;60;9.110981433385762;Monoclinic;C2/m;True
mp-2647162;PuTlO3;0.0;0.0;325.4567100469089;10.130513194462143;20;16.272835502345444;Tetragonal;P4/mbm;True
mp-2717324;CaCO3;5.662;0.008233730666669992;185.64780423579597;2.6857016987822253;15;12.376520282386398;Trigonal;P321;True
mp-2720358;NaClO3;6.3141;0.02988563774999964;274.48534010952795;2.5757206261379952;20;13.724267005476397;Cubic;P2_13;False
mp-2754394;VCoO3;0.0;0.0701364386875003;92.4212721610739;5.6730253531701385;10;9.24212721610739;Trigonal;R-3;True
mp-2757311;RbNO3;3.6386;0.0030215580000003683;84.71336475411889;2.8907384408575476;5;16.942672950823777;Trigonal;R3m;True
mp-2760250;YbBO3;4.9925;0.03603469299999951;115.5751253612175;6.6622407459146205;10;11.55751253612175;Orthorhombic;Cmcm;True
mp-2762888;KIO3;3.5428000000000006;0.004811488999998836;350.7761625367812;4.052236262599688;20;17.53880812683906;Orthorhombic;I222;True
mp-2764171;LaNiO3;0.0;0.0;225.23285093837265;7.242700667299498;20;11.261642546918633;Monoclinic;C2/c;True
mp-2767254;KNO3;3.5791000000000004;0.0028861925000001065;148.81033152931727;2.256373087372057;10;14.881033152931726;Monoclinic;Pm;True
mp-2767577;FeSiO3;0.6124;0.03642828933333675;220.67305670496117;3.9709924525081495;20;11.03365283524806;Triclinic;P-1;True
mp-2767096;KNO3;3.5471;0.007036090500000647;155.52289971226745;2.1589851257073738;10;15.552289971226745;Monoclinic;P2_1/m;True
mp-2767717;LuVO3;0.2610999999999999;0.0;215.19981862324127;8.454147954190299;20;10.759990931162063;Monoclinic;P2_1/c;True
mp-2767672;NaNO3;3.5746;0.0;479.75223999904483;2.353497613512433;40;11.993805999976122;Triclinic;P1;True
mp-2767681;MnInO3;0.28329999999999966;0.004948190875001757;349.5686323507978;6.206325129586856;30;11.652287745026594;Monoclinic;C2/c;True
mp-2899517;HoMnO3;0.3765999999999998;0.0;368.7595580414855;7.237283266130689;30;12.291985268049517;Orthorhombic;Cmc2_1;True
mp-2902256;TlBrO3;0.0;0.6690971726875006;85.01346182523042;6.490419786926739;5;17.002692365046084;Monoclinic;Cm;True
mp-2901869;BaGeO3;2.2342000000000004;0.32623320983333315;580.7472411339012;4.425621985069358;30;19.35824137113004;Triclinic;P1;True
mp-3216857;YbBO3;5.148199999999999;0.07499853399999878;111.96541111030702;6.877028376532365;10;11.196541111030701;Orthorhombic;Ama2;True
mp-768145;DyHoO3;3.0511999999999997;0.09010367654166807;455.5118362027295;8.211602977131303;30;15.183727873424317;Hexagonal;P6_3cm;True
mp-768149;DyInO3;1.9870999999999999;0.004321802999998958;420.1945036650193;7.71357438244707;30;14.006483455500643;Hexagonal;P6_3cm;True
mp-768221;YBiO3;3.0748;0.03302222387500109;160.11286607696232;7.174372136725453;10;16.01128660769623;Trigonal;R3c;True
mp-768267;HoInO3;1.9681000000000002;0.009804144208334087;415.9933087835674;7.849682526202236;30;13.866443626118913;Hexagonal;P6_3cm;True
mp-768293;LuSeO3;1.7429000000000001;0.03757851950780822;606.401787175432;6.614209932682031;40;15.1600446793858;Monoclinic;P2_1/c;True
mp-768307;BaSO3;4.4264;0.0694253275000003;171.06198078454176;4.220516080133609;10;17.106198078454177;Monoclinic;P2_1/m;True
mp-768333;DyYO3;3.028;0.0966044345416659;460.54369843257217;6.477198026288933;30;15.351456614419073;Hexagonal;P6_3cm;True
mp-768310;LaBiO3;3.0703000000000005;0.03519446059999609;174.44004834340714;7.537041765821148;10;17.444004834340713;Trigonal;R3c;True
mp-768308;LaAgO3;0.0;0.03671194108333253;139.99486405290418;6.992830913691694;10;13.999486405290417;Trigonal;R3c;True
mp-768358;ScInO3;2.1982000000000004;0.07364593187499935;132.6643819656345;5.2013012731238515;10;13.26643819656345;Hexagonal;P6_3/mmc;True
mp-768353;YTmO3;3.1706000000000003;0.07621912245833329;448.20930423084536;6.7984717145311215;30;14.94031014102818;Hexagonal;P6_3cm;True
mp-768374;MnTlO3;0.0;0.03077517818749964;391.17953872103993;7.827343620022067;30;13.039317957367997;Hexagonal;P6_3cm;True
mp-768396;TmSeO3;1.819004474645301;0.021720093632810133;616.7971595804588;6.37280375721706;40;15.41992898951147;Monoclinic;P2_1/c;True
mp-768409;TbTiO3;0.0;0.055962047999981834;236.76811009381976;7.147747431002673;20;11.838405504690988;Orthorhombic;Pnma;True
mp-768417;LaAlO3;4.276999999999999;0.031164611333336367;467.7644710119816;4.55568689570662;30;15.592149033732719;Triclinic;P-1;True
mp-768432;MnTlO3;0.0;0.12188634718749825;135.57096356514623;7.52839837816738;10;13.557096356514624;Trigonal;R-3;True
mp-768469;TmGaO3;2.9219999999999997;0.0064111949333334195;356.19089171946547;8.018214704892202;30;11.873029723982182;Hexagonal;P6_3cm;True
mp-768479;YScO3;3.2044;0.030876317749997995;138.94105351591026;4.346959582233567;10;13.894105351591026;Hexagonal;P6_3/mmc;True
mp-768499;FeNiO3;0.5852999999999997;0.08205045533333166;101.91843447621245;5.2963602868608834;10;10.191843447621245;Trigonal;R-3;True
mp-768505;LuGaO3;2.8827999999999996;0.0;349.22964111405213;8.350153604856443;30;11.64098803713507;Hexagonal;P6_3cm;True
mp-768518;LaAlO3;4.4362;0.05321426366666948;442.599776648795;4.814707515221755;30;14.753325888293167;Orthorhombic;Cmcm;True
mp-768539;AlTlO3;0.7376999999999994;0.0753195514999998;214.28280191741933;8.659458171286781;20;10.714140095870967;Orthorhombic;Pnma;True
mp-768578;CdCoO3;0.13310000000000022;0.052238621499999915;236.9893852503211;6.147560001191898;20;11.849469262516056;Monoclinic;C2/c;True
mp-768889;YHoO3;3.0775;0.08921147641666671;456.3680585577812;6.589520291737021;30;15.212268618592706;Hexagonal;P6_3cm;True
mp-769015;DyGaO3;2.8659;0.024861314766665643;380.29105744080005;7.341507113068223;30;12.676368581360002;Hexagonal;P6_3cm;True
mp-769007;YScO3;3.1406;0.019936197083330498;402.56854913574466;4.500881739842195;30;13.418951637858155;Hexagonal;P6_3cm;True
mp-769045;HoGaO3;2.8722;0.0188426235166661;364.4017489772161;7.728073092409366;30;12.146724965907202;Hexagonal;P6_3cm;True
mp-769079;ScGaO3;3.1715;0.004530560708330356;328.43508193907246;4.9348875613449765;30;10.947836064635748;Hexagonal;P6_3cm;True
mp-769171;SiGeO3;2.8185000000000002;0.133299435458337;1025.8208654925386;3.851924212218257;80;12.822760818656732;Orthorhombic;Pbca;True
mp-769144;SnGeO3;2.0427000000000004;0.03972843399999615;970.7966069728828;4.912835924488718;60;16.17994344954805;Monoclinic;P2/c;True
mp-769263;TbInO3;2.5934999999999997;0.05609104887500038;269.41286852002736;7.932277575377389;20;13.470643426001368;Orthorhombic;Pnma;True
mp-769348;MgSnO3;2.0089999999999995;0.07301049799999593;228.0837393763739;5.562604018097491;20;11.404186968818696;Orthorhombic;Pnma;True
mp-769322;MgSO3;4.8986;0.057395501428571194;511.06165747636624;2.7129012105295076;40;12.776541436909156;Monoclinic;P2_1/c;True
mp-769347;MgSO3;5.024900000000001;0.07342707442857144;248.29017437019598;2.7920150137630193;20;12.414508718509799;Monoclinic;P2_1/c;True
mp-769393;DySeO3;1.7860999999999998;0.0;618.5495841025352;6.216564198217383;40;15.463739602563379;Monoclinic;P2_1/c;True
mp-769397;MgSO3;4.9784;0.04840998342857006;366.17673124008184;2.8397348963044;30;12.205891041336061;Trigonal;R-3;True
mp-769404;YSeO3;1.8121;0.0;621.1035251012897;4.6169525576831205;40;15.527588127532244;Monoclinic;P2_1/c;True
mp-769734;ScFeO3;1.5712000000000002;0.08394618037499768;212.22287513266605;4.657117923638389;20;10.611143756633302;Orthorhombic;Pnma;True
mp-769855;SrCrO3;0.7904;0.07022002743750289;248.0153496233369;5.024541835998738;20;12.400767481166845;Orthorhombic;Ama2;True
mp-770347;TbNiO3;0.0;0.041731725;108.19253637657697;8.153377998408;10;10.819253637657697;Trigonal;R-3c;True
mp-770413;LaHoO3;4.024699999999999;0.08120020312500031;312.48257074063946;7.478613412380337;20;15.624128537031973;Monoclinic;P2_1/c;True
mp-770472;HoLuO3;4.5866999999999996;0.08240886899999822;269.37247310946236;9.564684292849714;20;13.468623655473118;Orthorhombic;Pnma;True
mp-770415;HoErO3;3.0775000000000006;0.0929438422083333;446.6035317168509;8.481566118147873;30;14.886784390561697;Hexagonal;P6_3cm;True
mp-770488;CoPbO3;0.0;0.15222651974999835;443.8019890028436;9.40288627987196;40;11.095049725071089;Orthorhombic;Pbam;True
mp-770581;MgMnO3;0.536;0.07673693500000045;191.23146819271153;4.419545810056683;20;9.561573409635576;Orthorhombic;Pnma;True
mp-770618;MgMnO3;1.9300000000000002;0.0;96.25948702724264;4.38998928886301;10;9.625948702724264;Trigonal;R-3;True
mp-770614;TlCoO3;0.1429999999999998;0.10151643371428509;228.34288850076067;9.055683181912478;20;11.417144425038034;Triclinic;P-1;True
mp-770662;CdCoO3;0.0;0.06609518199999975;111.68017699771292;6.522672620324406;10;11.168017699771292;Trigonal;R-3;True
mp-770767;SmCuO3;0.12179999999999991;0.0;235.78125214601297;7.378061698390068;20;11.789062607300648;Orthorhombic;Pnma;True
mp-770778;VCrO3;0.37790000000000035;0.012972799125002155;199.09235298037535;5.035548358271711;20;9.954617649018768;Triclinic;P1;True
mp-770779;VCrO3;0.0;0.009381443625002817;199.00476310146337;5.037764702564594;20;9.950238155073169;Triclinic;P1;True
mp-770849;VCrO3;0.26149999999999984;0.011128841125001898;198.97637091413105;5.03848354751344;20;9.948818545706553;Triclinic;P1;True
mp-770843;VCrO3;1.2463999999999995;0.011187488625001407;198.9786550917356;5.0384257081875345;20;9.94893275458678;Triclinic;P1;True
mp-770830;HoBiO3;2.7472;0.03586014037500185;303.2576792205497;9.240936578906169;20;15.162883961027484;Orthorhombic;Pnma;True
mp-770870;MnTlO3;0.0;0.053737198187498336;240.1313074111218;8.50061770981858;20;12.00656537055609;Orthorhombic;Pnma;True
mp-770855;VCrO3;0.37289999999999957;0.011546332125000447;198.9488666434879;5.039180107476108;20;9.947443332174394;Monoclinic;C2;True
mp-770932;LiSbO3;2.6465;0.016233930500000326;115.39919354575606;5.085233545077915;10;11.539919354575606;Monoclinic;C2/m;True
mp-771055;EuZrO3;0.3877000000000006;0.09331918650001114;73.94695196343135;6.538823421274602;5;14.789390392686268;Cubic;Pm-3m;True
mp-771131;NdZrO3;0.0;0.20003141852498807;142.99614026070765;6.5834417332100825;10;14.299614026070765;Monoclinic;C2/m;True
mp-771123;ScFeO3;0.9040000000000004;0.05839788554166603;342.91604718674466;4.3232751734487005;30;11.430534906224823;Hexagonal;P6_3cm;True
mp-771703;LaAlO3;4.1704;0.042760157666670295;426.7858281918373;4.993109728818266;30;14.226194273061244;Triclinic;P-1;True
mp-771698;LaAlO3;4.4777;0.05711882675000446;569.581153201603;4.988433948673066;40;14.239528830040076;Monoclinic;P2_1/c;True
mp-772180;LuScO3;3.0863;0.040043889166662794;391.5342710979174;6.81769398040606;30;13.051142369930579;Hexagonal;P6_3cm;True
mp-772187;AlGaO3;3.1117000000000004;0.028743235249999444;394.62822780999744;4.871107212142126;40;9.865705695249936;Orthorhombic;Pna2_1;True
mp-772188;DyErO3;3.0896;0.08419320666666863;452.19113643002925;8.323213861971261;30;15.073037881000975;Hexagonal;P6_3cm;True
mp-772192;CuPO3;1.5598999999999998;0.08834415474999702;527.1976932446773;3.5911635723189157;40;13.179942331116933;Monoclinic;P2_1/c;True
mp-772217;ErInO3;1.9560000000000004;0.015370493333330515;411.7619876949493;7.986693016757637;30;13.725399589831644;Hexagonal;P6_3cm;True
mp-772255;CuPO3;1.8792000000000002;0.02798113283333059;516.1115298012884;2.751226782493769;30;17.203717660042948;Trigonal;R-3;True
mp-772412;MgSiO3;4.7719;0.08871805754166573;782.1641212147097;3.4100128892479127;80;9.77705151518387;Tetragonal;I4_1/a;True
mp-772528;MnZnO3;0.1149;0.09838245200000006;195.097888591396;5.731355852340831;20;9.7548944295698;Orthorhombic;Pnma;True
mp-772548;SmCuO3;0.0;0.03347527649999993;113.17609099040732;7.685406919578079;10;11.317609099040732;Trigonal;R-3c;True
mp-772724;SnBO3;2.3724;0.09052466656249791;292.2274095201998;4.034906480092478;20;14.61137047600999;Monoclinic;Cc;True
mp-772801;LuBiO3;2.3121;0.05884514162499954;152.59323552308715;9.400974322214562;10;15.259323552308715;Trigonal;R-3;True
mp-772898;AlGaO3;3.2132;0.027670599999999546;399.14955897707586;4.815930177967567;40;9.978738974426896;Orthorhombic;Pna2_1;True
mp-774250;MnAlO3;1.5922;0.04634281118750039;97.49613700077627;4.425479040540372;10;9.749613700077628;Triclinic;P-1;True
mp-774520;TiAlO3;0.0;0.06604736950000145;97.84417929423466;4.169728039135845;10;9.784417929423466;Trigonal;R-3;True
mp-775762;AgPO3;2.1167999999999996;0.04544482850000975;264.7268375552521;4.687932534676804;20;13.236341877762603;Monoclinic;P2_1/c;True
mp-775761;AgClO3;2.925;0.03158415249999713;291.05972332883755;4.366022680278644;20;14.552986166441878;Cubic;P2_13;True
mp-775774;AgBiO3;0.0;0.027917850000001465;149.26590686018258;8.117625495525031;10;14.926590686018258;Orthorhombic;Cmmm;True
mp-775763;AlBiO3;3.0461;0.07829417874998335;284.0844556688522;6.639249628087801;20;14.204222783442608;Monoclinic;P2_1/c;True
mp-775767;AgAsO3;0.5616999999999999;0.037267864500000414;304.7254522248717;5.030528140525695;20;15.236272611243583;Monoclinic;C2/c;True
mp-776018;SrTiO3;1.7362000000000002;0.039102471333333;381.021066927438;4.797913337846343;30;12.700702230914601;Hexagonal;P6_3/mmc;True
mp-776024;CaZrO3;3.4707;0.02536537675000794;542.7856698013446;4.388251256141504;40;13.569641745033616;Orthorhombic;Pba2;True
mp-776023;CdSiO3;2.5256;0.026798932500001094;529.9800388010572;4.724748718347092;40;13.249500970026428;Orthorhombic;Pbcn;True
mp-776076;BaSiO3;4.6051;0.03891986424999949;643.3305773691544;4.40677707594449;40;16.08326443422886;Monoclinic;P2_1/c;True
mp-776084;BaSiO3;4.542;0.0;518.5696943364608;4.100241208993254;30;17.285656477882025;Monoclinic;C2/c;True
mp-776083;HfSnO3;2.5523000000000002;0.06868662650000168;173.89666541206324;6.592594472844857;10;17.389666541206324;Trigonal;R-3;True
mp-776074;CaGeO3;3.2925;0.030071428999999483;438.5384044777961;3.651340813712557;30;14.617946815926537;Monoclinic;C2/c;True
mp-776086;CaGeO3;3.3911;0.02091152766666582;418.57112569596745;3.825522298003054;30;13.952370856532248;Triclinic;P-1;True
mp-776093;CsAsO3;2.6306;0.0;380.39607043350026;4.467005404258129;20;19.019803521675012;Orthorhombic;Pbcm;True
mp-776108;LiNbO3;2.7432;0.02983659450000431;447.33750279177997;4.3904811955175695;40;11.1834375697945;Orthorhombic;Pbcm;True
mp-776116;AlPdO3;0.0;0.15571422949999825;229.89356275876952;5.241057634193108;20;11.494678137938475;Monoclinic;C2/c;True
mp-776110;SiSnO3;2.5265999999999993;0.029296765500003374;911.6581951128397;4.2576818938959295;60;15.194303251880662;Monoclinic;P2/c;True
mp-776150;ScAgO3;0.36119999999999997;0.06072701870833086;132.01168072464614;5.052178612624592;10;13.201168072464615;Orthorhombic;Cmmm;True
mp-776154;AlFeO3;2.1089;0.08031608349999964;182.98391243946458;4.748823800527587;20;9.149195621973229;Orthorhombic;Pnma;True
mp-776168;AgRuO3;0.0;0.05777726300000019;265.5367834644938;6.427025662675565;20;13.27683917322469;Cubic;Fd-3m;True
mp-776165;AgAuO3;0.24230000000000018;0.05942440183333275;273.488677155319;8.569172748527357;20;13.674433857765951;Cubic;Fd-3m;True
mp-776207;CeNiO3;0.9323000000000006;0.09525672350000391;233.389042111955;7.0240429216001585;20;11.66945210559775;Orthorhombic;Pnma;True
mp-776166;AgPdO3;0.0;0.439272044;267.596321977409;6.510355766147599;20;13.37981609887045;Orthorhombic;Cmcm;True
mp-776167;CeAlO3;0.0;0.00307535399999459;218.92352138921584;6.526021054969163;20;10.946176069460792;Orthorhombic;Pnma;True
mp-776199;AgClO3;3.1130999999999998;0.04860494549999839;309.0459323760985;4.111923892992202;20;15.452296618804926;Monoclinic;P2_1/c;True
mp-776172;AlCuO3;0.35000000000000053;0.08331138212500022;198.42876062512912;4.636977024330988;20;9.921438031256455;Monoclinic;P2_1/c;True
mp-776216;AlCoO3;0.3481000000000005;0.10484106749999977;93.23907440412559;4.769838385839886;10;9.323907440412558;Triclinic;P-1;True
mp-776320;CuAsO3;0.0;0.09488130250000282;109.0953559538195;5.676387289088493;10;10.90953559538195;Trigonal;R-3;True
mp-776439;SmTmO3;4.6315;0.05160596737499823;288.6300180537114;8.452390373468159;20;14.43150090268557;Orthorhombic;Pnma;True
mp-776476;CdFeO3;0.0;0.08514721349999999;224.18182162147866;6.407273262760114;20;11.209091081073932;Orthorhombic;Pnma;True
mp-776593;LuScO3;4.4786;0.06345934649999663;243.07288147061354;7.321153576208815;20;12.153644073530677;Orthorhombic;Pnma;True
mp-776984;HoInO3;2.5765;0.07171235437500023;265.1425363558653;8.210465339022255;20;13.257126817793264;Orthorhombic;Pnma;True
mp-777295;TmCrO3;2.6809;0.0;213.01460640525085;8.385646508237471;20;10.650730320262543;Orthorhombic;Pnma;False
mp-777413;CeScO3;0.0;0.013483153500001066;263.33288447133674;5.878825617249282;20;13.166644223566838;Orthorhombic;Pnma;False
mp-778151;ErLuO3;4.5249999999999995;0.0913835496249984;268.38545271091147;9.657491092649037;20;13.419272635545573;Orthorhombic;Pnma;True
mp-778450;LaSmO3;4.243500000000001;0.06766047687499999;327.22444687835076;6.845937165208721;20;16.36122234391754;Orthorhombic;Pna2_1;True
mp-778408;HgBiO3;0.0;0.037066734499999754;154.79235641038505;9.817158348524913;10;15.479235641038505;Trigonal;R-3c;True
mp-779389;CsClO3;5.568203592306966;0.06489169462500044;236.14650286890378;3.042760904235128;10;23.614650286890377;Monoclinic;P2_1/m;True
mp-779599;DyTiO3;0.0;0.05728245949998367;234.66081411815694;7.313117194476374;20;11.733040705907847;Orthorhombic;Pnma;True
mp-779664;AgGeO3;0.0;0.13516193100000162;152.22963156576708;4.985150404628439;10;15.222963156576707;Orthorhombic;Pmc2_1;True
mp-779706;AgGeO3;0.0;0.13956628550000172;292.25589368380406;5.193309191003508;20;14.612794684190202;Orthorhombic;P2_12_12;True
mp-780260;TiGeO3;1.1246;0.06877411550000367;142.2873660627807;3.9330191521391917;10;14.228736606278071;Trigonal;R-3;True
mp-780275;AgBO3;0.0;0.08524003049999962;109.9353807286683;5.035218557874713;10;10.99353807286683;Trigonal;R-3c;True
mp-780393;HoBO3;5.0472;0.05910993766666728;620.0271110640851;7.1905542372260625;60;10.33378518440142;Triclinic;P-1;True
mp-780411;LaAlO3;4.4588;0.09316856266667095;830.9863204470903;5.128817210179588;60;13.849772007451504;Monoclinic;P2_1/c;True
mp-780421;LaAlO3;4.270499999999999;0.08264037300000382;421.87864927012674;5.051188237549235;30;14.062621642337557;Triclinic;P-1;True
mp-780422;LaAlO3;4.273999999999999;0.035810256333336454;942.8090747140237;4.520509036281396;60;15.713484578567062;Monoclinic;P2_1/c;True
mp-780619;RbTaO3;4.6667000000000005;0.01019690800001527;351.3168059129707;5.944452673636795;20;17.565840295648535;Triclinic;P-1;True
mp-780712;CeCrO3;0.0;0.061762333600002606;245.02487755512755;6.508931468159129;20;12.251243877756377;Orthorhombic;Pnma;True
mp-781082;SrCrO3;0.5876000000000001;0.06528864165178927;860.7115343340237;5.0674030456764525;70;12.295879061914624;Orthorhombic;Ama2;True
mp-781625;BaOsO3;0.0;0.08043483300000087;67.13281089520898;9.289408171952024;5;13.426562179041795;Cubic;Pm-3m;False
mp-802021;AlVO3;0.0;2.0833725696249967;430.76472283781874;3.883273169160073;40;10.769118070945469;Triclinic;P1;True
mp-803450;VCrO3;0.0;2.718993196625001;210.11675665237954;4.771343262514744;20;10.505837832618976;Triclinic;P1;True
mp-806062;VCrO3;0.0;2.620506569625001;209.94192075432676;4.775316752331464;20;10.497096037716338;Triclinic;P1;True
mp-806072;VCrO3;0.0;2.6077976841250017;210.22288555063435;4.768934498110622;20;10.511144277531717;Triclinic;P1;True
mp-807999;VCrO3;0.0;2.6337303111250012;209.8286353801246;4.777894920674605;20;10.49143176900623;Triclinic;P1;True
mp-849271;AgIO3;1.9765000000000001;0.027469873500000297;331.9799078095097;5.657596332087995;20;16.598995390475487;Orthorhombic;Pnma;True
mp-849295;FeBO3;0.5129999999999999;0.10265242550000231;235.11272342891718;3.2390893310940414;20;11.75563617144586;Monoclinic;C2/c;True
mp-849371;CdSnO3;0.6937000000000002;0.030383252500001845;242.8075437023761;7.635484951057711;20;12.140377185118805;Orthorhombic;Pnma;False
mp-850193;HoBO3;5.367;0.03301353900000059;223.983121981949;6.63493232764832;20;11.19915609909745;Triclinic;P-1;True
mp-850194;TiNiO3;0.0;0.013952144999999305;100.00880325404562;5.132560042451992;10;10.000880325404562;Trigonal;R3c;True
mp-858693;RbTaO3;0.0;2.3854915165000152;365.63260409305593;5.711706513107867;20;18.281630204652796;Triclinic;P-1;True
mp-860791;AgSbO3;0.28869999999999996;0.0604233523333324;430.8249683273084;6.420372786937054;30;14.360832277576947;Monoclinic;C2;True
mp-861324;GaFeO3;0.0;4.680959962499999;435.6250846546974;5.292871623725484;40;10.890627116367435;Triclinic;P1;True
mp-861504;PrBO3;4.6526;0.0;239.34951052552847;5.542315610647776;20;11.967475526276424;Orthorhombic;Pnma;False
mp-861502;AcFeO3;1.0084;0.0;61.79731063258672;8.88999947834004;5;12.359462126517345;Cubic;Pm-3m;True
mp-861873;TaTlO3;0.6825999999999999;0.10736485475000279;68.05963814461339;10.572497662593443;5;13.611927628922677;Cubic;Pm-3m;True
mp-862606;EuSnO3;0.0;0.13844741162499652;67.71753422187594;7.814337074720921;5;13.543506844375187;Cubic;Pm-3m;True
mp-862832;PaTlO3;2.6427000000000005;0.0;83.82164361680597;9.576684629982608;5;16.764328723361196;Cubic;Pm-3m;True
mp-862870;LiTcO3;0.0;0.06527020858333277;57.23804068843266;4.436935885904514;5;11.447608137686533;Cubic;Pm-3m;True
mp-863367;KBiO3;0.4905999999999999;0.009451570999999603;512.6270580799318;5.7544437279164375;30;17.087568602664394;Monoclinic;C2/m;True
mp-863708;KPuO3;0.0;1.739399999678426e-05;76.6096388014749;7.176625323314876;5;15.32192776029498;Cubic;Pm-3m;True
mp-864606;AcCuO3;0.0;0.0;59.92938665681022;9.380470951180392;5;11.985877331362044;Cubic;Pm-3m;True
mp-864636;CeFeO3;0.0;0.376129136000003;60.86443995809566;6.655836858128925;5;12.172887991619131;Cubic;Pm-3m;True
mp-864891;NaPO3;5.130199999999999;0.0;372.31633924451404;2.728509396102049;30;12.410544641483801;Triclinic;P-1;False
mp-864911;AcMnO3;0.0;0.0;62.241398829787876;8.802373265638382;5;12.448279765957576;Cubic;Pm-3m;True
mp-865120;NaPaO3;2.952;0.0;81.04148454461952;6.188465133544278;5;16.208296908923906;Cubic;Pm-3m;True
mp-865181;EuGeO3;0.0;0.09222757999999942;56.59182512686955;7.998798454701532;5;11.318365025373911;Cubic;Pm-3m;True
mp-865218;YbTiO3;1.8974999999999995;0.4641207642499978;56.585377934505445;7.891218663460692;5;11.317075586901089;Cubic;Pm-3m;True
mp-865322;UTlO3;0.3060999999999998;0.0;80.91677642495134;10.063990208079584;5;16.183355284990267;Cubic;Pm-3m;True
mp-865424;CsUO3;0.44930000000000003;0.021469604000008857;86.082677427204;8.081229662796876;5;17.2165354854408;Cubic;Pm-3m;True
mp-865758;YbGeO3;1.0156999999999998;0.7855962329999926;56.034801218581485;8.702879535305446;5;11.206960243716297;Cubic;Pm-3m;True
mp-865927;AcTiO3;0.0;0.0;63.7995700747627;8.403352529905955;5;12.759914014952539;Cubic;Pm-3m;True
mp-866030;EuSiO3;0.0;0.25598193966667004;51.38487331369103;7.369525134675208;5;10.276974662738207;Cubic;Pm-3m;True
mp-866036;EuRuO3;0.0;0.21820725274999475;63.26752854159861;7.900983974334783;5;12.653505708319722;Cubic;Pm-3m;True
mp-866101;AcCrO3;2.0031000000000008;0.0;61.36284504026082;8.848788059091582;5;12.272569008052164;Cubic;Pm-3m;True
mp-866095;CeNiO3;0.0;0.44689075500000186;54.242728695214055;7.555550249125653;5;10.84854573904281;Cubic;Pm-3m;True
mp-867195;SrOsO3;0.0;0.09691866781818348;63.63388435567394;8.503074613722083;5;12.726776871134788;Cubic;Pm-3m;True
mp-867749;CaBiO3;0.17030000000000012;0.020840419499998042;156.56459992332617;6.301221223981796;10;15.656459992332618;Trigonal;R-3;True
mp-868005;GaFeO3;2.1227000000000005;0.03666854199999925;436.14425734795844;5.286571152334014;40;10.903606433698961;Triclinic;P1;True
mp-882825;MnInO3;0.9206999999999992;0.014556675354165272;349.5611823090674;6.206457402229093;30;11.652039410302248;Hexagonal;P6_3cm;False
mp-891880;AgGeO3;0.0;0.133380353625002;1210.6981013108827;5.014545631647306;80;15.133726266386034;Orthorhombic;Pbam;True
mp-891854;AgGeO3;0.0;0.13571188700000203;152.23687320929267;4.98491326968609;10;15.223687320929267;Orthorhombic;Pmma;True
mp-935811;KNbO3;1.4215999999999998;0.007730227999999784;65.41101790884895;4.569594302517074;5;13.08220358176979;Cubic;Pm-3m;False
mp-971704;ZnBO3;0.0;1.1255812861666676;38.57356425344683;5.347423246024941;5;7.7147128506893665;Cubic;Pm-3m;True
mp-971700;ZnAuO3;0.0;0.7912942535000003;60.89549963874947;8.463478786607997;5;12.179099927749894;Cubic;Pm-3m;True
mp-971706;ZnBiO3;0.0;0.38041959999999975;59.84143837094604;8.945928101141165;5;11.968287674189208;Cubic;Pm-3m;True
mp-971733;ZnGaO3;0.0;0.7340746505000002;56.102008719176524;5.4203915107800595;5;11.220401743835305;Cubic;Pm-3m;True
mp-971996;SrHoO3;0.0;0.23622259387499955;82.61883275427296;6.040663404800672;5;16.523766550854592;Cubic;Pm-3m;True
mp-972066;ZrAlO3;0.0;0.5159898236;49.523897122439884;5.572820746790818;5;9.904779424487977;Cubic;Pm-3m;True
mp-971975;SrHgO3;0.0;0.27301652699999934;76.01870174364761;7.344072426729143;5;15.203740348729522;Cubic;Pm-3m;True
mp-972058;YbTmO3;0.0;1.0600453508749972;72.51741112809172;8.929778552933413;5;14.503482225618345;Cubic;Pm-3m;True
mp-972021;SrInO3;0.0;0.19418390050000234;74.85410238575706;5.5555952328270894;5;14.970820477151412;Cubic;Pm-3m;True
mp-972117;SrTeO3;3.6116;0.0;343.049326886097;5.09645780352659;20;17.152466344304848;Monoclinic;P2_1/c;False
mp-972184;VPtO3;0.0;0.8465754645000017;55.45191986776771;8.804705810054541;5;11.090383973553541;Cubic;Pm-3m;True
mp-972116;VIrO3;0.0;1.2449427135000013;60.57538264454688;7.981411828049644;5;12.115076528909375;Cubic;Pm-3m;True
mp-972160;YbMgO3;0.0;0.7193957993749986;53.94974339381145;7.551508927854995;5;10.78994867876229;Cubic;Pm-3m;True
mp-972222;TaBeO3;0.0;1.008994493106668;40.058489189736044;9.864051261437627;5;8.011697837947208;Cubic;Pm-3m;True
mp-972296;ZrOsO3;0.0;1.459629599000003;60.52754994516142;9.03833460857568;5;12.105509989032283;Cubic;Pm-3m;True
mp-972367;UAlO3;0.0;0.17377716485061256;53.437919809877734;9.726484334707875;5;10.687583961975546;Cubic;Pm-3m;True
mp-972395;TmBeO3;0.0;0.4014180487499992;44.23705371244032;8.481347443843857;5;8.847410742488064;Cubic;Pm-3m;True
mp-972442;SnBO3;0.0;1.1284979960624977;42.61244452154257;6.917640384005649;5;8.522488904308513;Cubic;Pm-3m;True
mp-972822;SiBO3;0.0;1.919687921312498;37.13464487955602;3.885644919995471;5;7.4269289759112045;Cubic;Pm-3m;True
mp-972827;SiBiO3;0.0;0.7223104239999962;54.81423140456447;8.635714905912193;5;10.962846280912894;Cubic;Pm-3m;True
mp-972839;SiBO3;0.0;1.908972559312498;42.97268208926432;3.3577621227447323;5;8.594536417852863;Cubic;Pm-3m;True
mp-972931;EuMgO3;0.0;0.4080909834999975;60.3603799640011;6.169683618615342;5;12.072075992800219;Cubic;Pm-3m;True
mp-972985;KPdO3;0.0;0.17310388833333423;67.42291986772541;4.766060404400845;5;13.484583973545082;Cubic;Pm-3m;True
mp-972978;ScVO3;0.0;0.7257886889999998;54.284997039030245;4.401663417248702;5;10.856999407806049;Cubic;Pm-3m;True
mp-973068;ScCuO3;0.0;0.5728035054999996;51.848925970517726;5.0121491506714175;5;10.369785194103546;Cubic;Pm-3m;True
mp-973123;ScPdO3;0.0;0.8200657298749991;67.8551067576614;4.879050643743204;5;13.57102135153228;Cubic;Pm-3m;True
mp-973136;LiSmO3;0.0;0.3081785753392854;52.097227165665274;6.543675373239367;5;10.419445433133054;Cubic;Pm-3m;True
mp-973156;ScAsO3;0.0;1.0478288883749993;61.25659245178591;4.5507620868427;5;12.251318490357182;Cubic;Pm-3m;True
mp-973267;KTcO3;0.0;0.0;58.14690296217846;5.285921590188086;5;11.629380592435691;Cubic;Pm-3m;True
mp-973269;SbTeO3;0.0;0.6981031225833352;72.67459491171533;6.794326258901915;5;14.534918982343067;Cubic;Pm-3m;True
mp-973396;KBeO3;0.0;0.6463002295000013;53.64977433795312;2.9747044287287716;5;10.729954867590624;Cubic;Pm-3m;True
mp-973471;KReO3;0.0;0.03743742071428002;61.11912479420659;7.425354027085073;5;12.223824958841318;Cubic;Pm-3m;True
mp-973486;LuVO3;0.0;0.5639328577499985;57.22734779374253;7.947822048791205;5;11.445469558748506;Cubic;Pm-3m;True
mp-973447;KBaO3;0.0;0.5736075070000011;126.03265569426269;2.9568843700143663;5;25.206531138852537;Cubic;Pm-3m;True
mp-973536;LuUO3;0.0;0.7046519252701611;73.67166685696586;10.390680201158279;5;14.734333371393172;Cubic;Pm-3m;True
mp-973613;LiCeO3;0.0;0.47111355300000035;49.97266406711705;6.481479149500346;5;9.99453281342341;Cubic;Pm-3m;True
mp-973579;FePbO3;0.0;0.19825018625000546;61.514987243627175;8.396317854644527;5;12.302997448725435;Cubic;Pm-3m;True
mp-973681;LuRhO3;0.0;0.7235573885000006;60.42244361076046;8.955629670527621;5;12.084488722152091;Cubic;Pm-3m;True
mp-973655;LuSiO3;0.0;0.8780173768749906;49.85358501080958;8.362076579634616;5;9.970717002161916;Cubic;Pm-3m;True
mp-973738;GeBO3;0.0;1.358852277666668;39.55913595647476;5.517727495829009;5;7.911827191294952;Cubic;Pm-3m;True
mp-973648;FeRhO3;0.0;0.9351273892499963;53.58574568537138;6.4068212433618;5;10.717149137074276;Cubic;Pm-3m;True
mp-973818;LiHoO3;0.0;0.4370870380892864;49.15097044898062;7.428173333905339;5;9.830194089796125;Cubic;Pm-3m;True
mp-973869;LaCdO3;0.0;0.41137622874999913;73.04988646712441;6.803894262855275;5;14.609977293424881;Cubic;Pm-3m;True
mp-973830;KErO3;0.0;0.26273081166666756;86.7329373460614;4.869744506166675;5;17.34658746921228;Cubic;Pm-3m;True
mp-973877;PaBO3;0.0;1.1269523429791644;47.41571950860314;10.15062271040547;5;9.483143901720627;Cubic;Pm-3m;True
mp-973930;NpBeO3;0.0;0.43241775099999913;45.490614274963896;10.732229796417291;5;9.098122854992779;Cubic;Pm-3m;True
mp-973892;EuAlO3;0.0;0.12039643449999993;53.50400309174233;7.043378487884202;5;10.700800618348465;Cubic;Pm-3m;True
mp-973919;NpOsO3;0.0;0.973443296000001;63.208168245276845;12.48469959911383;5;12.641633649055368;Cubic;Pm-3m;True
mp-973958;KRuO3;0.0;0.10410775574999143;61.12931948987885;5.1114232469685605;5;12.22586389797577;Cubic;Pm-3m;True
mp-973960;KScO3;0.0;0.21022031625000004;74.65340065311048;2.937283330066007;5;14.930680130622097;Cubic;Pm-3m;True
mp-973968;KNaO3;0.0;0.6213259631666692;87.51495972475456;2.088814891374278;5;17.502991944950914;Cubic;Pm-3m;True
mp-974061;KSiO3;0.0;0.4701407725000015;49.96122783985031;3.828252813350322;5;9.992245567970063;Cubic;Pm-3m;True
mp-973977;HoSnO3;0.0;0.8692622737187534;82.41714412638174;6.681846660135944;5;16.48342882527635;Cubic;Pm-3m;True
mp-974108;NiPbO3;0.0;0.36695846999999926;55.33047026641992;9.420293424148667;5;11.066094053283985;Cubic;Pm-3m;True
mp-974337;RuPbO3;0.0;0.17602303197916402;64.0068642453909;9.242715950678756;5;12.80137284907818;Cubic;Pm-3m;True
mp-974511;ReSbO3;0.0;0.6424472785000006;63.548617356216845;9.301447401484586;5;12.709723471243368;Cubic;Pm-3m;True
mp-974505;ReTeO3;0.0;0.7946270986666661;64.26344866098869;9.34888622469971;5;12.852689732197737;Cubic;Pm-3m;True
mp-974581;ReBiO3;0.0;0.5042800953749991;65.13167751772735;11.29906416708596;5;13.026335503545472;Cubic;Pm-3m;True
mp-974724;ReClO3;3.5834;0.04124595112903506;382.57011136113016;4.681787343621931;20;19.128505568056507;Monoclinic;P2_1/c;False
mp-974734;KInO3;0.0;0.29853580633333365;79.97569649952503;4.192360060702172;5;15.995139299905006;Cubic;Pm-3m;True
mp-974740;NdBiO3;0.0;0.826238429750001;87.2729081436746;7.6340126131549315;5;17.45458162873492;Cubic;Pm-3m;True
mp-974842;KPtO3;0.0;0.13063624941666596;66.25367573946053;7.072388656291558;5;13.250735147892106;Cubic;Pm-3m;True
mp-975173;RbYO3;0.0;0.25637094387499815;93.76817320196758;3.937979509931089;5;18.753634640393518;Cubic;Pm-3m;True
mp-975138;RbWO3;0.0;0.1532382055000001;66.83879192428014;7.883131855519456;5;13.367758384856028;Cubic;Pm-3m;True
mp-975134;KRhO3;0.0;0.06112404400000049;63.59654676556202;4.9610515070259495;5;12.719309353112404;Cubic;Pm-3m;True
mp-975159;RbZnO3;0.0;0.41868662400000023;72.20306426586795;4.573763048552176;5;14.44061285317359;Cubic;Pm-3m;True
mp-975190;RbTeO3;0.0;0.1425068136666665;72.63406049182207;5.968416052073501;5;14.526812098364413;Cubic;Pm-3m;True
mp-975216;RbReO3;0.0;0.14681071042646643;63.238020189559734;8.394151242997012;5;12.647604037911947;Cubic;Pm-3m;True
mp-975291;RbLiO3;0.0;0.5468869130000016;73.00276697776181;3.1937324940145513;5;14.600553395552362;Cubic;Pm-3m;True
mp-975292;RbMoO3;0.0;0.19331893500000064;66.57386524218768;5.722029572097945;5;13.314773048437536;Cubic;Pm-3m;True
mp-975179;RbTlO3;0.0;0.3222652315000065;89.05927106621658;6.299310058805162;5;17.811854213243315;Cubic;Pm-3m;True
mp-975284;RbIrO3;0.0;0.04431511900000018;64.44276112195803;8.392088361322534;5;12.888552224391606;Cubic;Pm-3m;True
mp-975308;RbGdO3;0.0;0.1769357584999991;89.4388218566224;5.3974914465446115;5;17.88776437132448;Cubic;Pm-3m;True
mp-975200;RbSrO3;0.0;0.45709310399999925;114.28712685110743;3.212277276595913;5;22.857425370221485;Cubic;Pm-3m;True
mp-975206;RbSbO3;0.0;0.09665912159090873;68.44503210008946;6.1920161536986384;5;13.689006420017893;Cubic;Pm-3m;True
mp-975207;RbSmO3;0.0;0.271069491125;95.87752908908864;4.915689486921964;5;19.17550581781773;Cubic;Pm-3m;True
mp-975299;RbInO3;0.0;0.2932204476666742;82.5887320345404;4.992028234739171;5;16.51774640690808;Cubic;Pm-3m;True
mp-975296;RbHoO3;0.0;0.25147993787500056;90.98740980757066;5.445794626200317;5;18.197481961514132;Cubic;Pm-3m;True
mp-975208;RbRuO3;0.0;0.19918271774999852;62.97762089316109;6.184041021951548;5;12.595524178632218;Cubic;Pm-3m;True
mp-975255;RbPdO3;0.0;0.1556027990000013;70.35850277043419;5.661576915396388;5;14.071700554086837;Cubic;Pm-3m;True
mp-975274;RbNaO3;0.0;0.6004236366666684;92.81920017629031;2.7989997430912665;5;18.56384003525806;Cubic;Pm-3m;True
mp-975236;RbPtO3;0.0;0.16022298400000068;69.17709751024132;7.886571289188549;5;13.835419502048264;Cubic;Pm-3m;True
mp-975288;RbNpO3;0.0;0.0123390590000092;79.7970001194663;7.709227988339456;5;15.959400023893261;Cubic;Pm-3m;True
mp-975385;RbBO3;0.0;1.4999755523333338;50.39388070820404;4.754100932091303;5;10.078776141640807;Cubic;Pm-3m;True
mp-975322;RbFeO3;0.0;0.26684501566666974;66.20594225067894;4.748188772633777;5;13.24118845013579;Cubic;Pm-3m;True
mp-975380;RbCdO3;0.0;0.4030035700000001;89.05753605405575;4.5845459322052395;5;17.81150721081115;Cubic;Pm-3m;True
mp-975382;RbCaO3;0.0;0.4217636520000019;98.39510984595381;2.928769454374492;5;19.679021969190764;Cubic;Pm-3m;True
mp-975394;RbBeO3;0.0;0.7759267950000011;58.46279912583213;4.046856996540135;5;11.692559825166425;Cubic;Pm-3m;True
mp-975421;RbAgO3;0.0;0.3537120610000013;77.07990692192173;5.199083441713134;5;15.415981384384347;Cubic;Pm-3m;True
mp-975405;RbAuO3;0.0;0.3847998860000006;75.00835937393516;7.315133873715564;5;15.001671874787032;Cubic;Pm-3m;True
mp-975364;RbCuO3;0.0;0.426995966999999;66.23687800780135;4.939032950911965;5;13.24737560156027;Cubic;Pm-3m;True
mp-975425;RbAsO3;0.0;0.20545343389999893;61.135790683882746;5.660117378177605;5;12.227158136776549;Cubic;Pm-3m;True
mp-975373;RbNiO3;0.0;0.4197873350000023;66.52489446797706;4.79652307173256;5;13.304978893595413;Cubic;Pm-3m;True
mp-975387;RbBaO3;0.0;0.5158273460000009;124.63922265174297;3.607711493407371;5;24.927844530348594;Cubic;Pm-3m;True
mp-975427;RbAlO3;0.0;0.37965470773331855;61.35272302053714;4.342584864051844;5;12.270544604107428;Cubic;Pm-3m;True
mp-975347;NdGeO3;0.0;0.45550857174999404;62.49751342505111;7.037782730521228;5;12.499502685010222;Cubic;Pm-3m;True
mp-975346;RbMnO3;0.0;0.37963623908333677;65.90328141912995;4.747142641887465;5;13.180656283825991;Cubic;Pm-3m;True
mp-975361;RbErO3;0.0;0.2482169909999996;90.77570949035696;5.501092905850701;5;18.155141898071392;Cubic;Pm-3m;True
mp-975386;RbDyO3;0.0;0.2552479880000007;92.29319774023979;5.325019807583272;5;18.45863954804796;Cubic;Pm-3m;True
mp-975384;RbBiO3;0.0;0.0;77.29908558651587;7.356434062529205;5;15.459817117303174;Cubic;Pm-3m;True
mp-975333;LiCaO3;0.0;0.34843050542857146;53.99772204566962;2.921970906216008;5;10.799544409133924;Cubic;Pm-3m;True
mp-975579;NdBeO3;0.0;0.26662335999999964;49.03424578850867;6.815388666639387;5;9.806849157701734;Cubic;Pm-3m;True
mp-975588;PuPtO3;0.0;0.8616949345000009;66.65422143645642;12.134550602268721;5;13.330844287291285;Cubic;Pm-3m;True
mp-975443;InCuO3;0.0;0.5169841406250004;54.3254369445951;6.919102688672987;5;10.865087388919019;Cubic;Pm-3m;True
mp-975463;RbAcO3;0.0;0.18033347099999908;99.64939924630725;6.0067384303824385;5;19.92987984926145;Cubic;Pm-3m;True
mp-975521;NdMgO3;0.0;0.27795437300000003;59.72154240182355;6.020972505494358;5;11.94430848036471;Cubic;Pm-3m;True
mp-975564;PuBO3;0.0;0.7867055536666676;45.229927574695196;11.117119438186466;5;9.045985514939039;Cubic;Pm-3m;True
mp-975596;PuIrO3;0.0;1.396932767500001;70.66977267988912;11.377682803750217;5;14.133954535977825;Cubic;Pm-3m;True
mp-975990;NaLiO3;0.0;0.46971100400000054;56.52694344651089;2.2892463345830145;5;11.305388689302179;Cubic;Pm-3m;True
mp-975913;PrNbO3;0.0;0.34208520235000606;68.26407903161855;6.855145849074137;5;13.65281580632371;Cubic;Pm-3m;True
mp-976133;NaAsO3;0.0;0.30443091166666747;51.44697090838285;4.709481161683914;5;10.28939418167657;Cubic;Pm-3m;True
mp-976185;NaBeO3;0.0;0.45979896599999925;46.24388611464273;2.8726689705666106;5;9.248777222928545;Cubic;Pm-3m;True
mp-976229;KAgO3;0.0;0.32606058500000046;73.698716327076;4.392837725605359;5;14.7397432654152;Cubic;Pm-3m;True
mp-976331;LiLuO3;0.0;0.5373579508392856;47.824162242947324;7.982747828337232;5;9.564832448589465;Cubic;Pm-3m;True
mp-976283;LiYO3;0.0;0.41570530008928497;50.121167612811526;4.765657640718958;5;10.024233522562305;Cubic;Pm-3m;True
mp-976284;EuSbO3;0.0;0.29307437550000337;75.0801479185892;7.115493206249033;5;15.016029583717842;Cubic;Pm-3m;True
mp-976258;EuPtO3;0.0;0.4112197441249936;67.25453921150796;9.753834563721718;5;13.450907842301593;Cubic;Pm-3m;True
mp-976293;NaCdO3;0.0;0.47493427500000074;77.1257750075502;3.948630061212167;5;15.42515500151004;Cubic;Pm-3m;True
mp-976320;EuReO3;0.0;0.2546601523461529;64.0656384268225;10.009250817753623;5;12.8131276853645;Cubic;Pm-3m;True
mp-976446;MgMnO3;0.0;0.49021219800000004;52.132135357475256;4.052952311500217;5;10.426427071495052;Cubic;Pm-3m;True
mp-976763;NiAsO3;0.0;1.0137320043750062;50.50426706330274;5.971293745409322;5;10.100853412660548;Cubic;Pm-3m;True
mp-976727;PrBiO3;0.0;0.7655784768750005;88.05187400348734;7.503595699563449;5;17.610374800697468;Cubic;Pm-3m;True
mp-976722;MgPbO3;0.0;0.5007348609999998;63.068935851015254;7.3590267098297515;5;12.61378717020305;Cubic;Pm-3m;True
mp-976848;NiRuO3;0.0;1.200749332000001;51.38110012193622;6.714458293080407;5;10.276220024387245;Cubic;Pm-3m;True
mp-976775;NaMgO3;0.0;0.37349236900000005;64.85162171421845;2.4399960139800227;5;12.970324342843691;Cubic;Pm-3m;True
mp-976923;NaReO3;0.0;0.041938695599998965;58.755619851879835;7.268790558175942;5;11.751123970375968;Cubic;Pm-3m;True
mp-976952;NaPuO3;0.0;0.0;74.43174874793523;7.027240902273202;5;14.886349749587046;Cubic;Pm-3m;True
mp-977058;NpBO3;0.0;0.8432484849791653;45.70062729266607;10.748271142982693;5;9.140125458533214;Cubic;Pm-3m;True
mp-976968;NaPdO3;0.0;0.26455347162500065;63.576091389022885;4.633705182103469;5;12.715218277804578;Cubic;Pm-3m;True
mp-977100;NiMoO3;0.0;0.9362926199999997;60.589080202351056;5.5534378022248525;5;12.117816040470212;Cubic;Pm-3m;True
mp-977117;NaTeO3;0.0;0.13266531606249998;67.23886247503413;4.904352475168153;5;13.447772495006825;Cubic;Pm-3m;True
mp-977123;NaTiO3;0.0;0.08842447607143011;59.42551848449956;3.321188019187518;5;11.885103696899913;Cubic;Pm-3m;True
mp-977107;NaRuO3;0.0;0.08907671737500067;57.84641929357169;4.939095342418663;5;11.56928385871434;Cubic;Pm-3m;True
mp-977176;NaTcO3;0.0;0.0;55.54069588597196;5.052351625968146;5;11.108139177194392;Cubic;Pm-3m;True
mp-977184;NpTcO3;0.0;0.6848691417500063;62.79440236587778;10.128028143661838;5;12.558880473175556;Cubic;Pm-3m;True
mp-977152;NpTiO3;0.0;0.17949956;60.159657548892305;9.187812760314603;5;12.031931509778461;Cubic;Pm-3m;True
mp-977112;NaSrO3;0.0;0.5388160246666658;74.52969847814956;3.5338225567720327;5;14.905939695629911;Cubic;Pm-3m;True
mp-977370;EuOsO3;0.0;0.28726596400000126;63.46142186546037;10.209815245890187;5;12.692284373092075;Cubic;Pm-3m;True
mp-977389;CeCuO3;0.0;0.3992384580000019;56.30938271874032;7.421349231966317;5;11.261876543748064;Cubic;Pm-3m;True
mp-977408;NbTlO3;0.11160000000000014;0.09067409724999376;69.35312692633802;8.26731310000697;5;13.870625385267605;Cubic;Pm-3m;True
mp-977412;EuNiO3;0.0;0.20768661816666523;54.54536765826052;7.874320911830867;5;10.909073531652103;Cubic;Pm-3m;True
mp-977455;PaAgO3;0.9149000000000003;0.0;80.34031925623562;7.996811037620565;5;16.068063851247125;Cubic;Pm-3m;True
mp-978503;SmBeO3;0.0;0.2844622956249996;47.69980187266984;7.219036715646446;5;9.539960374533967;Cubic;Pm-3m;True
mp-978489;SiPbO3;1.1847999999999992;0.42395193916669616;52.65754671539653;8.933261816784775;5;10.531509343079305;Cubic;Pm-3m;True
mp-978493;SiSnO3;0.7593999999999994;0.48964694333333636;51.15649342831221;6.323000806979932;5;10.231298685662441;Cubic;Pm-3m;True
mp-978490;SiPdO3;0.0;0.7161838733333381;46.58900297437676;6.504851031886866;5;9.317800594875353;Cubic;Pm-3m;True
mp-978504;SmGaO3;2.872;0.21019299108333378;57.60803022854421;7.727382874868446;5;11.521606045708841;Cubic;Pm-3m;True
mp-978506;SmSiO3;0.0;0.660038604624992;53.517592677572;7.026074827883291;5;10.7035185355144;Cubic;Pm-3m;True
mp-978851;SrAsO3;0.0;0.2460785697222203;62.80174892271716;5.566876232902796;5;12.560349784543432;Cubic;Pm-3m;True
mp-978842;SrCaO3;0.0;0.46731272599999674;83.81772037171805;3.4807723601514824;5;16.76354407434361;Cubic;Pm-3m;True
mp-978862;SrAlO3;0.0;0.05084952224999828;56.43579113290282;4.784255046689047;5;11.287158226580564;Cubic;Pm-3m;True
mp-978952;SnPbO3;1.0389;0.11675427349999623;70.32588763341295;8.828742802736537;5;14.06517752668259;Cubic;Pm-3m;True
mp-978926;SmGeO3;0.0;0.5082992154687505;61.47479159443134;7.320124022148927;5;12.294958318886268;Cubic;Pm-3m;True
mp-979272;TePdO3;0.0;0.6204443040000012;67.18297192655213;6.970549617222446;5;13.436594385310425;Cubic;Pm-3m;True
mp-979294;SrAgO3;0.0;0.11433576999999584;69.43909948075958;5.822637144980727;5;13.887819896151916;Cubic;Pm-3m;True
mp-979436;YOsO3;0.0;0.734620989874994;62.30532592089454;8.718658682384907;5;12.461065184178908;Cubic;Pm-3m;True
mp-980058;RbTbO3;0.0;0.25824298787500055;93.27023664401828;5.205596957391232;5;18.654047328803657;Cubic;Pm-3m;True
mp-980537;RbYbO3;0.0;0.401345859500001;84.79834338472183;6.002065223718674;5;16.959668676944368;Cubic;Pm-3m;True
mp-981132;TbGeO3;0.0;0.6164286589062504;60.04338473889156;7.7315127892894955;5;12.008676947778312;Cubic;Pm-3m;True
mp-981250;SmPuO3;0.0;0.7339322471250078;82.5192836183423;8.901592953163389;5;16.50385672366846;Cubic;Pm-3m;True
mp-981376;ScSnO3;0.0;0.6724758994999958;69.29637433044239;5.072076726384404;5;13.859274866088478;Cubic;Pm-3m;True
mp-981367;SrTlO3;0.0;0.24066696550000977;78.3784643099874;7.203327842817414;5;15.67569286199748;Cubic;Pm-3m;True
mp-981313;KTbO3;0.0;0.2743879976250012;90.81213175146713;4.498615833080867;5;18.162426350293426;Cubic;Pm-3m;True
mp-981934;LaBeO3;0.0;0.25946022574999983;50.965649858396255;6.3832390516090545;5;10.193129971679252;Cubic;Pm-3m;True
mp-981550;RbTmO3;0.0;0.24325029224999906;88.45690592881743;5.676745731516967;5;17.691381185763486;Cubic;Pm-3m;True
mp-982040;KBiO3;0.0;0.09286868350000166;78.63401066432932;6.252348769967362;5;15.726802132865865;Cubic;Pm-3m;True
mp-982245;PbAuO3;0.0;0.3294854983333373;71.41118537597386;10.514280928969207;5;14.282237075194772;Cubic;Pm-3m;True
mp-982558;HoGeO3;0.0;0.6984650313437539;59.543920169682785;7.963830445868148;5;11.908784033936557;Cubic;Pm-3m;True
mp-982885;KCaO3;0.0;0.44993043450000236;95.36093697143247;2.2145150050657505;5;19.072187394286495;Cubic;Pm-3m;True
mp-982975;LiBeO3;0.0;0.5701234884285729;43.1416576665112;2.461513397174359;5;8.62833153330224;Cubic;Pm-3m;True
mp-983578;CsBiO3;0.0;0.05150594842856915;86.20837029442202;7.50991694098494;5;17.241674058884406;Cubic;Pm-3m;True
mp-983564;EuAsO3;0.0;0.2769656504999993;63.92572475193852;7.140400692904926;5;12.785144950387703;Cubic;Pm-3m;True
mp-983513;PmRuO3;0.0;0.387848930499997;62.278737736241204;7.840745538148924;5;12.45574754724824;Cubic;Pm-3m;True
mp-984051;CsGeO3;0.0;0.6047356959999988;67.14881807585644;6.269941180215369;5;13.429763615171288;Cubic;Pm-3m;True
mp-984240;CsCaO3;0.0;0.4456127270000021;102.8247443617045;3.5686805619824504;5;20.5649488723409;Cubic;Pm-3m;True
mp-984082;CsGdO3;0.0;0.22936890199999915;93.91437828700504;5.979034952048669;5;18.782875657401007;Cubic;Pm-3m;True
mp-984454;KTlO3;0.0;0.3400164280000002;85.80387530056791;5.640929317067618;5;17.160775060113583;Cubic;Pm-3m;True
mp-984356;CsIrO3;0.0;0.21775814349999933;68.60262261525105;9.031453846534289;5;13.72052452305021;Cubic;Pm-3m;True
mp-984552;BeZnO3;0.0;0.7651137839999986;42.991823945284224;4.728391306746124;5;8.598364789056845;Cubic;Pm-3m;True
mp-984554;BPbO3;0.0;1.0795439214285762;45.34560992453003;9.741156200728552;5;9.069121984906007;Cubic;Pm-3m;True
mp-984553;BOsO3;0.0;1.7791229256666616;39.56185275227554;10.452981660945982;5;7.912370550455108;Cubic;Pm-3m;True
mp-984357;CsKO3;0.0;0.7089624620000023;90.71143373223842;4.027296464599642;5;18.142286746447684;Cubic;Pm-3m;True
mp-984632;CaBeO3;0.0;0.333611442999997;47.238026636691295;3.4129082632762904;5;9.447605327338259;Cubic;Pm-3m;True
mp-984628;CaBO3;0.0;0.8975609750000029;42.13256708502324;3.8973665830695543;5;8.426513417004648;Cubic;Pm-3m;True
mp-984722;BeGaO3;0.0;1.0847569121666654;41.51241513065125;5.069464917544082;5;8.30248302613025;Cubic;Pm-3m;True
mp-984723;DyAlO3;2.9483000000000006;0.14174985299999854;51.11631980728927;7.714647406325498;5;10.223263961457855;Cubic;Pm-3m;True
mp-984756;CsMgO3;0.0;0.5012488930000005;79.08622793913015;4.308676651295379;5;15.817245587826031;Cubic;Pm-3m;True
mp-984745;CsSnO3;0.0;0.2758939129999982;78.07496246650327;6.372339593185195;5;15.614992493300653;Cubic;Pm-3m;True
mp-985292;AgBO3;0.0;1.039755712499999;42.26372548752631;6.548744376254605;5;8.452745097505261;Cubic;Pm-3m;True
mp-985545;CoTeO3;0.0;0.7135155664999999;53.98362278600855;7.214198013897386;5;10.79672455720171;Cubic;Pm-3m;True
mp-995191;BaTiO3;0.0;1.806655541999998;85.45832403722468;4.531153202802521;5;17.091664807444936;Orthorhombic;Amm2;False
mp-998227;KHfO3;0.0;0.04435565124999563;72.92743889412984;6.047336449973979;5;14.585487778825968;Cubic;Pm-3m;True
mp-998363;NiBiO3;0.0;0.13874435425000264;59.39466570278917;8.825467451692358;5;11.878933140557834;Monoclinic;Cm;True
mp-998552;BaHfO3;3.5394;0.0;72.50319461578196;8.332451510149609;5;14.500638923156393;Cubic;Pm-3m;True
mp-998543;CaTcO3;0.0;0.029488819500006258;119.52833820373253;5.170101158262783;10;11.952833820373254;Trigonal;R3c;True
mp-998432;CaTcO3;0.0;0.10903994650000559;61.075122732895636;5.059126958245939;5;12.215024546579127;Monoclinic;Cm;True
mp-998525;CaTcO3;0.0;0.10895189450000586;61.07621566601265;5.059036427302992;5;12.21524313320253;Tetragonal;P4mm;True
mp-998527;NiBiO3;0.0;0.01098139225000061;113.53038155551553;9.234280406391326;10;11.353038155551554;Trigonal;R3;True
mp-998602;RbOsO3;0.0;0.0;160.14665193019954;6.7127204718260804;10;16.014665193019955;Trigonal;R-3;True
mp-998624;NaOsO3;0.0;0.009487059000000464;109.94323616993225;7.8906653761391015;10;10.994323616993224;Trigonal;R-3c;True
mp-998627;NaMoO3;0.0;0.08824383200000163;119.81613445964919;4.626929685805675;10;11.98161344596492;Trigonal;R3c;True
mp-998781;TlNiO3;0.0;0.30464419166666534;57.6729815206356;8.956568763929045;5;11.53459630412712;Monoclinic;Pm;True
mp-998845;TlNiO3;0.0;0.10238840266666571;109.31815844005023;9.45043407575618;10;10.931815844005023;Trigonal;R3c;True
mp-1001571;CaFeO3;0.0;0.0521472515000001;56.47327359803378;4.231856243130375;5;11.294654719606756;Cubic;Pm-3m;True
mp-1011260;EuFeO3;0.0;0.16293005300000019;119.22227858254996;7.1258133087418605;10;11.922227858254995;Orthorhombic;Imma;True
mp-1016820;MgSnO3;0.8352999999999993;0.6298747759999959;65.21888912494153;4.863389817508088;5;13.043777824988306;Cubic;Pm-3m;True
mp-1016840;HgOsO3;0.0;0.31646339499999776;61.847082438291004;11.781877762466774;5;12.369416487658201;Cubic;Pm-3m;True
mp-1016831;HgIrO3;0.0;0.40191207849999966;62.425585703929045;11.725548877581842;5;12.485117140785809;Cubic;Pm-3m;True
mp-1016835;CaRuO3;0.0;0.16523339750000599;60.67733082827061;5.176309678596122;5;12.135466165654123;Cubic;Pm-3m;True
mp-1016823;BaGeO3;0.0;0.23236340950000045;63.06327955363161;6.792562899578753;5;12.612655910726321;Cubic;Pm-3m;True
mp-1016854;MnCdO3;0.0;0.27990697533333453;55.42670862107124;6.451628151898654;5;11.08534172421425;Cubic;Pm-3m;True
mp-1016872;CaIrO3;0.0;0.30655283400000677;61.792674200619054;7.532249014527103;5;12.358534840123811;Cubic;Pm-3m;True
mp-1016871;ZrHgO3;0.0;0.34979274050000164;73.29755705300552;7.69836617866542;5;14.659511410601104;Cubic;Pm-3m;True
mp-1016842;TiHgO3;0.0;0.23989173000000097;60.29679039566384;8.164206395634178;5;12.059358079132767;Cubic;Pm-3m;True
mp-1016873;CaHfO3;3.6612;0.16008691400000075;67.27067539944997;6.580037838555157;5;13.454135079889994;Cubic;Pm-3m;True
mp-1016845;ZrCdO3;0.0;0.3448755890000017;71.96388740867712;5.8063394666889225;5;14.392777481735425;Cubic;Pm-3m;True
mp-1016827;MgGeO3;1.0860999999999992;0.524954720000018;51.40303697478925;4.682288451017578;5;10.280607394957851;Cubic;Pm-3m;True
mp-1016837;SnHgO3;0.0;0.33883970349999704;67.99169860966235;8.97040408632057;5;13.59833972193247;Cubic;Pm-3m;True
mp-1016821;BaSiO3;0.9473000000000003;0.5612682649999998;56.48771473314591;6.27351994587991;5;11.297542946629182;Cubic;Pm-3m;True
mp-1016825;HfMgO3;0.7745000000000002;0.5895044664999993;67.541266847953;6.165888296957356;5;13.5082533695906;Cubic;Pm-3m;True
mp-1016843;MgOsO3;0.0;0.6486560359999993;60.0879244515128;7.255145513311408;5;12.01758489030256;Cubic;Pm-3m;True
mp-1016830;MgTiO3;1.6012999999999997;0.45547797899999765;56.73341366101276;3.5172801906869773;5;11.346682732202552;Cubic;Pm-3m;True
mp-1016826;MgIrO3;0.0;0.7838253469999996;60.29937371610635;7.284422698758588;5;12.05987474322127;Cubic;Pm-3m;True
mp-1016833;CaRhO3;0.0;0.2573324759999993;61.82709777288515;5.129345961922866;5;12.36541955457703;Cubic;Pm-3m;True
mp-1016836;ZnOsO3;0.0;0.5631337199999988;59.17670270509917;8.520269131757985;5;11.835340541019834;Cubic;Pm-3m;True
mp-1016850;BaRhO3;0.0;0.09833617129629513;68.64174366791524;6.972700759579876;5;13.728348733583047;Cubic;Pm-3m;True
mp-1016852;BaMnO3;0.0;0.13373945366666717;65.61237804092859;6.080659123483146;5;13.122475608185718;Cubic;Pm-3m;True
mp-1016828;CdIrO3;0.0;0.46319841499999903;61.77813947332076;9.478265075912013;5;12.355627894664153;Cubic;Pm-3m;True
mp-1016829;MgRuO3;0.0;0.6339806870000002;58.5623184227951;4.916010497146231;5;11.71246368455902;Cubic;Pm-3m;True
mp-1016849;CdRuO3;0.0;0.33393210100000026;60.61615746211363;7.163047700298857;5;12.123231492422725;Cubic;Pm-3m;True
mp-1016819;HfZnO3;0.0;0.6870288145000023;67.7504521495989;7.154294758625084;5;13.55009042991978;Cubic;Pm-3m;True
mp-1016841;HfHgO3;0.0;0.2990511580000028;70.07409939156388;10.120430269410022;5;14.014819878312775;Cubic;Pm-3m;True
mp-1016848;SrIrO3;0.0;0.1417542979999986;63.90634971621028;8.518451768637245;5;12.781269943242055;Cubic;Pm-3m;True
mp-1016851;HgRuO3;0.0;0.3014727525000014;61.36490393041002;9.46177806334852;5;12.272980786082005;Cubic;Pm-3m;True
mp-1016853;CaVO3;0.0;0.10623166291070874;56.19975561423256;4.107568077447985;5;11.239951122846511;Cubic;Pm-3m;True
mp-1016846;TiCdO3;0.0;0.19823604300000053;58.726787929889916;5.889148366825107;5;11.745357585977983;Cubic;Pm-3m;True
mp-1016881;CdSnO3;0.0;0.3463072180000024;66.7948768517519;6.938980328003086;5;13.358975370350379;Cubic;Pm-3m;True
mp-1016903;CdGeO3;0.10220000000000073;0.32436161274999886;54.11695667257225;7.150943537382712;5;10.82339133451445;Cubic;Pm-3m;True
mp-1016884;CaGeO3;0.5017000000000005;0.17077200133333292;54.1490255087543;4.928537985696798;5;10.82980510175086;Cubic;Pm-3m;True
mp-1016929;MgRhO3;0.0;0.7168978250000002;59.32881099084245;4.903871941906791;5;11.86576219816849;Cubic;Pm-3m;True
mp-1016904;VCdO3;0.0;0.285856829000001;56.628589540333415;6.197507256358971;5;11.325717908066682;Cubic;Pm-3m;True
mp-1016882;CdOsO3;0.0;0.35957308519999476;61.29977114342224;9.498405619371251;5;12.259954228684448;Cubic;Pm-3m;True
mp-1016875;CdRhO3;0.0;0.42410388500000007;61.70418835153962;7.086137237230819;5;12.340837670307923;Cubic;Pm-3m;True
mp-1016880;ZnRhO3;0.0;0.7624100169999997;58.92249507561895;6.096070592268585;5;11.784499015123789;Cubic;Pm-3m;True
mp-1016926;ZnIrO3;0.0;0.7629442669999991;59.639716349152586;8.509445644179875;5;11.927943269830518;Cubic;Pm-3m;True
mp-1016927;TiZnO3;0.0;0.5371176765000021;56.759817119617246;4.718163720373588;5;11.351963423923449;Cubic;Pm-3m;True
mp-1016932;MnZnO3;0.0;0.5611729100000007;52.26198479368501;5.3488947557764295;5;10.452396958737001;Cubic;Pm-3m;True
mp-1017000;MgZrO3;0.6316999999999999;0.667561955;70.61532784659279;3.8453875767737666;5;14.123065569318559;Cubic;Pm-3m;True
mp-1016879;CdSiO3;0.6505999999999998;0.37450626650000185;47.43478301350349;6.598592715081054;5;9.486956602700698;Cubic;Pm-3m;True
mp-1016930;ZnGeO3;0.0;0.6149733300000015;51.560302230755426;5.991792733885349;5;10.312060446151085;Cubic;Pm-3m;True
mp-1016883;ZrZnO3;0.0;0.7579720910000018;71.11550484229129;4.778115589188781;5;14.223100968458258;Cubic;Pm-3m;True
mp-1016876;ZnSiO3;0.0;0.5805138331666688;44.4463555048899;5.286241214785938;5;8.88927110097798;Cubic;Pm-3m;True
mp-1016886;MgVO3;0.0;0.5105881479999992;53.97676689030422;3.7914949556581568;5;10.795353378060843;Cubic;Pm-3m;True
mp-1016928;MgSiO3;2.557100000000001;0.4672552331666662;43.8830602686278;3.798717714937107;5;8.776612053725561;Cubic;Pm-3m;True
mp-1016874;SiHgO3;0.0;0.4976730558333351;49.22213362928917;9.333758094534799;5;9.844426725857833;Cubic;Pm-3m;True
mp-1016877;HgRhO3;0.0;0.40934945250000077;62.604160522924644;9.323166646656261;5;12.52083210458493;Cubic;Pm-3m;True
mp-1016902;ZnSnO3;0.0;0.7129046939999997;65.39671100186958;5.893869481559987;5;13.079342200373915;Cubic;Pm-3m;True
mp-1016931;VZnO3;0.0;0.5494903799999973;54.02571356190828;5.051436053009955;5;10.805142712381656;Cubic;Pm-3m;True
mp-1016938;VHgO3;0.0;0.29113788337500157;57.7087725860362;8.618806931136119;5;11.54175451720724;Cubic;Pm-3m;True
mp-1016999;SrGeO3;0.0;0.15004416933333342;57.36998463477624;6.0279060509513736;5;11.473996926955248;Cubic;Pm-3m;False
mp-1016900;CaOsO3;0.0;0.2566206755999909;61.7311750736624;7.486303600590854;5;12.34623501473248;Cubic;Pm-3m;True
mp-1017465;BaVO3;0.0;0.11491591899997733;63.16295592953194;6.211395275301964;5;12.632591185906389;Cubic;Pm-3m;False
mp-1017439;SrSiO3;2.3830999999999998;0.32427592999999977;50.607918520880645;5.3714200765755695;5;10.121583704176128;Cubic;Pm-3m;False
mp-1017441;SrRhO3;0.0;0.09264819174999595;64.21547336522843;6.167951460244512;5;12.843094673045687;Cubic;Pm-3m;True
mp-1017447;HgGeO3;0.0;0.37525415250000105;55.756540033335796;9.5668055410169;5;11.15130800666716;Cubic;Pm-3m;True
mp-1017446;HfCdO3;0.0;0.28032800450000295;68.82568084657431;8.176531711763559;5;13.765136169314863;Cubic;Pm-3m;True
mp-1017466;SrMnO3;0.0;0.04924734949999987;231.64938296111515;5.463879689285541;20;11.582469148055758;Cubic;Pm-3m;False
mp-1017467;CaMnO3;0.0;0.1165496273333364;54.946370694131424;4.322045992019651;5;10.989274138826286;Cubic;Pm-3m;True
mp-1017591;BaRuO3;0.0;0.06870543149999975;67.1049654561984;7.0869631705805345;5;13.42099309123968;Cubic;Pm-3m;True
mp-1017566;GePbO3;0.0;0.2177559430000091;58.79294308872988;9.25941296326707;5;11.758588617745975;Cubic;Pm-3m;False
mp-1018639;TiSnO3;1.0452000000000004;0.16012544750000224;61.66409761506848;5.778248877418962;5;12.332819523013695;Cubic;Pm-3m;True
mp-1019544;BaZrO3;3.1163;0.0;149.38125101812372;6.148305064373248;10;14.938125101812371;Tetragonal;I4/mcm;False
mp-1019598;CeGaO3;0.0;0.1274276730999997;241.53359368034126;7.090504264803432;20;12.076679684017062;Orthorhombic;Pnma;True
mp-1020117;MgSiO3;4.5412;0.011153507416666208;891.1783782826484;2.992879764418492;80;11.139729728533105;Monoclinic;Pc;True
mp-1020115;MgSiO3;4.535;0.012783414166666063;880.8185370473699;3.0280808392046668;80;11.010231713092123;Monoclinic;Pc;True
mp-1020124;MgSiO3;4.642100000000001;0.010191609166666282;874.8657585325333;3.0486845654163788;80;10.935821981656666;Monoclinic;P2_1/c;True
mp-1020123;MgSiO3;4.411099999999999;0.020657474666666786;873.6374877360022;3.0529707942837323;80;10.920468596700028;Monoclinic;P2/c;True
mp-1020125;MgSiO3;4.5929;0.01116162841666668;889.7182633334282;2.997791373705766;80;11.121478291667852;Orthorhombic;Pca2_1;True
mp-1020118;MgSiO3;4.5556;0.018486247291665592;851.1953505444209;3.1334637027134886;80;10.63994188180526;Orthorhombic;Pca2_1;True
mp-1020193;KNO3;2.8988;0.013152605000001039;315.28320785126255;2.129968351147125;20;15.764160392563127;Monoclinic;P2_1/c;True
mp-1020361;MgSiO3;4.5708;0.010514179916667032;887.8358053691328;3.0041475222330067;80;11.09794756711416;Monoclinic;P2/c;True
mp-1020623;ZnSiO3;3.5938;0.14975932916666945;93.45862085830957;5.027982526581156;10;9.345862085830957;Trigonal;R-3;True
mp-1020622;SrZrO3;3.1680999999999995;0.017242587000000142;139.96387922066543;5.3825363754871995;10;13.996387922066543;Tetragonal;P4/mbm;True
mp-1020631;ZnGeO3;1.3848999999999996;0.13119376600000088;99.33942065803808;6.219859995492636;10;9.933942065803809;Trigonal;R3c;True
mp-1021667;IClO3;0.0;0.6714004176764705;71.05686828778931;4.915834553658036;5;14.211373657557862;Cubic;Pm-3m;True
mp-1040464;NaOsO3;0.0;0.03505463649999996;58.26098792489951;7.445164576551974;5;11.652197584979902;Cubic;Pm-3m;True
mp-1040471;NaMoO3;0.0;0.09633984900000137;61.57755902520197;4.501484291890675;5;12.315511805040394;Cubic;Pm-3m;True
mp-1040472;KWO3;0.0;0.0676837248333344;64.82668610173054;6.940053093882174;5;12.96533722034611;Cubic;Pm-3m;True
mp-1040469;KMoO3;0.0;0.10687497300000004;64.23163890078015;4.731924398782293;5;12.846327780156031;Cubic;Pm-3m;True
mp-1040467;RbOsO3;0.0;0.09055916899999783;62.76469020489101;8.563889229731943;5;12.552938040978201;Cubic;Pm-3m;True
mp-1045305;CaMoO3;1.0948000000000002;0.009694809500002677;251.89585819007442;4.852260638340845;20;12.59479290950372;Triclinic;P-1;True
mp-1046804;AlWO3;0.8598999999999997;0.28585166324999634;251.26224282870476;6.841939846027079;20;12.563112141435237;Orthorhombic;Pnma;True
mp-1068320;CsSO3;0.43860000000000005;0.18743076050000163;119.75336236777552;2.953092589159195;5;23.950672473555105;Trigonal;R3m;False
mp-1068577;ZrPbO3;2.2842;0.08222417481250233;74.56174053380131;7.7150505517027055;5;14.912348106760263;Cubic;Pm-3m;False
mp-1069079;FeBiO3;1.4269999999999996;0.026811494000001268;137.34875639029534;7.5640409586832735;10;13.734875639029534;Tetragonal;P4mm;True
mp-1068742;SrZrO3;3.2567;0.048340725500001014;74.58215804793349;5.0505421864794275;5;14.916431609586699;Tetragonal;P4mm;True
mp-1069346;PrVO3;0.0;0.21204193449999842;60.972474715206346;6.532060525872019;5;12.194494943041269;Cubic;Pm-3m;False
mp-1070440;VPbO3;0.0;0.12451647231250718;60.81770785843361;8.358699304826795;5;12.163541571686721;Cubic;Pm-3m;False
mp-1070665;NClO3;0.0;1.411749977000019;103.60083975173725;1.5620785595242697;5;20.720167950347452;Trigonal;R3m;False
mp-1075921;LaNiO3;0.0;0.035858060499998956;57.378419163664574;7.107611814539814;5;11.475683832732916;Cubic;Pm-3m;True
mp-1075902;EuCuO3;0.0;0.17085285562499486;56.00318956067427;7.813227505671317;5;11.200637912134855;Cubic;Pm-3m;True
mp-1075911;RbNbO3;1.3578000000000001;0.08273654200000102;68.86332417595558;5.458641237735284;5;13.772664835191117;Cubic;Pm-3m;True
mp-1075904;EuFeO3;0.0;0.21751092899999946;57.74869900077947;7.3556263095260155;5;11.549739800155894;Cubic;Pm-3m;True
mp-1075933;SmAgO3;0.0;0.423685473958332;67.36633132962034;7.548294394222717;5;13.473266265924067;Cubic;Pm-3m;True
mp-1076000;LaAgO3;0.0;0.23923105008333145;69.34770852603963;7.058347232480082;5;13.869541705207926;Cubic;Pm-3m;True
mp-1075973;SmMnO3;0.0;0.19960383999999998;59.09464695105582;7.1175365711482135;5;11.818929390211164;Cubic;Pm-3m;True
mp-1076070;LaCuO3;0.0;0.02422109399999961;58.03562468331231;7.165968559871549;5;11.607124936662462;Cubic;Pm-3m;True
mp-1075975;EuCoO3;0.0;0.28176747321428586;53.58753660007628;8.022498241883424;5;10.717507320015255;Cubic;Pm-3m;True
mp-1076317;MgCuO3;0.0;0.49833060700000065;51.9444260137228;4.342774025877806;5;10.388885202744559;Cubic;Pm-3m;True
mp-1076368;MgFeO3;0.0;0.459468911000001;53.40651528572358;3.9844406918018387;5;10.681303057144715;Cubic;Pm-3m;True
mp-1076360;RbCrO3;0.0;0.5080168427500036;61.486287631130566;5.008711287002857;5;12.297257526226113;Cubic;Pm-3m;True
mp-1076534;RbTaO3;2.0076;0.05666227350001485;67.47978870917987;7.737080117438172;5;13.495957741835975;Cubic;Pm-3m;True
mp-1076638;RbVO3;0.25249999999999995;0.3573935849999996;60.014684858942445;5.1023488513118025;5;12.00293697178849;Cubic;Pm-3m;True
mp-1076633;KVO3;0.21670000000000034;0.21691129050000058;57.204585275290995;4.006977603150062;5;11.440917055058199;Cubic;Pm-3m;True
mp-1076642;NaCrO3;0.0;0.2964467783333342;52.65299502293593;3.878598962988613;5;10.530599004587186;Cubic;Pm-3m;True
mp-1076706;SmCuO3;0.0;0.12438620849999982;55.266503874215694;7.869181618653804;5;11.053300774843139;Cubic;Pm-3m;True
mp-1076711;SrCuO3;0.0;0.008427793812506579;56.55239894415372;5.848026633791205;5;11.310479788830744;Cubic;Pm-3m;True
mp-1076732;KCrO3;0.0;0.39067048677777816;57.72427493335193;4.001240323318689;5;11.544854986670385;Cubic;Pm-3m;True
mp-1076782;BaCoO3;0.0;0.22222526900000084;63.120523575171546;6.425811841154252;5;12.62410471503431;Cubic;Pm-3m;True
mp-1076800;BaCuO3;0.0;0.08273291958333484;64.17733153205626;6.439350793552104;5;12.835466306411252;Cubic;Pm-3m;True
mp-1076820;MgCoO3;0.0;0.5514157765000007;48.94265017651288;4.452622822339452;5;9.788530035302575;Cubic;Pm-3m;True
mp-1076932;BaTiO3;0.0;0.9790563579999993;125.85628830095348;3.0767215837595354;5;25.171257660190697;Orthorhombic;Amm2;False
mp-1077622;EuAgO3;0.0;0.4032652868333333;68.38646826734634;7.474642553596314;5;13.677293653469269;Cubic;Pm-3m;True
mp-1078188;LiOsO3;0.0;0.008333421000000563;99.41236306148032;8.19039046167904;10;9.941236306148031;Trigonal;R-3c;False
mp-1078259;GaBO3;3.8638999999999997;0.003771963166665948;85.93315290339086;4.967413216042193;10;8.593315290339087;Trigonal;R-3c;False
mp-1078295;NaNbO3;3.8377;0.003141929999998183;129.43938864437823;4.205102836237484;10;12.943938864437822;Trigonal;R-3;False
mp-1078341;EuNbO3;0.0;0.0;131.97665110991449;7.369784201359972;10;13.197665110991448;Orthorhombic;Imma;False
mp-1078358;LiOsO3;0.0;0.0;98.51533001061097;8.26496820448171;10;9.851533001061096;Trigonal;R3c;False
mp-1078377;LiNbO3;3.684152136076594;0.020706871000003346;117.21291827347063;4.18901543231525;10;11.721291827347063;Trigonal;R-3;False
mp-1078329;ZnPbO3;0.0;0.022545057999999507;128.45820493772405;8.288778153721575;10;12.845820493772404;Trigonal;R3c;False
mp-1078398;CeAsO3;0.060900000000000176;0.15253630916666872;140.19995683687966;6.230832480680647;10;14.019995683687966;Monoclinic;P2_1/m;False
mp-1078473;MnCO3;3.0808999999999997;0.030299367000004906;223.19762703076924;3.4207154540972824;20;11.159881351538463;Triclinic;P-1;False
mp-1078458;CrFeO3;0.0;0.009988677999995588;100.51694794704083;5.148927646698663;10;10.051694794704083;Trigonal;R-3;False
mp-1078470;TiZnO3;2.828;0.05537411550000204;106.48434781971152;5.029886840500411;10;10.648434781971151;Trigonal;R3c;False
mp-1078634;LaFeO3;1.9508999999999999;0.0;115.45061726760383;6.982962239674032;10;11.545061726760384;Trigonal;R-3c;False
mp-1078670;EuHO3;0.0;0.3716673682499998;115.10281361410436;5.798620531990697;10;11.510281361410437;Monoclinic;P2_1/m;True
mp-1078668;NiPbO3;0.0;0.0;117.63280280756855;8.861971367943513;10;11.763280280756856;Trigonal;R3c;True
mp-1078659;CaRhO3;0.0;0.0;111.34209089405522;5.696544258370686;10;11.134209089405521;Orthorhombic;Cmcm;False
mp-1078716;SrMoO3;0.0;0.009092676000003408;126.32524882412754;6.08764188328044;10;12.632524882412755;Orthorhombic;Imma;False
mp-1078871;LaGaO3;3.3682000000000007;0.038595358142853975;121.69108631106907;7.003612582971547;10;12.169108631106907;Trigonal;R3c;False
mp-1079050;LaAsO3;2.6929999999999996;0.0;141.51370411239242;6.1445793224411025;10;14.151370411239242;Monoclinic;P2_1/m;False
mp-1079054;CaIrO3;0.0;0.3233362720000068;128.73544915681154;7.23091910427347;10;12.873544915681155;Orthorhombic;Cmcm;False
mp-1079111;EuTiO3;0.0;0.0;118.31253652456535;6.956660403164325;10;11.831253652456535;Tetragonal;I4/mcm;False
mp-1079334;SrTcO3;0.0;0.055315276000001745;125.55473589302032;6.17949049156228;10;12.555473589302032;Orthorhombic;Imma;False
mp-1079330;MgVO3;0.0;0.18472074199999877;145.497817784871;2.8131368910277175;10;14.549781778487098;Orthorhombic;Cmc2_1;False
mp-1079352;SrRuO3;0.0;0.04300793900000155;124.54563470890515;6.31142157926228;10;12.454563470890516;Orthorhombic;Cmcm;True
mp-1079568;NaIrO3;0.0;0.0;111.77425064239515;7.820444013024836;10;11.177425064239515;Orthorhombic;Cmcm;False
mp-1079918;CaCO3;4.8573;0.006686684000004384;120.15381547293791;2.766424138641219;10;12.01538154729379;Triclinic;P-1;False
mp-1080068;CuCO3;0.0;0.1293203760000008;141.79916399797747;2.8937792413138634;10;14.179916399797747;Monoclinic;P2_1;True
mp-1080058;KIO3;2.8548;0.0014049004999998616;175.49877238480562;4.049680423890451;10;17.549877238480562;Trigonal;R3c;False
mp-1080052;LiIO3;0.0;0.8675189934999992;99.65345359511932;6.060171676490389;10;9.965345359511932;Hexagonal;P6_3/mmc;False
mp-1080060;LaAlO3;3.7121000000000004;0.0;108.7846540054093;6.529684694805269;10;10.878465400540929;Orthorhombic;Imma;True
mp-1080080;LaAlO3;3.5192999999999994;0.0003989990000015098;108.66760027192305;6.536718290560604;10;10.866760027192305;Tetragonal;I4/mcm;True
mp-1080184;LaIO3;0.7893000000000008;0.07296725933333281;196.10727813149074;5.314343063450438;10;19.610727813149076;Monoclinic;C2/m;False
mp-1080187;MnHgO3;0.0;0.30272734433333515;58.70689215358241;8.585315450637895;5;11.741378430716482;Cubic;Pm-3m;True
mp-1080575;SrZrO3;3.4652;0.004592438999999615;139.44806583680602;5.402446184095341;10;13.944806583680602;Orthorhombic;Imma;True
mp-1080782;BaClO3;0.0;0.9151125054999998;186.35911971052624;3.934455445328292;10;18.635911971052625;Tetragonal;P4/nmm;False
mp-1084760;CaBO3;0.3587;0.10091963800000325;133.29544697205682;2.4637909658013877;10;13.329544697205682;Monoclinic;P2_1/m;False
mp-1094009;YAgO3;0.0;0.6336161807083318;86.74504699043106;4.685614893462328;5;17.349009398086213;Cubic;Pm-3m;True
mp-1094130;LiNO3;0.0;2.160649705999999;49.39928035651954;2.3175916686555893;5;9.879856071303909;Trigonal;R-3m;False
mp-1096800;LaScO3;2.8177000000000003;0.20408182299999922;67.8627929880572;5.673387101562655;5;13.572558597611438;Cubic;Pm-3m;True
mp-1096944;CsNbO3;1.2761999999999998;0.2512933467499989;72.55966476353424;6.2661846208071585;5;14.511932952706848;Cubic;Pm-3m;True
mp-1097026;LaGaO3;3.365900000000001;0.09632406714285402;59.93511816444752;7.109998690460878;5;11.987023632889505;Cubic;Pm-3m;False
mp-1097023;KFeO3;0.5258095657221143;0.16545404883333514;380.6895919360882;2.4939998397421603;20;19.03447959680441;Orthorhombic;Pnma;True
mp-1097917;TlNiO3;0.0;0.36598083166666573;54.43417050466772;9.489480964279371;5;10.886834100933545;Monoclinic;Cm;True
mp-1099619;EuMnO3;0.0;0.1256707706874991;58.274424527282676;7.263423344517356;5;11.654884905456536;Cubic;Pm-3m;True
mp-1099591;NaVO3;0.21679999999999966;0.1419200870000008;53.745207954482915;3.76719441784638;5;10.749041590896583;Cubic;Pm-3m;True
mp-1099588;SmFeO3;0.7234999999999996;0.2223701854999991;59.73708222101029;7.066202923717983;5;11.947416444202059;Cubic;Pm-3m;True
mp-1099583;SmTiO3;0.0;0.19623799524998375;59.95041928908818;6.820078478201071;5;11.990083857817636;Cubic;Pm-3m;True
mp-1099668;SmNiO3;0.0;0.12265020300000096;52.316773930654946;8.158840701725444;5;10.463354786130989;Cubic;Pm-3m;True
mp-1099873;CaCuO3;0.0;0.16260242275000092;55.02966228172412;4.575252261710113;5;11.005932456344825;Cubic;Pm-3m;True
mp-1099934;CaCoO3;0.0;0.16033285666666774;53.30553410603655;4.579540342100199;5;10.66110682120731;Cubic;Pm-3m;True
mp-1100777;VTeO3;0.0;0.6161638888333352;60.636667488791325;6.203804366078535;5;12.127333497758265;Cubic;Pm-3m;True
mp-1100775;SrEuO3;0.0;0.32016034999998055;84.23687860562264;5.669031029291845;5;16.84737572112453;Cubic;Pm-3m;True
mp-1100778;ZnCuO3;0.0;0.6078424414999999;52.11003339679049;5.638793200015723;5;10.422006679358098;Cubic;Pm-3m;True
mp-1100803;ZrPbO3;2.6290999999999998;0.03642104781250133;305.71855243585884;7.526499034590417;20;15.285927621792942;Monoclinic;Pm;True
mp-1100876;YBO3;4.4;0.07649623866666744;123.10561187227881;3.9849785539745217;10;12.310561187227881;Orthorhombic;Ama2;True
mp-1100874;YBO3;4.7951999999999995;0.036316580666667875;248.2914312338085;3.9515920525101365;20;12.414571561690426;Orthorhombic;Pnma;True
mp-1100926;VAgO3;1.7207;0.08752657900002436;609.6622395004396;4.506266919108449;40;15.241555987510989;Triclinic;P-1;True
mp-1101047;TiCdO3;0.0;1.1145351800000007;277.93610284000755;2.4887070351222613;10;27.793610284000756;Triclinic;P1;True
mp-1101165;YbBiO3;0.0;0.03529138749999916;149.15223542945733;9.57495117128168;10;14.915223542945734;Trigonal;R3c;True
mp-1101170;YLuO3;4.7425999999999995;0.07608447049999789;271.33809018975455;7.63437322976569;20;13.566904509487728;Orthorhombic;Pnma;True
mp-1101265;TmAlO3;3.5534000000000003;0.07630096770000172;116.83322033894945;6.93344991997653;10;11.683322033894944;Hexagonal;P6_3/mmc;True
mp-1101269;TmGaO3;2.4668;0.02828857560000131;123.77303604118883;7.6915380416761865;10;12.377303604118882;Hexagonal;P6_3/mmc;True
mp-1101263;TmInO3;2.5258999999999996;0.0863472772499998;261.98237593932004;8.411016427499279;20;13.099118796966001;Orthorhombic;Pnma;True
mp-1101279;TmTlO3;0.7359999999999998;0.08849144224999872;284.70342348098484;9.829333110938093;20;14.235171174049242;Orthorhombic;Pnma;True
mp-1101339;TbGaO3;3.7138;0.10628467008333331;113.79690708023502;8.073723905923602;10;11.379690708023501;Trigonal;R-3c;True
mp-1101333;SrNdO3;0.0;0.358035681749997;90.91035675028431;5.111835576800895;5;18.182071350056862;Cubic;Pm-3m;True
mp-1101375;ScTiO3;0.0;0.06920200787500086;113.47907294930623;4.121270153647101;10;11.347907294930623;Trigonal;R-3;True
mp-1101371;SmLuO3;4.7782;0.03954540424999742;281.82743897260025;8.798590829513124;20;14.091371948630012;Orthorhombic;Pnma;True
mp-1101383;ScBiO3;2.1479;0.07358531587500128;141.88024260616115;7.067566903209148;10;14.188024260616114;Trigonal;R-3;True
mp-1101394;SnGeO3;2.5993999999999997;0.14274846199999924;157.20695864987835;5.05635425542259;10;15.720695864987835;Trigonal;R-3;True
mp-1101421;SrNiO3;0.0;0.047980611499993664;236.18963103060793;5.464456706866042;20;11.809481551530396;Orthorhombic;Pnma;True
mp-1101462;NbTlO3;0.946658554294193;0.001371141249995489;621.9806468162132;7.374686240795293;40;15.54951617040533;Monoclinic;Cc;True
mp-1101657;NaVO3;3.2243;0.04287294550000098;316.5071104649094;2.5587879791353787;20;15.825355523245468;Monoclinic;C2/c;True
mp-1101702;NdZrO3;0.0;0.19998182252498964;572.5350578135857;6.577111704393285;40;14.313376445339642;Orthorhombic;Pbam;True
mp-1101715;VCrO3;0.0;0.009702037625004323;198.9706380935201;5.03862871829143;20;9.948531904676006;Triclinic;P-1;True
mp-1101720;SnPbO3;1.3568999999999996;0.076258078499996;564.9412064548399;8.7922660580672;40;14.123530161370997;Orthorhombic;Pbam;True
mp-1105130;PrInO3;3.3853;0.0053963183749994315;277.68087306341386;7.2651070781187075;20;13.884043653170693;Orthorhombic;Pnma;False
mp-1105160;SrIrO3;0.0;0.027674405999999152;254.9461238569644;8.541148216438447;20;12.74730619284822;Orthorhombic;Pnma;False
mp-1105167;VCuO3;0.0;0.1533666465000021;196.87983138529862;5.481797725898741;20;9.843991569264931;Cubic;Im-3;False
mp-1105153;SrOsO3;0.0;0.06107738531818274;251.60559242284313;8.602092845820753;20;12.580279621142157;Orthorhombic;Pnma;False
mp-1105216;LiTaO3;3.7436;0.14810256400000732;145.72326093272562;5.375939430483771;10;14.572326093272562;Orthorhombic;Cmcm;True
mp-1105218;NaOsO3;0.0;0.0;216.535872538876;8.012762752102576;20;10.8267936269438;Orthorhombic;Pnma;False
mp-1105278;KAsO3;4.0527;0.010709009749998444;351.1743477497046;3.06443094885667;20;17.55871738748523;Orthorhombic;P2_12_12_1;False
mp-1105271;MnBiO3;0.0;0.02567542159999814;249.33978286772782;8.309139749972703;20;12.46698914338639;Orthorhombic;Pnma;False
mp-1105280;LiTaO3;2.473881498419561;0.110454011500007;214.7308672182759;7.296570209354971;20;10.736543360913796;Orthorhombic;Pnma;False
mp-1105326;LiTaO3;3.4733105371524884;0.2546535015000071;270.2037363208662;5.798583210238294;20;13.51018681604331;Orthorhombic;Pnma;False
mp-1105306;TlCrO3;0.4300999999999995;0.039864296500002006;233.87374183496345;8.64450865733818;20;11.693687091748172;Orthorhombic;Pnma;False
mp-1105365;KNO3;3.1418;0.046365758500000354;342.9553556651237;1.9581069176451456;20;17.147767783256185;Monoclinic;P2_1/c;True
mp-1105437;SmFeO3;0.12639999999999985;0.3348317365;323.95864237366874;5.211953500627385;20;16.197932118683436;Orthorhombic;Pnma;False
mp-1105697;PbCO3;3.3642;0.001962893500000895;283.00825906007117;6.271347973897192;20;14.150412953003558;Monoclinic;P2_1/c;False
mp-1105718;NiBiO3;0.0;0.02071887525000271;244.8404323740434;8.56371121193438;20;12.24202161870217;Triclinic;P-1;False
mp-1105765;NaNbO3;1.865;0.025218161999998046;246.90213602096873;4.409082473576449;20;12.345106801048436;Orthorhombic;Pnma;False
mp-1105788;SmCrO3;2.4786;0.0;227.25277373957564;7.317368925908443;20;11.362638686978782;Orthorhombic;Pnma;False
mp-1105811;ScMnO3;1.7893999999999997;0.04997392056249872;218.73503434359637;4.490925844089227;20;10.936751717179819;Monoclinic;P2_1/c;False
mp-1105819;InRhO3;0.32230000000000025;0.07391750474999537;231.0110061819039;7.640177350898943;20;11.550550309095195;Orthorhombic;Pnma;False
mp-1105822;PrCrO3;2.0419;0.0;234.03185092916053;6.837139443469976;20;11.701592546458027;Orthorhombic;Pnma;False
mp-1105868;KCO3;0.09540000000000015;0.01183444499999986;323.2987632266502;2.0361522694213914;20;16.164938161332508;Monoclinic;P2_1/c;False
mp-1105866;LuNiO3;0.09949999999999992;0.01629535729166598;209.4798371692059;8.930790012396754;20;10.473991858460295;Monoclinic;P2_1/c;False
mp-1106094;KCO3;0.8728999999999998;0.0;350.45565477951186;1.878370348622941;20;17.522782738975593;Monoclinic;P2_1/c;False
mp-1106201;MnGeO3;1.0952000000000002;0.012176887999999053;236.28735002760635;4.935536572105221;20;11.814367501380318;Monoclinic;C2/c;False
mp-1106224;MnVO3;0.31570000000000054;0.04175266650000431;209.74885247726263;4.872875429676227;20;10.487442623863132;Orthorhombic;Pnma;False
mp-1106239;MnBiO3;0.09580000000000055;0.02990011609999854;257.3938245834839;8.049140667723467;20;12.869691229174194;Monoclinic;Cc;False
mp-1106215;TiPbO3;2.7420000000000004;0.005552316500001098;294.1999112684277;6.842308046393491;20;14.709995563421383;Tetragonal;I4/m;False
mp-1106293;EuZrO3;0.5096999999999996;0.0;274.21787904044083;7.053166090006025;20;13.710893952022042;Orthorhombic;Pnma;False
mp-1106304;TmNiO3;0.0;0.006301209416665898;211.52687155397024;8.654927339403185;20;10.576343577698513;Monoclinic;P2_1/c;False
mp-1106337;MnPbO3;0.0;0.07699994788465592;308.609254869293;6.675021482797239;20;15.43046274346465;Monoclinic;P2/c;False
mp-1120755;NaCO3;0.6623;0.0;123.79553348782787;2.2266155995258345;10;12.379553348782787;Trigonal;R-3c;True
mp-1120765;BaNiO3;0.0;0.12427227400000085;65.48415898349904;6.187792973645219;5;13.096831796699808;Cubic;Pm-3m;True
mp-1120793;LiMnO3;0.0;0.18392001396665947;183.1548558590623;3.984725542809396;20;9.157742792953115;Orthorhombic;Pnma;True
mp-1147577;GdCrO3;0.7847;0.23466173249999933;58.03863768944233;7.359997191744586;5;11.607727537888467;Cubic;Pm-3m;True
mp-1147748;TiCuO3;0.0;0.25324673850000323;60.86474174556893;4.349127557789911;5;12.172948349113785;Tetragonal;P4/mmm;True
mp-1172857;MnSiO3;0.0;0.017926196666669725;456.7632794800455;3.8105817385012166;40;11.419081987001139;Monoclinic;P2_1/c;False
mp-1173150;SrNbO3;0.0;0.009586572428561979;267.1054530886573;5.6827592085524286;20;13.355272654432866;Tetragonal;P4/mbm;True
mp-1173151;SrSiO3;0.05140000000000011;0.9030404455000003;368.42290552265007;2.9513516722433732;20;18.421145276132503;Monoclinic;Pc;True
mp-1173386;NdCuO3;0.3192000000000004;0.0;242.82958559708263;6.99656061012835;20;12.141479279854131;Orthorhombic;Pnma;True
mp-1173486;SmBO3;4.6744;0.036507844000000844;258.812987764772;5.368101989231286;20;12.940649388238601;Orthorhombic;Pnma;True
mp-1173585;NaNO3;2.7742;0.012939741000000282;268.85574931156384;2.099817011178254;20;13.442787465578192;Triclinic;P1;True
mp-1176435;MnGaO3;1.2823000000000002;0.08074590918749891;109.68179486463097;5.227985597547592;10;10.968179486463097;Hexagonal;P6_3/mmc;True
mp-1176417;MnTeO3;3.0072;0.03444707183332696;269.1702663497081;5.68880726413158;20;13.458513317485403;Orthorhombic;Pnma;True
mp-1176440;MnCuO3;0.0;0.04390752036111234;100.47714229378938;5.502749496909189;10;10.047714229378938;Trigonal;R-3;True
mp-1176491;MgSnO3;3.5237000000000003;0.0035946489999947318;113.11787770386657;5.608041588435631;10;11.311787770386657;Trigonal;R-3;True
mp-1176501;LuBiO3;3.1586000000000003;0.027742273624999925;151.4912945230261;9.469356595128565;10;15.149129452302612;Trigonal;R3c;True
mp-1176521;LiVO3;1.9504000000000001;0.08275927200000943;104.89827015989523;3.3521818563184853;10;10.489827015989523;Monoclinic;C2/m;True
mp-1178178;HoTmO3;4.504248901634548;0.09600759112499979;274.6226952689403;9.235915210991164;20;13.731134763447013;Orthorhombic;Pnma;True
mp-1178162;HoBiO3;3.1343;0.03165500087500206;157.65844353190255;8.887519494559456;10;15.765844353190255;Trigonal;R3c;True
mp-1178214;FeSnO3;0.989703830709586;0.03518453450000081;233.75152028372537;6.32395088707188;20;11.687576014186268;Orthorhombic;Pnma;True
mp-1178219;HfNiO3;2.7983000000000002;0.09684328850000234;216.25322779642678;8.75927158845285;20;10.81266138982134;Monoclinic;P2_1/c;True
mp-1178212;FeSnO3;0.8620000000000001;0.0;235.9626720863631;6.2646906011965635;20;11.798133604318156;Triclinic;P-1;True
mp-1178268;GdAlO3;1.8884999999999996;0.08511760940000279;52.11781860191401;7.399130743668861;5;10.423563720382802;Cubic;Pm-3m;True
mp-1178346;EuTmO3;0.0;0.2335132622499998;287.91151356357466;8.510488428995288;20;14.395575678178734;Orthorhombic;Pnma;True
mp-1178368;CuAsO3;0.0;0.07844775850000296;142.25676785804905;4.353167172002543;10;14.225676785804904;Orthorhombic;Pmma;True
mp-1178354;EuZrO3;0.4662999999999995;0.08439294925001128;585.7820910571171;6.603493945098519;40;14.644552276427927;Cubic;P2_13;True
mp-1178360;DyInO3;2.6229999999999998;0.06403290699999964;265.3557805952959;8.143033607795747;20;13.267789029764796;Orthorhombic;Pnma;True
mp-1178351;EuVO3;0.0;0.029201402624998707;227.9156307793317;7.312098691291076;20;11.395781538966585;Orthorhombic;Pnma;True
mp-1178374;CuCO3;0.0;0.08511432700000032;119.7354338574424;3.4270179176997413;10;11.97354338574424;Triclinic;P-1;True
mp-1178424;CoNiO3;0.0;0.0;87.35959763657713;6.296421923175464;10;8.735959763657714;Trigonal;R-3;True
mp-1178420;CoPbO3;0.0;0.04938460399999833;254.2726563221419;8.205797063935696;20;12.713632816107095;Trigonal;R-3;True
mp-1178465;CsAsO3;2.1957725297972495;0.10051655749999444;219.97981958535757;3.862243603953994;10;21.997981958535757;Trigonal;P-31m;True
mp-1178485;BiCO3;1.4110999999999998;0.08011582499999559;310.1507491782457;5.760646949329017;20;15.507537458912285;Triclinic;P-1;True
mp-1178493;CaBiO3;0.0;0.09955102399999749;307.5353457063267;6.4158360574472715;20;15.376767285316337;Orthorhombic;Pnma;True
mp-1178513;BaSnO3;0.6650999999999998;0.0006460229999962763;147.10169950504223;6.864126378221763;10;14.710169950504223;Orthorhombic;Imma;True
mp-1178510;BaPdO3;0.0;0.02870065849999559;70.35635538244601;6.885721981141038;5;14.071271076489202;Cubic;Pm-3m;True
mp-1178556;AgPbO3;0.0;0.11138339600000169;146.41846842959492;8.235107883293189;10;14.641846842959492;Trigonal;R-3;True
mp-1178561;AgClO3;2.7117;0.09281757449999795;76.84405818753127;4.134260290717987;5;15.368811637506255;Trigonal;R3m;True
mp-1178549;AlVO3;1.569;0.019815870624997345;186.1127752626733;4.493987820169453;20;9.305638763133665;Trigonal;R-3;True
mp-1178562;AgBrO3;2.383;0.0016533185833340625;77.26506831359747;5.067049949478875;5;15.453013662719494;Trigonal;R3m;True
mp-1178550;AlInO3;0.0;0.06303376599999932;202.9318362183001;6.212264492574364;20;10.146591810915005;Orthorhombic;Pnma;True
mp-1178547;AlRhO3;1.7659000000000002;0.03879659574999561;98.89501139978404;5.973716657665525;10;9.889501139978403;Hexagonal;P6_3/mmc;True
mp-1178563;AgAsO3;0.2921;0.0;119.28055162319482;6.425733037327554;10;11.928055162319483;Trigonal;R-3;True
mp-1178612;ZnSiO3;3.5717999999999996;0.03836607266666903;271.8030829899101;3.457711424497696;20;13.590154149495504;Orthorhombic;Ibam;True
mp-1178577;AlFeO3;2.1956;0.03255285249999851;193.12520973604154;4.49945586955662;20;9.656260486802077;Trigonal;R-3;True
mp-1178574;AlPdO3;0.0;0.11657781449999938;106.52686856388705;5.655312262493189;10;10.652686856388705;Hexagonal;P6_3/mmc;True
mp-1178579;AlCuO3;0.22109999999999985;0.10938641112500047;93.92117845950877;4.898307384323728;10;9.392117845950876;Trigonal;R-3;True
mp-1178576;AlCoO3;2.5824999999999996;0.031363284499999367;88.02147690236615;5.052577300495447;10;8.802147690236614;Trigonal;R-3;True
mp-1178820;VNO3;0.0;0.38701658750000245;349.92281877251384;2.1439231719928964;20;17.496140938625693;Orthorhombic;Pbcm;True
mp-1178894;VHO3;0.0;0.06399296724999992;262.1541416440997;2.5323568802001675;20;13.107707082204985;Triclinic;P1;True
mp-1178874;VHO3;2.1075999999999997;0.022129907083334288;341.85945458103134;2.9128981312467164;30;11.395315152701045;Monoclinic;P2_1/m;True
mp-1178989;TlNiO3;0.14780000000000015;0.07543513716666617;223.64114407224048;9.23894441612274;20;11.182057203612024;Monoclinic;P2_1/c;False
mp-1179112;SrRuO3;0.0;0.4966343155000015;386.9285364843332;4.063075903612133;20;19.34642682421666;Orthorhombic;Pnma;True
mp-1179184;TlBrO3;0.054200000000000026;0.4893717312499999;97.84323468975863;5.639358270760147;5;19.568646937951726;Monoclinic;Cm;True
mp-1179263;TiCdO3;1.4505;0.22006614350000042;256.34652840922064;5.396613238687504;20;12.817326420461033;Orthorhombic;Pmc2_1;True
mp-1179315;SrTeO3;3.2315000000000005;0.0032061685833335574;2270.903792588304;4.619314366489725;120;18.9241982715692;Triclinic;P1;True
mp-1179320;SrTeO3;3.3726;0.004332333833333202;2262.2976675373766;4.636886942220147;120;18.852480562811472;Monoclinic;C2/c;False
mp-1179381;TiCoO3;2.2549;0.12934219249999757;168.7798608046742;3.045965098893974;10;16.87798608046742;Triclinic;P-1;True
mp-1179354;TiFeO3;2.5900999999999996;0.07524877899999893;161.98965776183974;3.110330841294146;10;16.198965776183975;Triclinic;P-1;True
mp-1179551;TiCdO3;2.7763999999999998;0.16593305600000008;195.3942757687807;3.5400296745177653;10;19.53942757687807;Triclinic;P-1;True
mp-1179620;TlSbO3;2.0067999999999997;0.7588836659999991;260.24884551350834;4.774480953630854;10;26.024884551350834;Triclinic;P-1;True
mp-1179733;RbPO3;0.0949;1.1787199737499998;1293.4467402214239;2.5333117240358423;60;21.557445670357065;Monoclinic;P2_1/c;True
mp-1179783;RbIO3;0.4079999999999999;0.9936082100000005;183.5474527888017;2.3555507377460096;5;36.70949055776034;Monoclinic;Cm;True
mp-1179877;PNO3;0.2808834410186867;0.7822034427500038;883.0954586777689;1.398668280397027;40;22.077386466944223;Orthorhombic;Pccn;True
mp-1180143;MnCO3;0.15749999999999997;0.2725020945000054;220.24702476402237;3.466542047140114;20;11.012351238201118;Monoclinic;P2_1/c;True
mp-1180142;MnCO3;0.37060000000000004;1.0444584600000058;187.94551947486113;2.031161940532761;10;18.794551947486113;Monoclinic;C2/c;True
mp-1180172;MnSiO3;1.173109878688468;0.2955041199666688;609.8634474858729;3.5674662475260646;50;12.19726894971746;Triclinic;P-1;True
mp-1180213;NaBrO3;0.0;0.700010647;437.1897955852083;2.2924781200834947;20;21.859489779260414;Triclinic;P1;True
mp-1180211;NaZnO3;0.0;0.34598868675000105;586.523426543158;3.0892883199106804;40;14.66308566357895;Tetragonal;P4_2/mbc;False
mp-1180212;MnSiO3;0.3329;0.37157622176666827;681.8804565771652;3.1906872290004196;50;13.637609131543304;Triclinic;P-1;True
mp-1180278;NaClO3;1.2022011009223301;0.41308131024999906;523.6635832390654;1.35009875561626;20;26.18317916195327;Triclinic;P1;True
mp-1180304;NClO3;0.0;0.7115234410000193;72.92919995836986;2.219037787570373;5;14.585839991673973;Monoclinic;Cm;True
mp-1180300;NClO3;1.9824000000000002;0.09692177300001958;93.27013631263736;1.7350961081738163;5;18.65402726252747;Monoclinic;Cm;True
mp-1180433;NdFeO3;1.4324;0.5061606354999997;286.97346397691916;5.742066340377238;20;14.348673198845958;Orthorhombic;Pnma;False
mp-1180505;NaClO3;0.6226999999999999;0.7019237682499995;451.3193064474567;1.5665129809263403;20;22.565965322372836;Trigonal;R3;True
mp-1180468;MgSiO3;0.4428000000000001;1.6662845356666658;321.5577847395927;2.073647304954379;20;16.077889236979637;Monoclinic;C2/c;True
mp-1180548;LiIO3;2.5038;0.3390186064999998;159.84612568357002;3.778114948729506;10;15.984612568357003;Orthorhombic;Cmcm;True
mp-1180658;KTiO3;0.0;0.09936710000000115;281.0911824858956;3.1891738850887608;20;14.05455912429478;Hexagonal;P6_3/mmc;False
mp-1180703;MgSiO3;2.2265000000000006;0.402485997166667;217.49262407096256;3.0658392971285173;20;10.874631203548129;Monoclinic;C2/c;True
mp-1180700;LaMnO3;1.1017818945194318;0.16824439152381032;248.67823882581766;6.4595538097469145;20;12.433911941290884;Orthorhombic;Pnma;True
mp-1180705;MnNiO3;0.0;0.25346269800000076;113.16751063504739;4.7432754986315;10;11.31675106350474;Monoclinic;C2/m;True
mp-1180714;KSbO3;0.0;0.8153981540000004;183.04675960486958;3.789352827622124;10;18.304675960486957;Triclinic;P-1;True
mp-1180739;LaGaO3;3.2035;0.03754576164285339;243.58010127039393;6.997921577982942;20;12.179005063519696;Orthorhombic;Pnma;True
mp-1180725;LaCoO3;0.0;0.03876414999999955;113.59993529183483;7.187006187364497;10;11.359993529183482;Monoclinic;C2/c;False
mp-1180816;KIO3;2.8130000000000006;0.01040538999999896;373.60376965977224;3.8046401062322017;20;18.680188482988612;Monoclinic;C2;True
mp-1180932;LaMnO3;0.5346999999999995;0.6305161255238083;310.04857285439806;5.180963905816209;20;15.502428642719902;Orthorhombic;Pnma;True
mp-1181002;LaFeO3;1.2424;0.1067476205000144;302.64898868723105;5.327540028622933;20;15.132449434361552;Orthorhombic;Pnma;True
mp-1181075;INO3;0.0;0.4135428814999953;406.00358392797483;3.090528278939652;20;20.30017919639874;Orthorhombic;Pna2_1;True
mp-1181180;LiUO3;0.39139999999999997;0.20802292799996636;166.0908285449962;5.858059675713602;10;16.609082854499622;Orthorhombic;Amm2;True
mp-1181218;MnSiO3;1.9295;0.11685922296666718;638.2667983305516;3.4087113260417174;50;12.765335966611033;Triclinic;P-1;True
mp-1181286;MnCoO3;0.0;0.08994137899999988;105.46988977428497;5.097009767611166;10;10.546988977428496;Monoclinic;C2/m;True
mp-1181307;LaCoO3;0.0;2.915006911;680.5994949910478;1.1995945395718555;10;68.05994949910477;Monoclinic;C2/c;True
mp-1181394;FeBiO3;0.14979999999999993;0.2566392445000014;246.29162882069974;8.436434676525138;20;12.314581441034987;Monoclinic;P2_1/m;False
mp-1181443;HoMnO3;1.0638;0.3119107715000009;263.68763077104825;6.747421487147525;20;13.184381538552412;Orthorhombic;Pnma;True
mp-1181528;MgSiO3;3.0500999999999996;0.3004706396666661;516.8651038561686;2.5801603889973994;40;12.921627596404216;Monoclinic;P2_1/c;True
mp-1181557;CuGeO3;0.0;0.38385435900000253;155.68749930553776;3.928961044939799;10;15.568749930553775;Orthorhombic;Pmma;True
mp-1181635;FeBiO3;0.0;2.103003105000001;110.06483901965457;4.719543626347755;5;22.012967803930913;Tetragonal;P4/mmm;True
mp-1181636;CuGeO3;0.20409999999999995;0.08741709300000267;247.32104725819553;4.946527008006434;20;12.366052362909777;Orthorhombic;Pmna;True
mp-1181670;FeBiO3;0.7019000000000002;1.6980956450000004;517.8814859665492;2.0060798601854435;10;51.78814859665492;Monoclinic;Cc;True
mp-1181816;MnSnO3;0.1836000000000002;0.15408991200000166;177.68584537215784;4.142730092327155;10;17.768584537215784;Triclinic;P-1;True
mp-1181856;FeBiO3;1.4146;0.4156844290000006;109.19388191578322;4.757187860404463;5;21.838776383156645;Monoclinic;Cm;True
mp-1181854;HfPbO3;2.3889000000000005;0.2778951813125019;615.0807367548509;9.366655878434624;40;15.377018418871273;Orthorhombic;Pbam;True
mp-1181841;CrBiO3;0.02980000000000005;1.9469446960000019;455.0453581219345;2.2550040408075307;10;45.50453581219345;Monoclinic;Cc;True
mp-1181917;CaRhO3;0.0;0.025026484500000556;226.3073630109768;5.605342576209091;20;11.315368150548839;Orthorhombic;Pnma;False
mp-1181886;CaSiO3;3.575341730749508;0.24374655233333442;188.03765431473482;4.103242871543291;20;9.401882715736742;Cubic;Im-3;True
mp-1181984;CoCO3;1.5474035927871794;0.42150147699999874;239.14484629654737;1.6517855077819894;10;23.914484629654737;Monoclinic;C2/c;True
mp-1182197;NdMnO3;0.0;3.9710545234999994;4031.418295284199;0.4072503548338881;20;201.57091476420993;Monoclinic;P2_1/c;True
mp-1182237;BaClO3;0.0;0.4947811645;202.2212546626604;3.6258387109446324;10;20.222125466266043;Monoclinic;P2_1/m;True
mp-1182302;MgSiO3;3.2731999999999997;0.29466539991666707;499.1010859598058;2.671993519829993;40;12.477527148995145;Monoclinic;P2_1/c;True
mp-1182285;BaBiO3;1.1031000000000004;0.6431988129999988;207.72494216352482;6.304104332146142;10;20.77249421635248;Triclinic;P1;True
mp-1182337;BaClO3;0.17270000000000008;0.5291861554999997;203.71955764759088;3.599171634762961;10;20.371955764759086;Triclinic;P1;True
mp-1182592;LaAlO3;0.0;2.905245963000004;125.07172857582998;2.8396884666791053;5;25.014345715165994;Hexagonal;P6/mmm;True
mp-1182642;CdSnO3;0.7079;0.079610972000002;155.81331424913833;5.949277681682562;10;15.581331424913833;Monoclinic;P2_1/m;True
mp-1182670;CaSnO3;0.7363;1.0868766015000073;173.27347287152;3.963406034668839;10;17.327347287152;Triclinic;P-1;True
mp-1182718;FeBiO3;0.0;3.413610901000001;2832.201859475577;0.3668211767761406;10;283.2201859475577;Monoclinic;Cc;True
mp-1182811;BaTbO3;0.0;0.10617699875000053;176.3501887526242;6.4830266620703165;10;17.63501887526242;Triclinic;P-1;True
mp-1183043;ZrSiO3;0.0;1.0728000422499981;49.16759723607481;5.6504891025528154;5;9.833519447214963;Cubic;Pm-3m;True
mp-1183044;ZrTlO3;0.0;0.23488012733333008;74.75924335094658;7.632104492648889;5;14.951848670189316;Cubic;Pm-3m;True
mp-1183045;ZrTiO3;0.0;0.7219286570000047;57.47219178112415;5.405552082581649;5;11.49443835622483;Cubic;Pm-3m;True
mp-1183052;AcBO3;0.8071000000000002;0.7924727446666662;51.54812640786059;9.206878618664954;5;10.309625281572119;Cubic;Pm-3m;True
mp-1183053;AcGaO3;2.895900000000001;0.0;61.455078293307366;9.314495016229172;5;12.291015658661474;Cubic;Pm-3m;True
mp-1183115;AcAlO3;4.1024;0.0;57.4514132376898;8.728230094061178;5;11.49028264753796;Cubic;Pm-3m;True
mp-1183133;AlIrO3;0.0;1.0799252317499946;49.1923229250551;9.019509491537342;5;9.838464585011021;Cubic;Pm-3m;True
mp-1183128;AlVO3;0.0;0.7093364996249978;48.24822233179429;4.333779074059433;5;9.649644466358858;Cubic;Pm-3m;True
mp-1183132;AlSiO3;0.0;1.0382708893333277;45.080689872433354;3.7963894480575666;5;9.016137974486671;Cubic;Pm-3m;True
mp-1183139;AcNiO3;0.0;0.0;58.35821779959113;9.494942780351787;5;11.671643559918227;Cubic;Pm-3m;True
mp-1183134;AlSbO3;1.1346000000000007;0.31959952600000463;52.901571703463354;6.175506924173676;5;10.58031434069267;Cubic;Pm-3m;True
mp-1183145;AcPdO3;0.0;0.008102040999999893;66.68667373916479;9.497547068765746;5;13.337334747832958;Cubic;Pm-3m;True
mp-1183159;AlAuO3;0.0;0.5417413084999989;53.21380497954464;8.486096203643433;5;10.642760995908928;Cubic;Pm-3m;True
mp-1183152;AcScO3;3.3847000000000005;0.02414003487499805;70.19180130743561;7.569207419404459;5;14.038360261487123;Cubic;Pm-3m;True
mp-1183168;AcVO3;0.0;0.0;62.471313314162764;8.663746242058936;5;12.494262662832552;Cubic;Pm-3m;True
mp-1183169;AlAgO3;0.0;0.28559733533333276;52.77775563990637;5.752918858247302;5;10.555551127981273;Cubic;Pm-3m;True
mp-1183160;AlInO3;0.0;0.4678045475000001;51.258261443683864;6.148600269719075;5;10.251652288736773;Cubic;Pm-3m;True
mp-1183154;AlPbO3;0.0;0.22422391950000797;56.3792677148114;8.311042328061927;5;11.27585354296228;Cubic;Pm-3m;True
mp-1183142;AcMgO3;0.0;0.08231248649999845;64.78375373225691;7.671748369303113;5;12.956750746451382;Cubic;Pm-3m;True
mp-1183150;AcSiO3;0.0;0.47336186624999677;62.5790478372491;8.042345519729343;5;12.51580956744982;Cubic;Pm-3m;True
mp-1183176;AlNiO3;0.0;0.819704621333333;48.94206694176443;4.535351344571875;5;9.788413388352886;Cubic;Pm-3m;True
mp-1183212;BAuO3;0.0;1.3272232336666665;42.75273889652396;9.934466615940938;5;8.550547779304791;Cubic;Pm-3m;True
mp-1183194;BTeO3;0.0;1.2496407245833296;44.47169373442934;6.960377116612512;5;8.894338746885868;Cubic;Pm-3m;True
mp-1183211;BSbO3;1.4054000000000002;1.014313077166669;43.640418944934396;6.87074548074277;5;8.72808378898688;Cubic;Pm-3m;True
mp-1183221;BIrO3;0.0;1.6729221789166626;39.84966404394991;10.46028423132494;5;7.969932808789982;Cubic;Pm-3m;True
mp-1183242;BPdO3;0.0;1.2187017236666664;40.30795288597972;6.806833944222211;5;8.061590577195943;Cubic;Pm-3m;True
mp-1183287;BaAuO3;0.0;0.1983195949999974;74.70777290092101;8.497247254217283;5;14.941554580184203;Cubic;Pm-3m;True
mp-1183290;BaPtO3;0.0;0.09931574226667905;70.864454291593;8.913980148317345;5;14.1728908583186;Cubic;Pm-3m;True
mp-1183282;BaBeO3;0.0;0.5173108549999981;59.04946220190078;5.464991607531397;5;11.809892440380157;Cubic;Pm-3m;True
mp-1183292;BaCdO3;0.0;0.20288103800000012;79.65491918762994;6.206805522797609;5;15.93098383752599;Cubic;Pm-3m;True
mp-1183291;BaErO3;0.0;0.08670264150000229;84.92105246203396;6.894401590767567;5;16.984210492406792;Cubic;Pm-3m;True
mp-1183283;BaAlO3;0.0;0.16936120074999916;61.951203638108275;5.690666417067387;5;12.390240727621656;Cubic;Pm-3m;True
mp-1183284;BaLiO3;0.0;0.3086951150000026;68.25756506368646;4.677364866955064;5;13.651513012737292;Cubic;Pm-3m;True
mp-1183277;BPtO3;0.0;1.5070407601666727;40.96458071752925;10.291807472417547;5;8.192916143505851;Cubic;Pm-3m;True
mp-1183288;BaInO3;0.0;0.07720486475000587;78.72164877180886;6.331161982079215;5;15.744329754361772;Cubic;Pm-3m;True
mp-1183289;BaScO3;0.0;0.026701069166671587;75.13526132667413;5.089365186976302;5;15.027052265334826;Cubic;Pm-3m;True
mp-1183285;BaCaO3;0.0;0.34453105399999817;88.98091885869187;4.206416663936561;5;17.796183771738374;Cubic;Pm-3m;True
mp-1183298;BaReO3;0.0;0.13636216450000838;67.15769002397445;9.186494253175741;5;13.431538004794891;Cubic;Pm-3m;True
mp-1183286;BaDyO3;0.0;0.10872087100000094;86.82878720439085;6.651910643359822;5;17.36575744087817;Cubic;Pm-3m;True
mp-1183310;BaEuO3;0.0;0.16508361100000002;87.36750141389481;6.410643374948305;5;17.473500282778964;Cubic;Pm-3m;True
mp-1183394;BaTmO3;0.0;0.07260766408333374;83.69011508040276;7.029045070285705;5;16.738023016080554;Cubic;Pm-3m;True
mp-1183395;BaWO3;0.0;0.15841601649999504;72.21768246815921;8.48840916150893;5;14.443536493631843;Cubic;Pm-3m;True
mp-1183393;BaTlO3;0.0;0.11923704625000386;82.32661349927436;7.860473815626017;5;16.465322699854873;Cubic;Pm-3m;True
mp-1183426;BeCuO3;0.0;0.8448208941250002;41.487602710206495;4.825262710814447;5;8.2975205420413;Cubic;Pm-3m;True
mp-1183418;BeCdO3;0.0;0.5162081479999987;47.24786719250145;5.954360284141431;5;9.449573438500291;Cubic;Pm-3m;True
mp-1183403;BeBiO3;0.0;0.4854616089999997;49.584527008863695;8.907780554297243;5;9.91690540177274;Cubic;Pm-3m;True
mp-1183406;BaYbO3;0.0;0.13558471141666573;81.15579506815625;7.3325560428749395;5;16.23115901363125;Cubic;Pm-3m;True
mp-1183417;BeAgO3;0.0;0.6506316833333319;45.43780109045;6.025540859561395;5;9.087560218090001;Cubic;Pm-3m;True
mp-1183431;BeOsO3;0.0;1.3010016449999986;40.61822295294155;10.107589251291287;5;8.12364459058831;Cubic;Pm-3m;True
mp-1183422;BeBO3;0.0;1.6395714481666666;34.79914295160879;3.2362881659400493;5;6.9598285903217585;Cubic;Pm-3m;True
mp-1183414;BeAuO3;0.0;0.8419790584999998;45.53696457156541;9.261457229497156;5;9.107392914313083;Cubic;Pm-3m;True
mp-1183405;BaZnO3;0.0;0.17429412800000055;69.67818890775195;5.975383998077482;5;13.935637781550389;Cubic;Pm-3m;True
mp-1183397;CoBO3;0.0;1.2267173507222235;37.75525238159948;5.1785072177400675;5;7.5510504763198965;Cubic;Pm-3m;True
mp-1183413;BeHgO3;0.0;0.6030980154999988;48.891748779920675;8.749032488185222;5;9.778349755984134;Cubic;Pm-3m;True
mp-1183436;BeInO3;0.0;0.7103746075000004;44.986705688153236;6.342490233407955;5;8.997341137630647;Cubic;Pm-3m;True
mp-1183415;BeGeO3;0.0;1.34696337;43.05488498849875;5.000350707449632;5;8.61097699769975;Cubic;Pm-3m;True
mp-1183449;BeVO3;0.0;1.0445933650000025;40.316453089377035;4.446281949134915;5;8.063290617875406;Cubic;Pm-3m;True
mp-1183447;BePdO3;0.0;0.8275869360000003;42.81809943999384;6.338033166087647;5;8.563619887998767;Cubic;Pm-3m;True
mp-1183443;BeSbO3;0.0;0.818877772750005;45.78170326605363;6.484145029546462;5;9.156340653210727;Cubic;Pm-3m;True
mp-1183476;BeReO3;0.0;1.3711346221666645;41.22133224745682;9.79764464251048;5;8.244266449491365;Cubic;Pm-3m;True
mp-1183451;BePtO3;0.0;1.0812861790000001;42.973749466219274;9.741122791608046;5;8.594749893243854;Cubic;Pm-3m;True
mp-1183445;BeSiO3;0.2690999999999999;1.245697571;42.049366115138874;3.3604558099231996;5;8.409873223027775;Cubic;Pm-3m;True
mp-1183469;BiPtO3;0.0;0.5484297291250009;67.45428325640967;11.128538806706896;5;13.490856651281934;Cubic;Pm-3m;True
mp-1183499;BePbO3;0.0;0.6288552020000004;48.72835290398645;9.003621825464675;5;9.74567058079729;Cubic;Pm-3m;True
mp-1183479;BiMoO3;0.0;0.3539295950000012;69.76336218902185;8.40032798104977;5;13.95267243780437;Cubic;Pm-3m;True
mp-1183532;CaMgO3;0.0;0.31067006799999763;61.40444465533577;3.0390857577098274;5;12.280888931067155;Cubic;Pm-3m;True
mp-1183540;CaZnO3;0.0;0.2381676579999974;58.258778748431645;4.37475993449075;5;11.651755749686329;Cubic;Pm-3m;True
mp-1183544;CaYO3;0.0;0.4779890828749984;82.06034800537797;3.581335147436768;5;16.412069601075594;Cubic;Pm-3m;True
mp-1183538;CaTmO3;0.0;0.40145595524999855;77.96984479230309;5.473601083354691;5;15.593968958460618;Cubic;Pm-3m;True
mp-1183539;CaHoO3;0.0;0.4413417948750009;80.13702098788315;5.242610793019286;5;16.02740419757663;Cubic;Pm-3m;True
mp-1183543;CaInO3;0.0;0.3578972494999979;72.13462947097263;4.670624198504328;5;14.426925894194525;Cubic;Pm-3m;True
mp-1183534;CaScO3;0.0;0.24047543449999775;68.15474941663646;3.2412270793709137;5;13.630949883327293;Cubic;Pm-3m;True
mp-1183562;CaLaO3;0.0;0.5936756482499996;91.41240612908155;4.123203260085695;5;18.28248122581631;Cubic;Pm-3m;True
mp-1183570;CaHgO3;0.0;0.4624109469999995;73.60014685629169;6.512779164865185;5;14.720029371258338;Cubic;Pm-3m;True
mp-1183631;CdBO3;0.0;1.0243611479500014;42.938277854427824;6.621547153153397;5;8.587655570885564;Cubic;Pm-3m;True
mp-1183681;CoSbO3;0.2955999999999994;0.5800262838749992;53.359474093335905;7.116842933254156;5;10.67189481866718;Cubic;Pm-3m;True
mp-1183685;CeBeO3;0.8093999999999992;0.4189068969999994;46.67338151802652;7.013334971228134;5;9.334676303605303;Cubic;Pm-3m;True
mp-1183696;CrCuO3;0.0;0.585032038625001;50.60278799076263;5.3666026769606185;5;10.120557598152526;Cubic;Pm-3m;True
mp-1183706;CeMnO3;0.0;0.3773042240000066;60.371551975903536;6.685230632671264;5;12.074310395180706;Cubic;Pm-3m;True
mp-1183712;CrGeO3;0.0;0.606627580999997;52.451887167378345;5.4653133617648635;5;10.490377433475668;Cubic;Pm-3m;True
mp-1183715;CoRhO3;0.0;0.7968873444999964;59.037908071244885;5.902010650985053;5;11.807581614248978;Cubic;Pm-3m;True
mp-1183695;CrTcO3;0.0;0.6304814391249938;58.98279651663666;5.574121438625453;5;11.796559303327331;Cubic;Pm-3m;True
mp-1183719;CrRhO3;0.0;0.9724235252499955;60.0951043992927;5.606497373520157;5;12.019020879858541;Cubic;Pm-3m;True
mp-1183692;CoSnO3;0.0;0.6837517235000021;52.426711210164086;7.146859746000404;5;10.485342242032818;Cubic;Pm-3m;True
mp-1183686;CoAuO3;0.0;0.6235079452142855;54.82851821037035;9.2038679624903;5;10.96570364207407;Cubic;Pm-3m;True
mp-1183701;CeTaO3;0.0;0.3513243196060625;66.66087960201669;9.19342808489341;5;13.332175920403339;Cubic;Pm-3m;True
mp-1183759;CePuO3;0.0;0.5552826066071379;83.18430470359806;8.625936273577747;5;16.63686094071961;Cubic;Pm-3m;True
mp-1183771;DyCuO3;0.0;0.22576621824999954;53.8174026175188;8.455649633354719;5;10.76348052350376;Cubic;Pm-3m;True
mp-1183790;DyPaO3;0.0;0.991303252800007;79.95281100327924;9.170216542725148;5;15.990562200655848;Cubic;Pm-3m;True
mp-1183772;CoMoO3;0.0;0.6738278065000021;63.216023109056;5.328963462042622;5;12.6432046218112;Cubic;Pm-3m;True
mp-1183823;DyInO3;1.5367000000000006;0.6987631929999996;70.02291696360375;7.714620916654694;5;14.00458339272075;Cubic;Pm-3m;True
mp-1183821;DyRhO3;0.0;0.5694803329999978;61.17914549087616;8.506478539679746;5;12.235829098175232;Cubic;Pm-3m;True
mp-1183878;EuCdO3;0.0;0.5853518035;72.1640053711473;7.18790344321646;5;14.43280107422946;Cubic;Pm-3m;True
mp-1183911;CsAsO3;0.0;0.7626517824999945;67.69726825568856;6.27511030418209;5;13.53945365113771;Cubic;Pm-3m;True
mp-1183914;CsOsO3;0.0;0.2410426829999981;66.6889474096607;9.241140439437036;5;13.33778948193214;Cubic;Pm-3m;True
mp-1183905;EuErO3;0.0;0.6107685629999988;79.70974853734867;7.650069918988201;5;15.941949707469735;Cubic;Pm-3m;True
mp-1183913;CsPdO3;0.0;0.238677719;74.07238969648931;6.44116048313928;5;14.814477939297863;Cubic;Pm-3m;True
mp-1183925;CsCdO3;0.0;0.4541328250000003;93.63968780473493;5.2014316833507355;5;18.727937560946987;Cubic;Pm-3m;True
mp-1183929;CsNaO3;0.0;0.8600107296666688;88.02284214895064;3.846421945706133;5;17.604568429790127;Cubic;Pm-3m;True
mp-1183917;CsMoO3;0.0;0.3737824352499981;70.60272032171409;6.511217951201991;5;14.120544064342818;Cubic;Pm-3m;True
mp-1183920;CsPaO3;2.8370999999999995;0.0;86.93019019772653;7.868862189265704;5;17.386038039545305;Cubic;Pm-3m;True
mp-1183919;CsPrO3;0.0;0.2909243123749974;107.50687043553488;4.970661293181195;5;21.501374087106974;Cubic;Pm-3m;True
mp-1183918;CsLaO3;0.0;0.26124790074999904;108.21457999119708;4.907430602744551;5;21.642915998239417;Cubic;Pm-3m;True
mp-1183922;CsNdO3;0.0;0.29135946724999684;104.99198912886199;5.142459558573985;5;20.998397825772397;Cubic;Pm-3m;True
mp-1183933;CsNpO3;0.0;0.08905128400000883;84.66489357279501;8.19637646420282;5;16.932978714559002;Cubic;Pm-3m;True
mp-1183923;CsAcO3;0.0;0.23001730649999708;115.52101286493193;5.863348437976775;5;23.104202572986388;Cubic;Pm-3m;True
mp-1183926;CsRbO3;0.0;0.6835482850000014;94.80428201626086;4.665614182374458;5;18.960856403252173;Cubic;Pm-3m;True
mp-1183934;CsBaO3;0.0;0.4837627900000001;127.32547365151035;4.1502647918998115;5;25.46509473030207;Cubic;Pm-3m;True
mp-1183971;CsRuO3;0.0;0.378263059;67.44006663288721;6.942879637631706;5;13.488013326577441;Cubic;Pm-3m;True
mp-1183980;GaGeO3;0.0;0.7033704434999972;52.90533441225176;5.974864601428381;5;10.581066882450353;Cubic;Pm-3m;True
mp-1183977;CsTiO3;0.0;0.35565873600000586;69.27365160285488;5.483796458141262;5;13.854730320570976;Cubic;Pm-3m;True
mp-1183976;CsTeO3;0.0;0.3024103986111131;77.30795936087551;6.626515188340422;5;15.461591872175102;Cubic;Pm-3m;True
mp-1183972;CsSrO3;0.0;0.4546899330000018;119.7970554328997;3.7220782539081405;5;23.95941108657994;Cubic;Pm-3m;True
mp-1183983;GaNiO3;0.0;1.0007033243333314;49.484259465906604;5.919929666315905;5;9.89685189318132;Cubic;Pm-3m;True
mp-1183997;CsThO3;0.0;0.14653356199999923;95.77858339239336;7.159281558669563;5;19.155716678478672;Cubic;Pm-3m;True
mp-1184033;GaFeO3;0.0;0.9707042124999994;55.3622322858092;5.205958001405574;5;11.07244645716184;Cubic;Pm-3m;True
mp-1184023;GaBO3;0.0;1.406577837166667;38.07755404786291;5.60521139162346;5;7.615510809572582;Cubic;Pm-3m;True
mp-1184032;GaFeO3;0.0;0.9412599324999995;54.210064246236215;5.316604216420809;5;10.842012849247244;Cubic;Pm-3m;True
mp-1184022;CsSmO3;0.0;0.29256604862499813;100.85670052802942;5.454037592080373;5;20.171340105605886;Cubic;Pm-3m;True
mp-1184044;CuHgO3;0.0;0.3325135826249994;56.257612521104434;9.21317152681604;5;11.251522504220887;Cubic;Pm-3m;True
mp-1184051;CuBiO3;0.0;0.17206631006250195;57.06920415385441;9.326284267344354;5;11.413840830770882;Cubic;Pm-3m;True
mp-1184073;CuPdO3;0.0;0.7189750190000002;54.57419554411089;6.63203673672748;5;10.914839108822179;Cubic;Pm-3m;True
mp-1184042;CuBO3;0.0;1.1281130872916671;37.627671376176025;5.3996323039581196;5;7.525534275235205;Cubic;Pm-3m;True
mp-1184117;CuPbO3;0.0;0.25070310449999944;58.10400510519205;9.10930659828739;5;11.62080102103841;Cubic;Pm-3m;True
mp-1184153;DySnO3;0.0;0.8484255742500029;70.88038130870991;7.712473717204086;5;14.176076261741983;Cubic;Pm-3m;True
mp-1184157;ErCuO3;0.0;0.27477319975000025;53.403026653845295;8.669239089027934;5;10.680605330769058;Cubic;Pm-3m;True
mp-1184150;ErAlO3;3.0097000000000005;0.18607017420000105;50.466770895183345;7.9705295646246785;5;10.09335417903667;Cubic;Pm-3m;True
mp-1184162;ErIrO3;0.0;0.8266765342499944;62.230624822273896;10.872891451906812;5;12.446124964454778;Cubic;Pm-3m;True
mp-1184148;ErBeO3;0.0;0.3820230414999992;43.630608873692886;8.535477280448577;5;8.726121774738576;Cubic;Pm-3m;True
mp-1184164;ErGaO3;2.9153000000000002;0.3826839683000003;54.089007446067164;8.748926599189117;5;10.817801489213434;Cubic;Pm-3m;True
mp-1184204;ErTaO3;0.0;0.7212761986133351;65.10560203138375;10.10533647054566;5;13.02112040627675;Cubic;Pm-3m;True
mp-1184206;GaSiO3;0.0;0.6737551248333338;45.74953767768221;5.292244122029867;5;9.149907535536443;Cubic;Pm-3m;True
mp-1184220;GaTeO3;0.0;0.6135296924166624;58.734493651861776;6.935710375727812;5;11.746898730372354;Cubic;Pm-3m;True
mp-1184215;FeAsO3;0.0;0.7807650435000006;54.84869713950589;5.412087251455616;5;10.969739427901178;Cubic;Pm-3m;True
mp-1184207;ErZnO3;0.0;0.4598706944999993;56.07202994545843;8.311758837314269;5;11.214405989091686;Cubic;Pm-3m;True
mp-1184234;FeAgO3;0.0;0.345864825833333;57.61912852121193;6.101360087498165;5;11.523825704242386;Cubic;Pm-3m;True
mp-1184243;GaSnO3;0.0;0.5757749151249962;58.05563839429101;6.762534278673017;5;11.611127678858201;Cubic;Pm-3m;True
mp-1184219;ErTlO3;0.0;0.5838220384999993;85.532955416;8.146911816176674;5;17.106591083199998;Cubic;Pm-3m;True
mp-1184309;EuLuO3;0.0;0.5494520666249976;77.17786059059614;8.066880578376386;5;15.435572118119229;Cubic;Pm-3m;True
mp-1184304;EuInO3;0.0;0.5066763509999994;73.62807472763184;7.09925965273523;5;14.725614945526369;Cubic;Pm-3m;True
mp-1184325;EuBeO3;0.0;0.39830606449999806;48.33761733293479;7.178883545796479;5;9.667523466586958;Cubic;Pm-3m;True
mp-1184348;EuPbO3;0.0;0.42481014325000466;78.6682649547427;8.5944280184186;5;15.733652990948539;Cubic;Pm-3m;True
mp-1184349;FeRhO3;0.0;1.037876189249996;59.247936856376974;5.794535844018486;5;11.849587371275394;Cubic;Pm-3m;True
mp-1184359;EuHgO3;0.0;0.571836682999999;76.2428771504522;8.723865128139547;5;15.24857543009044;Cubic;Pm-3m;True
mp-1184353;EuTmO3;0.0;0.5840283082499997;77.77437689449803;7.876204550250342;5;15.554875378899606;Cubic;Pm-3m;True
mp-1184383;EuAuO3;0.0;0.475574181999999;69.40281719206341;9.496959275857682;5;13.880563438412683;Cubic;Pm-3m;True
mp-1184369;EuPdO3;0.0;0.3079723399999992;65.4166296222544;7.777221419988652;5;13.08332592445088;Cubic;Pm-3m;True
mp-1184400;EuWO3;0.0;0.2359478567499913;68.92906911488409;9.246005437491526;5;13.785813822976817;Cubic;Pm-3m;True
mp-1184411;EuMoO3;0.0;0.14966000124999468;68.93214563075512;7.128128091520671;5;13.786429126151024;Cubic;Pm-3m;True
mp-1184468;GdBeO3;0.0;0.31543744899999915;46.63279248900443;7.629561007237875;5;9.326558497800885;Cubic;Pm-3m;True
mp-1184445;EuIrO3;0.0;0.3960997172499958;64.50455212341306;10.095859318142839;5;12.900910424682612;Cubic;Pm-3m;True
mp-1184447;EuTcO3;0.0;0.14644849212499622;62.47493265931672;7.919622368533594;5;12.494986531863344;Cubic;Pm-3m;True
mp-1184503;GdRhO3;0.0;0.4246224907499947;62.27826638278755;8.216369655139866;5;12.45565327655751;Cubic;Pm-3m;True
mp-1184486;GdErO3;0.36570000000000036;0.7349588875000013;76.28684769568456;8.108380117127155;5;15.257369539136912;Cubic;Pm-3m;True
mp-1184471;GdCdO3;0.0;0.6750202639999987;70.87709295487406;7.442256591106393;5;14.175418590974811;Cubic;Pm-3m;True
mp-1184491;GdThO3;0.0;0.7811935103333312;96.63496616304798;7.514163328900428;5;19.326993232609595;Cubic;Pm-3m;True
mp-1184481;GdCuO3;0.0;0.15927121600000227;54.819729366320175;8.142018863619526;5;10.963945873264034;Cubic;Pm-3m;True
mp-1184484;GdSiO3;0.0;0.6070338796249963;51.90876675147047;7.4642444656938896;5;10.381753350294094;Cubic;Pm-3m;True
mp-1184563;HfBeO3;1.0495;0.7660095674999994;40.64850377274624;9.620466899418279;5;8.129700754549248;Cubic;Pm-3m;True
mp-1184546;HoBO3;2.6416000000000004;0.8710648649999984;41.8843783630594;8.870328956561115;5;8.37687567261188;Cubic;Pm-3m;True
mp-1184557;GePdO3;0.0;0.6740001740000023;53.483516561437256;7.049630171298499;5;10.69670331228745;Cubic;Pm-3m;True
mp-1184562;GeBiO3;0.0;0.42342692916666014;61.53209907785566;8.895268832778918;5;12.306419815571132;Cubic;Pm-3m;True
mp-1184597;HfThO3;0.0;0.6684135252499974;69.95265822570208;10.884515158796566;5;13.990531645140416;Cubic;Pm-3m;True
mp-1184625;HfBO3;0.0;1.3355054685000063;40.1803820086125;9.806890151990068;5;8.0360764017225;Cubic;Pm-3m;True
mp-1184610;HoBeO3;0.0;0.3660278883750001;45.22311094458824;8.149399697559586;5;9.044622188917648;Cubic;Pm-3m;True
mp-1184599;GdZrO3;0.0;0.39293696174999937;72.1126937347448;6.826865638378806;5;14.422538746948959;Cubic;Pm-3m;True
mp-1184641;GeTeO3;0.0;0.7278014918333362;59.40039549100962;6.939503114264036;5;11.880079098201923;Cubic;Pm-3m;True
mp-1184669;HfNpO3;0.0;0.35969367362500293;69.98673726680191;10.99694448034348;5;13.997347453360382;Cubic;Pm-3m;True
mp-1184751;InSiO3;0.0;0.5658543752222229;49.14932005240002;6.449727703969846;5;9.829864010480005;Cubic;Pm-3m;True
mp-1184736;HoCuO3;0.0;0.25242995368750165;53.37861048446102;8.600762325099316;5;10.675722096892205;Cubic;Pm-3m;True
mp-1184773;InPtO3;0.0;0.7689169633750028;65.44390862037989;9.081170079887439;5;13.088781724075977;Cubic;Pm-3m;True
mp-1184778;HoErO3;1.4474;0.9088813988750015;76.57044471496806;8.244907455165835;5;15.314088942993612;Cubic;Pm-3m;True
mp-1184765;InSbO3;0.0;0.45820184050000456;69.2358588741692;6.825218981447379;5;13.84717177483384;Cubic;Pm-3m;True
mp-1184799;InOsO3;0.0;0.4671797329999947;62.72537273464162;9.346249893386041;5;12.545074546928323;Cubic;Pm-3m;True
mp-1184833;HoRhO3;0.0;0.6007430140000123;61.043607647563775;8.591476646203613;5;12.208721529512754;Cubic;Pm-3m;True
mp-1184813;HoSiO3;0.0;0.7570571732499971;51.048295860736005;7.839893371940976;5;10.209659172147202;Cubic;Pm-3m;True
mp-1184913;InAsO3;0.0;0.6154403055000008;60.84657034167246;6.488005861995443;5;12.169314068334492;Cubic;Pm-3m;True
mp-1184940;KTeO3;0.0;0.08427374347222383;69.64928845122509;5.118672913077145;5;13.929857690245019;Cubic;Pm-3m;True
mp-1184957;KRbO3;0.0;0.7662700690000004;125.1951764956113;2.288824298761034;5;25.03903529912226;Cubic;Pm-3m;True
mp-1184935;KPbO3;0.0;0.1545958764999984;82.92657461938236;5.893054649120805;5;16.585314923876474;Cubic;Pm-3m;True
mp-1184936;KAlO3;0.0;0.27112893737500166;57.826543420211806;3.2758492691585115;5;11.56530868404236;Cubic;Pm-3m;True
mp-1184941;KLuO3;0.0;0.24256115808333245;83.77670255820917;5.194363910247681;5;16.755340511641833;Cubic;Pm-3m;True
mp-1184959;KSrO3;0.0;0.5069057789999993;113.85352482172922;2.54821776215742;5;22.770704964345846;Cubic;Pm-3m;True
mp-1184939;KLiO3;0.0;0.5087575095000023;66.36897884792486;2.3528001395255282;5;13.273795769584973;Cubic;Pm-3m;True
mp-1184942;KAuO3;0.0;0.36427986800000056;71.87610219949094;6.562651697536798;5;14.37522043989819;Cubic;Pm-3m;True
mp-1184945;KYO3;0.0;0.27819480691666687;90.97581873262898;3.2124885762848505;5;18.195163746525797;Cubic;Pm-3m;True
mp-1184937;KAsO3;0.0;0.4293638469999985;56.77687739940846;4.738502665963633;5;11.355375479881692;Cubic;Pm-3m;True
mp-1184944;KHoO3;0.0;0.26695312558333395;88.02337641990908;4.7544231776482055;5;17.604675283981816;Cubic;Pm-3m;True
mp-1184947;KCoO3;0.0;0.29443553725000005;58.13916092561977;4.1708206638929335;5;11.627832185123953;Cubic;Pm-3m;True
mp-1184948;KMnO3;0.0;0.28014014745454663;61.91950425785535;3.809040688158521;5;12.38390085157107;Cubic;Pm-3m;True
mp-1184953;KYbO3;0.0;0.43013439649999974;82.64208449107699;5.2269594137445505;5;16.528416898215397;Cubic;Pm-3m;True
mp-1184954;KDyO3;0.0;0.2718639816666668;89.23312572862054;4.644740799242849;5;17.846625145724108;Cubic;Pm-3m;True
mp-1184965;LaZnO3;0.0;0.1314829207499999;60.61046362504101;6.912586062869531;5;12.122092725008201;Cubic;Pm-3m;True
mp-1184946;KZnO3;0.0;0.376694134500001;68.34503711356686;3.705336212699331;5;13.669007422713372;Cubic;Pm-3m;True
mp-1184950;KZrO3;0.0;0.06976303433333353;76.13256665533781;3.8893757303608263;5;15.226513331067562;Cubic;Pm-3m;True
mp-1184949;KTmO3;0.0;0.2543539998333335;85.9074501087085;4.948918822061845;5;17.181490021741702;Cubic;Pm-3m;True
mp-1184960;KMgO3;0.0;0.37453281850000053;70.32747214842628;2.6303596224228962;5;14.065494429685256;Cubic;Pm-3m;True
mp-1184964;LaMgO3;0.0;0.20994114474999925;61.43297867320221;5.708989793500274;5;12.286595734640441;Cubic;Pm-3m;True
mp-1184992;KCdO3;0.0;0.4129395725000009;81.73842379384307;4.053050975488851;5;16.347684758768615;Cubic;Pm-3m;True
mp-1185009;KOsO3;0.0;0.03862509242856493;60.75217475613986;7.580164659871722;5;12.150434951227972;Cubic;Pm-3m;True
mp-1185008;KAcO3;0.0;0.21242522274999853;100.80951668519734;5.173812223401095;5;20.16190333703947;Cubic;Pm-3m;True
mp-1184987;KGdO3;0.0;0.1905127093333352;88.77383613989274;4.5705686184887995;5;17.754767227978547;Cubic;Pm-3m;True
mp-1185015;KNpO3;0.0;0.0;78.70004291254199;6.838305043217005;5;15.740008582508398;Cubic;Pm-3m;True
mp-1185065;LaZrO3;0.0;0.28710248682499007;73.75816404510208;6.261569389122526;5;14.751632809020416;Cubic;Pm-3m;True
mp-1185084;LaPtO3;0.0;0.42522581756250233;68.38135116569364;9.276000533299579;5;13.676270233138728;Cubic;Pm-3m;True
mp-1185122;LaSnO3;0.0;0.5259647370625009;74.80253514100687;6.784308019432629;5;14.960507028201373;Cubic;Pm-3m;True
mp-1185232;LaCoO3;0.9729999999999999;0.04748672250000041;236.98698979728346;6.890196280605966;20;11.849349489864172;Orthorhombic;Pnma;False
mp-1185203;LiCdO3;0.0;0.5380530354285717;53.231081072507145;5.2204753255537675;5;10.646216214501429;Cubic;Pm-3m;True
mp-1185236;LiTmO3;0.0;0.4889175464642852;48.28906697313098;7.698441222817475;5;9.657813394626196;Cubic;Pm-3m;True
mp-1185263;LiPaO3;3.4214;0.0;80.52091246018041;5.897508840481145;5;16.10418249203608;Cubic;Pm-3m;True
mp-1185261;LiNiO3;0.0;0.5024219344545475;53.80230863498618;3.5071240731156625;5;10.760461726997237;Cubic;Pm-3m;True
mp-1185297;LiAcO3;0.0;0.12925668721428352;60.21066048006748;7.775550922830949;5;12.042132096013496;Cubic;Pm-3m;True
mp-1185302;LiBO3;0.0;0.9669265611166633;36.18478119222366;3.0173120381550733;5;7.236956238444732;Cubic;Pm-3m;True
mp-1185303;LiGeO3;0.0;0.37368768120000073;51.781045338759334;4.091270166440295;5;10.356209067751866;Cubic;Pm-3m;True
mp-1185310;LiErO3;0.0;0.460419717214287;48.84467197755944;7.553920974496747;5;9.768934395511888;Cubic;Pm-3m;True
mp-1185344;LiEuO3;0.0;0.40104815021428575;53.30408940567633;6.445487596078918;5;10.660817881135266;Cubic;Pm-3m;True
mp-1185356;LiMgO3;0.0;0.5801049234285722;62.56273528519409;2.1032982251409247;5;12.512547057038818;Cubic;Pm-3m;True
mp-1185308;LiDyO3;0.0;0.41252842821428626;49.620450663239936;7.276562020066385;5;9.924090132647986;Cubic;Pm-3m;True
mp-1185311;LiCrO3;0.0;0.40936655516666054;49.7945631362843;3.5660568606794127;5;9.958912627256861;Cubic;Pm-3m;True
mp-1185320;LiFeO3;0.0;0.3148129761000025;53.878919459443516;3.414350067980132;5;10.775783891888704;Cubic;Pm-3m;True
mp-1185357;LiLaO3;0.0;0.2220490414642864;55.858268996912024;5.762560380356564;5;11.171653799382405;Cubic;Pm-3m;True
mp-1185313;LiAlO3;0.0;0.37512621773333255;51.03133026460131;2.6656680571473133;5;10.206266052920261;Cubic;Pm-3m;True
mp-1185387;LiNdO3;0.0;0.2598881499642838;53.67410237173956;6.162155486153289;5;10.734820474347911;Cubic;Pm-3m;True
mp-1185417;LiYbO3;0.0;0.6220489708750012;46.057355026385224;8.219498672562786;5;9.211471005277044;Cubic;Pm-3m;True
mp-1185401;LiGdO3;0.0;0.3536309167142857;50.79737479231591;6.936351692256725;5;10.159474958463182;Cubic;Pm-3m;True
mp-1185414;LiSiO3;0.0;0.32128618968888834;43.19374764725567;3.191798941857309;5;8.638749529451134;Cubic;Pm-3m;True
mp-1185388;LiPmO3;0.0;0.28754624396428596;52.5712357067057;6.3153709161578755;5;10.51424714134114;Cubic;Pm-3m;True
mp-1185404;LiPrO3;0.0;0.23509200108928408;54.47924863528783;5.969453582721875;5;10.895849727057566;Cubic;Pm-3m;True
mp-1185420;LiRuO3;0.0;0.21108263079166534;56.39139875519791;4.593951869070724;5;11.278279751039582;Cubic;Pm-3m;True
mp-1185485;LuAlO3;3.1252000000000004;0.25549233975000263;49.724309536241876;8.346949982119417;5;9.944861907248375;Cubic;Pm-3m;True
mp-1185490;LuPdO3;0.0;0.6842253166249987;62.275768249188445;8.782822094389106;5;12.455153649837689;Cubic;Pm-3m;True
mp-1185488;LuGaO3;3.0273999999999996;0.4645502310000085;53.43810750805216;9.095011290185306;5;10.687621501610433;Cubic;Pm-3m;True
mp-1185498;LuNpO3;0.04929999999999968;0.5750024781874927;74.00526393698391;10.320754826223915;5;14.801052787396781;Cubic;Pm-3m;True
mp-1185514;LuGeO3;0.0;0.8302133093437503;58.23110114881499;8.429584429830062;5;11.646220229763;Cubic;Pm-3m;True
mp-1185529;LuReO3;0.0;0.9860505965999966;61.92415282345703;10.972236082954883;5;12.384830564691406;Cubic;Pm-3m;True
mp-1185552;CsTaO3;1.8626999999999998;0.25341568986363505;71.1719581712204;8.44249085325115;5;14.23439163424408;Cubic;Pm-3m;True
mp-1185544;CsTlO3;0.0;0.36811675650000364;93.26801547114742;6.859629564788676;5;18.653603094229485;Cubic;Pm-3m;True
mp-1185545;CsPbO3;0.0;0.21498516866666595;89.94995765714654;7.164664593027466;5;17.989991531429308;Cubic;Pm-3m;True
mp-1185548;CsAuO3;0.0;0.4482145240000017;78.95204306569005;7.947460767592948;5;15.790408613138009;Cubic;Pm-3m;True
mp-1185550;CsEuO3;0.0;0.30561771949999894;97.4962479003604;5.66934372002196;5;19.49924958007208;Cubic;Pm-3m;True
mp-1185551;CsTbO3;0.0;0.2923406153750001;96.95295739897536;5.820341633157882;5;19.39059147979507;Cubic;Pm-3m;True
mp-1185561;CsSbO3;0.0;0.32557818750000056;73.8242428170085;6.807856058445905;5;14.7648485634017;Cubic;Pm-3m;True
mp-1185564;CsYbO3;0.0;0.4376385887500014;87.93403677090595;6.6838426138379035;5;17.58680735418119;Cubic;Pm-3m;True
mp-1185613;MgTlO3;0.0;0.5695647169999987;62.506207052787076;7.350449895395585;5;12.501241410557416;Cubic;Pm-3m;True
mp-1185612;MgZnO3;0.0;0.7038007069999983;55.75597083930134;4.101381160163298;5;11.151194167860268;Cubic;Pm-3m;True
mp-1185614;MgUO3;0.0;0.6235247140000162;55.435344139022334;9.295849083268036;5;11.087068827804467;Cubic;Pm-3m;True
mp-1185692;MgBeO3;0.0;0.649928676;42.52784519741567;3.1750343354654476;5;8.505569039483134;Cubic;Pm-3m;True
mp-1185693;MgBO3;0.0;1.0138106532500029;37.83958725006121;3.6473541682674506;5;7.567917450012241;Cubic;Pm-3m;True
mp-1185847;MgBiO3;0.0;0.4565172756666671;60.95774362961122;7.66239659532891;5;12.191548725922244;Cubic;Pm-3m;True
mp-1185841;MgAlO3;0.0;0.42934857399999693;49.60497747034924;3.323581539601671;5;9.920995494069848;Cubic;Pm-3m;True
mp-1185882;MgHgO3;0.0;0.5123730264999988;62.734466400036546;7.223299188567502;5;12.546893280007309;Cubic;Pm-3m;True
mp-1185889;MgInO3;0.0;0.8000117284999995;58.578606738934866;5.304360764467763;5;11.715721347786973;Cubic;Pm-3m;True
mp-1185896;MgMoO3;0.0;0.6407682829999999;64.1182487522513;4.357174628390204;5;12.823649750450262;Cubic;Pm-3m;True
mp-1185941;MgReO3;0.0;0.649838266071427;60.35474831531324;7.112386329103607;5;12.070949663062647;Cubic;Pm-3m;True
mp-1185996;MnBO3;0.0;1.0809943220520726;39.20780690160286;4.817452421619465;5;7.841561380320572;Cubic;Pm-3m;True
mp-1186097;NaAlO3;0.0;0.21697979450000116;52.919372158527665;3.0741520309475256;5;10.583874431705533;Cubic;Pm-3m;True
mp-1186101;NaAgO3;0.0;0.3956093030000005;69.5491383976443;4.270328341218798;5;13.90982767952886;Cubic;Pm-3m;True
mp-1186113;NiSbO3;0.0;0.662873084874998;54.94858203961168;6.903777915211969;5;10.989716407922336;Cubic;Pm-3m;True
mp-1186110;NpAlO3;0.0;0.042764798062499665;53.406004744739306;9.700305183524877;5;10.681200948947861;Cubic;Pm-3m;True
mp-1186133;NaGeO3;0.0;0.2341043824999991;53.35964417444054;4.46966725638931;5;10.671928834888108;Cubic;Pm-3m;True
mp-1186112;NiPtO3;0.0;1.2424035669999984;61.83793399368838;8.103604720977922;5;12.367586798737676;Cubic;Pm-3m;True
mp-1186118;NaCaO3;0.0;0.5469543350000023;91.52885364358447;2.0149862461413632;5;18.305770728716894;Cubic;Pm-3m;True
mp-1186134;NaFeO3;0.0;0.1455868349999987;56.203056881149166;3.747324654634761;5;11.240611376229833;Cubic;Pm-3m;True
mp-1186126;NaCoO3;0.0;0.2224767197499995;53.30039279125477;4.047609367747676;5;10.660078558250955;Cubic;Pm-3m;True
mp-1186106;MoPbO3;0.0;0.11775063881250425;69.30224559771202;8.413561417257952;5;13.860449119542404;Cubic;Pm-3m;True
mp-1186138;NaInO3;0.0;0.40909349100000103;76.16468912288676;4.050933244540436;5;15.232937824577352;Cubic;Pm-3m;True
mp-1186154;NaNiO3;0.0;0.3208278035000012;55.793589759155374;3.8596007378275163;5;11.158717951831076;Cubic;Pm-3m;True
mp-1186167;NaSiO3;0.0;0.2580561452500012;45.165596736968496;3.64249292201265;5;9.033119347393699;Cubic;Pm-3m;True
mp-1186153;NaPbO3;0.0;0.30869535174999907;79.72380712196995;5.794279126512719;5;15.944761424393992;Cubic;Pm-3m;True
mp-1186198;NaZnO3;0.0;0.4120601989999999;59.646539963363715;3.7972445092512985;5;11.929307992672744;Cubic;Pm-3m;True
mp-1186199;NaYbO3;0.0;0.5583557942500015;80.10341817872687;5.0586852110920715;5;16.020683635745375;Cubic;Pm-3m;True
mp-1186216;NbBiO3;0.0;0.426396189815784;69.41198791748614;8.370278626927623;5;13.882397583497228;Cubic;Pm-3m;True
mp-1186220;NbFeO3;0.0;0.5558583015000185;64.17497521827609;5.0909309005943895;5;12.834995043655217;Cubic;Pm-3m;True
mp-1186312;NdNpO3;0.0;1.0371019793124958;90.83334720707875;7.84700931945275;5;18.16666944141575;Cubic;Pm-3m;True
mp-1186316;NdInO3;1.6467999999999998;0.42484623274999933;71.77626339859677;7.103770987641289;5;14.355252679719353;Cubic;Pm-3m;True
mp-1186329;NpRuO3;0.0;0.7717826082500032;62.217858564191054;10.30381540223226;5;12.44357171283821;Cubic;Pm-3m;True
mp-1186326;NdReO3;0.0;0.6074133945000053;64.03615080453494;9.813618608051573;5;12.807230160906988;Cubic;Pm-3m;True
mp-1186334;NpMoO3;0.0;0.6744095275000053;65.25116984680244;9.694274683951258;5;13.050233969360487;Cubic;Pm-3m;True
mp-1186320;NpHgO3;0.0;0.16150768749999855;77.6902836757368;10.37888059299703;5;15.538056735147359;Cubic;Pm-3m;True
mp-1186345;NiPdO3;0.0;0.7809306560000007;50.24692203567436;7.0428221969258775;5;10.049384407134871;Cubic;Pm-3m;True
mp-1186346;NpSnO3;0.0;0.8209416810000043;71.96212269995561;9.315640136665708;5;14.392424539991122;Cubic;Pm-3m;True
mp-1186349;NpSiO3;0.0;0.6173401541666692;54.13223823303124;9.604031399071088;5;10.826447646606248;Cubic;Pm-3m;True
mp-1186324;NdTaO3;0.0;0.4378589512133342;66.58145441296672;9.307297240033813;5;13.316290882593345;Cubic;Pm-3m;True
mp-1186357;NpTaO3;0.0;0.41800677632000394;65.86447407961451;11.74717752873693;5;13.172894815922902;Cubic;Pm-3m;True
mp-1186395;PaHgO3;0.0;0.0;81.90972617319578;9.723320543774904;5;16.381945234639154;Cubic;Pm-3m;True
mp-1186392;PaBeO3;0.0;0.4520099250000005;46.95550918588978;10.186495259029154;5;9.391101837177956;Cubic;Pm-3m;True
mp-1186400;PaCoO3;0.0;0.6302286235000043;54.1024933511181;10.373049916789673;5;10.82049867022362;Cubic;Pm-3m;True
mp-1186403;PaTaO3;0.0;0.7367426743200021;65.83394786941436;11.60219066754854;5;13.166789573882872;Cubic;Pm-3m;True
mp-1186404;PaOsO3;0.0;1.1644629560000013;62.12604951273307;12.542747278999165;5;12.425209902546614;Cubic;Pm-3m;True
mp-1186401;PaSiO3;0.0;1.0036761901666704;55.782551954834126;9.142358023226043;5;11.156510390966826;Cubic;Pm-3m;True
mp-1186471;PrPbO3;0.0;0.5854630621250037;93.4090064158571;7.04160406572;5;18.68180128317142;Cubic;Pm-3m;True
mp-1186515;PrCuO3;0.0;0.024692680187500038;56.9104200105911;7.366070393929908;5;11.382084002118221;Cubic;Pm-3m;True
mp-1186533;PmBeO3;0.0;0.2734707282499995;48.16743617261043;6.964168290717516;5;9.633487234522086;Cubic;Pm-3m;True
mp-1186557;PmErO3;1.6957999999999998;0.63507635675;77.65505796283766;7.70356975003494;5;15.531011592567532;Cubic;Pm-3m;True
mp-1186571;PmEuO3;0.0;0.7983015077500006;87.94284464083904;6.513585189790257;5;17.58856892816781;Cubic;Pm-3m;True
mp-1186600;PmMgO3;0.0;0.31246738925000095;57.368701080609554;6.289848760813228;5;11.47374021612191;Cubic;Pm-3m;True
mp-1186597;PmInO3;1.6185;0.47924233475000033;71.27102965144373;7.171789556658079;5;14.254205930288744;Cubic;Pm-3m;True
mp-1186662;PuGaO3;0.0;0.2689982405000073;58.10927082340733;10.3365982079175;5;11.621854164681466;Cubic;Pm-3m;True
mp-1186669;PmWO3;0.0;0.5555465584999943;70.30692641341699;8.900325838196121;5;14.061385282683398;Cubic;Pm-3m;True
mp-1186742;PrBeO3;0.0;0.252533759374999;49.85265037165066;6.592440364347207;5;9.970530074330131;Cubic;Pm-3m;True
mp-1186756;SrYbO3;0.0;0.2714117672499974;77.2777039711498;6.632430490350359;5;15.455540794229961;Cubic;Pm-3m;True
mp-1186755;SrTaO3;0.0;0.059606806506677046;67.26411512562386;7.815019089348031;5;13.452823025124772;Cubic;Pm-3m;True
mp-1186757;SrZnO3;0.0;0.16797229800000046;63.04788092844678;5.294603317349245;5;12.609576185689356;Cubic;Pm-3m;True
mp-1186764;SrWO3;0.0;0.19504557100000142;68.98501547948386;7.689681857716211;5;13.797003095896773;Cubic;Pm-3m;True
mp-1186747;PrHfO3;0.0;0.22375293974999622;70.23453716496483;8.686255897880342;5;14.046907432992967;Cubic;Pm-3m;True
mp-1186758;SrTmO3;0.0;0.205895362999998;80.4155987800097;6.288844241802225;5;16.083119756001942;Cubic;Pm-3m;True
mp-1186812;PuTiO3;0.0;0.08042102100000292;60.121389727310586;9.38699929136776;5;12.024277945462117;Cubic;Pm-3m;True
mp-1186799;PuPbO3;0.0;0.21449028581250218;82.77001583757489;10.01495657390256;5;16.554003167514978;Cubic;Pm-3m;True
mp-1186797;PuInO3;0.0;0.6572246968888944;71.40333675976989;9.460821085187467;5;14.280667351953976;Cubic;Pm-3m;True
mp-1186787;PuMgO3;0.0;0.6129025160000019;56.08996317733968;9.364132038450162;5;11.217992635467937;Cubic;Pm-3m;True
mp-1186801;PuSbO3;0.0;0.6560198416666712;80.38123021840794;8.547538452934406;5;16.076246043681586;Cubic;Pm-3m;True
mp-1186884;RbMgO3;0.0;0.40636991600000094;73.81009484134074;3.5494455061428876;5;14.762018968268148;Cubic;Pm-3m;True
mp-1186888;RbPuO3;0.0;0.022020938000004264;78.55915213020248;7.978663506323424;5;15.711830426040496;Cubic;Pm-3m;True
mp-1186893;RbSnO3;0.0;0.18585081483333177;74.11954479593331;5.649631300311832;5;14.823908959186662;Cubic;Pm-3m;True
mp-1186885;RbGeO3;0.0;0.4199266876666652;61.565349989323494;5.559085839651314;5;12.313069997864698;Cubic;Pm-3m;True
mp-1186897;RbRhO3;0.0;0.11586838300000046;66.07194957741817;5.940555909725605;5;13.214389915483633;Cubic;Pm-3m;True
mp-1186886;RbHgO3;0.0;0.36366087350000065;83.95126452155172;6.607560259735398;5;16.790252904310343;Cubic;Pm-3m;True
mp-1186920;SbAuO3;0.0;0.40225028316666567;64.11512496108023;9.497927467735876;5;12.823024992216045;Cubic;Pm-3m;True
mp-1186948;SbPbO3;0.0;0.17029225060937048;74.967601732332;8.349657771962548;5;14.9935203464664;Cubic;Pm-3m;True
mp-1186927;SbPdO3;0.0;0.5075797387500032;63.684440061159755;7.201204731384581;5;12.736888012231951;Cubic;Pm-3m;True
mp-1186980;ScCoO3;0.7862;0.5592311030892869;49.10300326279377;5.136443610113229;5;9.820600652558754;Cubic;Pm-3m;True
mp-1186993;ScSiO3;0.0;0.7078265899687519;45.978363101869;4.371425841489946;5;9.1956726203738;Cubic;Pm-3m;True
mp-1187025;SmAlO3;4.0771;0.005184445499970991;214.38642301701807;6.9815137443814175;20;10.719321150850904;Orthorhombic;Pnma;True
mp-1186997;SiMoO3;0.0;0.8953065618333378;48.44761250350568;5.896102199246731;5;9.689522500701136;Cubic;Pm-3m;True
mp-1186999;SiAgO3;0.0;0.4860400653333361;47.48972232323486;6.432114188265438;5;9.497944464646972;Cubic;Pm-3m;True
mp-1187065;SnGeO3;0.0;0.31299769600000005;57.701963183861174;6.887929201113229;5;11.540392636772236;Cubic;Pm-3m;True
mp-1187145;SrDyO3;0.0;0.25280565;83.6217141622725;5.919956595190815;5;16.7243428324545;Cubic;Pm-3m;True
mp-1187146;SrAuO3;0.0;0.27454358999999595;70.7442566555607;7.806570155102805;5;14.14885133111214;Cubic;Pm-3m;True
mp-1187147;SrErO3;0.0;0.22295985224999892;81.45420436686246;6.174505387345046;5;16.290840873372492;Cubic;Pm-3m;True
mp-1187143;SrBeO3;0.0;0.37697198499999907;52.0571061965092;4.613479645934076;5;10.411421239301841;Cubic;Pm-3m;True
mp-1187183;SrLiO3;0.0;0.2879579610000018;59.75065311696792;3.9618834085472963;5;11.950130623393584;Cubic;Pm-3m;True
mp-1187182;SrMgO3;0.0;0.22068589599999644;65.23522261710269;4.070787390201769;5;13.047044523420539;Cubic;Pm-3m;True
mp-1187192;SrSbO3;0.0;0.13209844079999478;74.54787045732388;5.733048495771179;5;14.909574091464776;Cubic;Pm-3m;True
mp-1187191;SrScO3;0.0;0.09125746724999839;70.95413907681151;4.225974294282286;5;14.190827815362303;Cubic;Pm-3m;True
mp-1187189;TaAgO3;1.7306000000000004;0.04500039250000043;63.96976476254995;8.74308781634897;5;12.79395295250999;Cubic;Pm-3m;True
mp-1187190;SrPdO3;0.0;0.07012186049999691;65.91341396431488;6.097603857822724;5;13.182682792862977;Cubic;Pm-3m;True
mp-1187226;SrReO3;0.0;0.1264082169333296;63.851842473577;8.369426742605555;5;12.7703684947154;Cubic;Pm-3m;True
mp-1187202;SrPtO3;0.0;0.15976486974999915;67.0436533800309;8.190841274192243;5;13.408730676006181;Cubic;Pm-3m;True
mp-1187220;TaFeO3;0.0;0.5382121325000551;63.017091198476514;7.504419925230601;5;12.603418239695303;Cubic;Pm-3m;True
mp-1187260;TaInO3;0.0;0.1784758237777826;67.27805888471052;8.48469314950861;5;13.455611776942103;Cubic;Pm-3m;True
mp-1187247;SrMoO3;0.0;0.040237730000004746;134.51072644002824;5.71718624983006;10;13.451072644002824;Tetragonal;I4/mcm;True
mp-1187310;TbBeO3;0.0;0.3317775783750001;45.99403544769507;7.796004761739335;5;9.198807089539013;Cubic;Pm-3m;True
mp-1187321;TbCuO3;0.0;0.16570828950000127;54.13507164738998;8.296382383191416;5;10.827014329477995;Cubic;Pm-3m;True
mp-1187347;TbMgO3;0.0;0.44912189137500036;57.35423346911667;6.694606795354929;5;11.470846693823335;Cubic;Pm-3m;True
mp-1187352;TbNiO3;0.0;0.19866850399999958;52.25900745238172;8.440024875027898;5;10.451801490476344;Cubic;Pm-3m;True
mp-1187342;TbErO3;1.7284000000000002;0.8259334588750011;76.75262073438618;8.09542055030755;5;15.350524146877238;Cubic;Pm-3m;True
mp-1187364;TbSiO3;0.0;0.7094974339999887;51.82427694555707;7.5300946211894875;5;10.364855389111414;Cubic;Pm-3m;True
mp-1187359;TbOsO3;0.0;0.7268624563333326;62.269216857666834;10.590931111960396;5;12.453843371533367;Cubic;Pm-3m;True
mp-1187377;TbTeO3;0.0;1.1028784879010392;77.89026142912171;7.131692897889361;5;15.578052285824342;Cubic;Pm-3m;True
mp-1187389;TbVO3;0.0;0.4001705770000008;56.75255092161906;7.544947021419163;5;11.350510184323813;Cubic;Pm-3m;True
mp-1187400;TcSnO3;0.0;0.33065778574999793;63.24387741514354;6.9502112446103474;5;12.648775483028707;Cubic;Pm-3m;True
mp-1187421;ThBeO3;2.6967999999999996;0.40292563899999934;48.99965010566739;9.795503227398386;5;9.799930021133479;Cubic;Pm-3m;True
mp-1187416;ThBO3;0.0;1.1899932451562556;49.922780730192386;9.674205468010834;5;9.984556146038477;Cubic;Pm-3m;True
mp-1187425;ThSiO3;0.0;1.1082461214999952;58.593404576833066;8.732181107405548;5;11.718680915366614;Cubic;Pm-3m;True
mp-1187442;ThPdO3;0.0;0.9338902810000027;66.22347133013452;9.690306250477276;5;13.244694266026903;Cubic;Pm-3m;True
mp-1187465;TiBeO3;0.0;1.0336706334999999;38.92037628226892;4.474596776608929;5;7.784075256453784;Cubic;Pm-3m;True
mp-1187448;ThWO3;0.0;1.138614586500001;70.70192979791614;10.894817936033126;5;14.140385959583227;Cubic;Pm-3m;True
mp-1187469;TiCuO3;0.0;0.5458167405000021;57.101005279421834;4.635794489572953;5;11.420201055884366;Cubic;Pm-3m;True
mp-1187460;ThMoO3;0.0;0.9487271415000027;69.39050638341453;8.997243301075654;5;13.878101276682907;Cubic;Pm-3m;True
mp-1187488;TiTeO3;0.0;0.5989591473333338;62.21540914976123;5.964321383000108;5;12.443081829952245;Cubic;Pm-3m;True
mp-1187494;TlBO3;0.0;1.1100852811666657;44.17078148014977;9.894355821916625;5;8.834156296029954;Cubic;Pm-3m;True
mp-1187483;TlCuO3;0.0;0.31950305712499993;56.751354716769065;9.24400764200982;5;11.350270943353813;Cubic;Pm-3m;True
mp-1187485;YbWO3;0.0;0.951889923749988;61.36772489668335;10.955531924735588;5;12.27354497933667;Cubic;Pm-3m;True
mp-1187481;TlGaO3;0.0;0.43010489099999827;59.724888506857425;8.95551452496274;5;11.944977701371485;Cubic;Pm-3m;True
mp-1187487;ThCuO3;0.0;0.530382224000002;57.88331164717667;9.856584737159862;5;11.576662329435333;Cubic;Pm-3m;True
mp-1187515;YbSnO3;1.7074999999999996;1.047654392499993;67.42555418400103;8.367230592657299;5;13.485110836800207;Cubic;Pm-3m;True
mp-1187518;YbTcO3;0.0;0.7427293312499934;59.734170062156586;8.868883505481922;5;11.946834012431317;Cubic;Pm-3m;True
mp-1187479;YbTaO3;0.0;0.8827396511133543;63.34264271803532;10.538139274886012;5;12.668528543607064;Cubic;Pm-3m;True
mp-1187516;YbSiO3;4.068899999999999;0.9078299743125005;47.896258007946656;8.636992826773024;5;9.57925160158933;Cubic;Pm-3m;True
mp-1187480;YbPtO3;0.0;0.9244611492500248;63.316917839497954;10.913152347316164;5;12.66338356789959;Cubic;Pm-3m;True
mp-1187493;YbScO3;0.0;0.7121301611250033;62.482436628725175;7.06908435250781;5;12.496487325745035;Cubic;Pm-3m;True
mp-1187535;YbReO3;0.0;1.0128904382499861;60.62195365801589;11.155143053373381;5;12.124390731603178;Cubic;Pm-3m;True
mp-1187542;YbPuO3;0.0;1.2193612660000177;79.98423801174867;9.654578437401678;5;15.996847602349735;Cubic;Pm-3m;True
mp-1187557;TmScO3;2.5715999999999997;0.628655032124998;64.08062583322518;6.78638488186272;5;12.816125166645037;Cubic;Pm-3m;True
mp-1187556;ThReO3;0.0;1.098486394333337;64.07673464732868;12.082624888921394;5;12.815346929465736;Cubic;Pm-3m;True
mp-1187533;TlGeO3;0.0;0.3576144115625013;57.634793859463905;9.364324270943127;5;11.526958771892781;Cubic;Pm-3m;True
mp-1187529;TlSiO3;0.0;0.5353082439999977;50.85047420789469;9.158742731458737;5;10.170094841578939;Cubic;Pm-3m;True
mp-1187530;TlHgO3;0.0;0.6046997844999988;77.36541033597288;9.722392340334466;5;15.473082067194577;Cubic;Pm-3m;True
mp-1187568;YbCdO3;0.0;1.0892067513749986;67.22070115086764;8.237126578870441;5;13.444140230173527;Cubic;Pm-3m;True
mp-1187578;YbNbO3;0.0;0.862383262611111;64.95432197546498;8.025905354883022;5;12.990864395092995;Cubic;Pm-3m;True
mp-1187561;YbGaO3;0.0;0.39801374174999893;53.58790293782371;9.009875472945122;5;10.717580587564743;Cubic;Pm-3m;True
mp-1187576;YbNdO3;2.2804;0.4938107365000093;73.65118249533525;8.235604950963662;5;14.73023649906705;Cubic;Pm-3m;True
mp-1187595;YbNiO3;0.0;0.2635039272916675;49.6181154049852;9.361606075123769;5;9.92362308099704;Cubic;Pm-3m;True
mp-1187570;YbPdO3;0.0;0.6579003947500013;59.980048031809936;9.065633529500372;5;11.996009606361987;Cubic;Pm-3m;True
mp-1187577;TmCrO3;1.9288999999999996;0.3989501684999972;56.34323775911637;7.925818880175876;5;11.268647551823275;Cubic;Pm-3m;True
mp-1187572;YbCrO3;0.0;0.37874185775000413;53.622082005237736;8.455175654330949;5;10.724416401047547;Cubic;Pm-3m;True
mp-1187562;YbCuO3;0.0;0.3166037421875014;51.1109793359422;9.245825234364618;5;10.22219586718844;Cubic;Pm-3m;True
mp-1187569;YbInO3;0.0;0.8942162628750019;67.31772290900678;8.284628735776671;5;13.463544581801354;Cubic;Pm-3m;True
mp-1187623;TlTcO3;0.0;0.03597912229166411;63.556834845711684;9.15436036406161;5;12.711366969142336;Cubic;Pm-3m;True
mp-1187621;TlWO3;0.0;0.1577519640000027;67.77767792105595;10.687336386716982;5;13.55553558421119;Cubic;Pm-3m;True
mp-1187655;TmGeO3;0.0;0.7538809103749973;58.73100332958047;8.18726520621413;5;11.746200665916094;Cubic;Pm-3m;True
mp-1187715;YbEuO3;0.0;0.44238159325000126;74.668272780079;8.295152717907241;5;14.9336545560158;Cubic;Pm-3m;True
mp-1187714;UPdO3;0.6282000000000005;0.4410877060000047;74.63127625787703;8.73191229355351;5;14.926255251575407;Cubic;Pm-3m;True
mp-1187745;UHgO3;0.0;0.24559588750000216;78.90639189116675;10.240573715174508;5;15.781278378233349;Cubic;Pm-3m;True
mp-1187750;VOsO3;0.0;1.0829107200000054;59.878485316366636;8.019200583663197;5;11.975697063273326;Cubic;Pm-3m;True
mp-1187752;UBeO3;0.0;0.4390261449999784;45.87033247113277;10.680634842592784;5;9.174066494226555;Cubic;Pm-3m;True
mp-1187746;VCoO3;0.0;0.5410671914999963;53.84456178860735;4.868720282286195;5;10.76891235772147;Cubic;Pm-3m;True
mp-1187736;UTiO3;0.0;0.3075792819999794;60.35636391639875;9.18617654478404;5;12.071272783279749;Cubic;Pm-3m;True
mp-1187767;USiO3;0.0;0.7788711141666713;54.68087788655943;9.53891526810398;5;10.936175577311886;Cubic;Pm-3m;True
mp-1187744;VBiO3;0.0;0.2737100111250017;61.15148173351132;8.361422187347438;5;12.230296346702264;Cubic;Pm-3m;True
mp-1187783;UTcO3;0.0;0.892489728250002;62.43743604560292;10.213296061895976;5;12.487487209120584;Cubic;Pm-3m;True
mp-1187784;UBO3;0.0;0.9734987449791657;46.18361720936252;10.672859957349717;5;9.236723441872503;Cubic;Pm-3m;True
mp-1187779;UReO3;0.0;1.0644196647777893;63.10483032393257;12.426357622805778;5;12.620966064786513;Cubic;Pm-3m;True
mp-1187781;UIrO3;0.0;1.3472013400000105;64.44878895065206;12.322078382945923;5;12.889757790130412;Cubic;Pm-3m;True
mp-1187797;YbZnO3;0.0;0.5752600693750001;53.55546376489233;8.881573108410876;5;10.711092752978466;Cubic;Pm-3m;True
mp-1187862;YSiO3;0.0;0.7363874534166648;51.624579106919604;5.306999078309336;5;10.324915821383922;Cubic;Pm-3m;True
mp-1187905;YbBeO3;0.0;0.5098551063749994;42.78656336539638;8.928215240579913;5;8.557312673079277;Cubic;Pm-3m;True
mp-1187924;YbAuO3;0.0;0.9985922152499995;66.95613126911024;10.366686915192245;5;13.39122625382205;Cubic;Pm-3m;True
mp-1188011;ZrBeO3;0.6259000000000006;0.6621124320000007;41.75165948717156;5.8955496785425305;5;8.350331897434312;Cubic;Pm-3m;True
mp-1188025;ZrNiO3;0.0;1.0092109740000028;50.26469396929328;6.538318652641421;5;10.052938793858656;Cubic;Pm-3m;True
mp-1188026;ZrBO3;0.0;1.1624291192999987;40.99870729715771;6.076679160378302;5;8.199741459431541;Cubic;Pm-3m;True
mp-1188081;PuNiO3;0.0;0.5158323470000017;53.90057700340984;10.803912227233212;5;10.780115400681968;Cubic;Pm-3m;True
mp-1188225;SmVO3;1.5136000000000003;0.0;233.71479456005082;7.08507807559729;20;11.685739728002542;Orthorhombic;Pnma;False
mp-1188346;CoBiO3;0.38780000000000037;0.08222879499999891;225.4877037010106;9.305764692618927;20;11.27438518505053;Orthorhombic;Pnma;False
mp-1188379;TbMnO3;0.9401000000000002;0.31423652450000183;270.82295315671564;6.422371576394185;20;13.541147657835783;Orthorhombic;Pnma;False
mp-1188414;SrTcO3;0.0;0.0;248.55721198037097;6.242943348453748;20;12.427860599018548;Orthorhombic;Pnma;False
mp-1188449;ScRhO3;1.0496999999999996;0.051140098124996314;215.03220185571337;6.049931776594902;20;10.751610092785668;Orthorhombic;Pnma;True
mp-1188497;CaMnO3;0.0;0.11974854383333788;231.9933662023385;4.094612619698311;20;11.599668310116925;Hexagonal;P6_3/mmc;True
mp-1188528;NaNbO3;2.853;0.0028805844999979513;240.3429142597092;4.529411170584009;20;12.01714571298546;Orthorhombic;Pna2_1;False
mp-1188613;MnPbO3;0.0;0.060138137884657716;317.29380021179304;6.492321642173754;20;15.864690010589651;Monoclinic;P2/c;False
mp-1188609;HoCoO3;0.16200000000000014;0.4204078654999943;268.29687484690714;6.7304101005080845;20;13.414843742345358;Orthorhombic;Pnma;True
mp-1188804;DyMnO3;1.0173;0.32379329116666433;265.476147196803;6.641157931272385;20;13.273807359840152;Orthorhombic;Pnma;True
mp-1188902;CaCO3;5.7396;0.0027308325000046096;233.29606311051344;2.849567292669833;20;11.664803155525671;Triclinic;P-1;False
mp-1188853;CaTcO3;0.0;0.0;234.84739259201066;5.262767390957751;20;11.742369629600534;Orthorhombic;Pnma;False
mp-1189181;VNO3;0.0;0.39570855150000295;302.6454717235132;2.4788331882289913;20;15.13227358617566;Orthorhombic;Pbcm;True
mp-1189194;NaNbO3;1.6606999999999998;0.029542810499997074;252.06532184664687;4.318768931177841;20;12.603266092332344;Orthorhombic;Pnma;False
mp-1189476;NdMnO3;0.0;0.011342368500001143;245.81178102559846;6.679079921996676;20;12.290589051279923;Monoclinic;P2_1/c;False
mp-1189541;NaBrO3;4.5937;0.1321937809999998;470.7613416419403;2.128993933969142;20;23.538067082097015;Cubic;P2_13;False
mp-1189614;BaThO3;4.6395;0.0;367.7631283410378;7.5379824213278;20;18.388156417051892;Orthorhombic;Pnma;True
mp-1189578;VNO3;0.1755;1.3895059370000036;398.6705495678396;1.8817734101219448;20;19.93352747839198;Orthorhombic;Pbcm;False
mp-1189706;CdTcO3;0.0;0.11591081350000021;238.9613288887264;7.182728257561272;20;11.94806644443632;Orthorhombic;Pnma;False
mp-1189736;ErNiO3;0.37260000000000026;0.0015767070000007877;213.8945756855631;8.507100711573196;20;10.694728784278155;Monoclinic;P2_1/c;False
mp-1189762;EuCrO3;0.0;0.11018727949999985;223.9490845861657;7.472887896135861;20;11.197454229308285;Orthorhombic;Pnma;False
mp-1189809;CaBO3;0.5519844607983625;0.1026162920000031;265.8473593089517;2.4706818144509075;20;13.292367965447585;Monoclinic;P2_1/c;True
mp-1189840;SrBO3;0.4517;0.06246880725000192;280.49127487221403;3.467507608448428;20;14.024563743610702;Orthorhombic;Pnma;False
mp-1190015;NaNbO3;2.2325999999999997;0.00364489049999861;240.47507264074594;4.526921932756651;20;12.023753632037296;Orthorhombic;Pmn2_1;False
mp-1190109;KNO3;2.8553;0.04361100300000054;352.01076159971836;1.907735011621495;20;17.600538079985917;Orthorhombic;Pnma;False
mp-1192552;KAsO3;3.1487999999999996;0.005265859083332991;525.9776900948693;3.068997677909058;30;17.532589669828976;Triclinic;P-1;False
mp-1192651;BaFeO3;0.0;0.0;377.7430168733332;6.361031518317205;30;12.591433895777774;Hexagonal;P6_3/mmc;False
mp-1192792;SrRuO3;0.007200000000000095;4.160273152500002;3116.7945187666323;0.5044028419401599;20;155.8397259383316;Orthorhombic;Pnma;False
mp-1192969;SrCuO3;0.0;0.04592830647917179;353.5358139858937;5.612782447722129;30;11.784527132863124;Orthorhombic;Pmma;True
mp-1193035;FeBiO3;1.6585999999999999;0.05641126100000182;379.3144417492893;8.216757691870965;30;12.64381472497631;Monoclinic;C2/m;False
mp-1193069;HoMnO3;0.4942000000000002;0.3161227680000014;382.6825028512317;6.973972833236376;30;12.756083428374389;Orthorhombic;Cmc2_1;True
mp-1193101;SrMnO3;0.0;0.01504554183333262;340.51092050106075;5.575611305215785;30;11.350364016702025;Hexagonal;P6_3/mmc;False
mp-1193395;LuFeO3;0.0;0.013801381291665749;356.53614196145696;7.791219605951451;30;11.884538065381898;Hexagonal;P6_3cm;False
mp-1193602;CaRhO3;0.0;0.005130363333334387;335.78585891720996;5.6666932071779055;30;11.192861963907;Monoclinic;P2_1/m;False
mp-1193780;MnInO3;0.8029999999999999;0.016639308020833354;364.4210670563086;5.9533786150152475;30;12.147368901876952;Trigonal;P-3c1;False
mp-1193907;SrIrO3;0.0;0.0034682963333327876;384.2771400263827;8.499852336724901;30;12.809238000879423;Monoclinic;C2/c;False
mp-1194043;ErBO3;5.634;0.0;317.461550106139;7.09493943215949;30;10.582051670204633;Monoclinic;C2/c;False
mp-1194303;GdBO3;4.7213;0.0;339.92516006133087;6.332712931308788;30;11.33083866871103;Monoclinic;C2/c;False
mp-1194399;CaCO3;4.9216;0.007298891666670748;376.2607498876414;2.6502611466125927;30;12.542024996254714;Monoclinic;C2/c;False
mp-1194603;MnBiO3;1.9016357170249796;0.026212832099997918;510.99412175468444;8.108896023936728;40;12.774853043867111;Monoclinic;P2_1/c;False
mp-1194823;NaNbO3;1.7153000000000003;0.025033965999996965;1520.8843988781503;4.294653353357957;120;12.674036657317918;Orthorhombic;Pnma;False
mp-1194970;KAsO3;3.9895;0.0;642.3945321837153;3.35043181650552;40;16.059863304592884;Orthorhombic;Pbcn;False
mp-1195015;CeAsO3;0.28609999999999935;0.07951850091667012;582.7221069567656;5.99642563355893;40;14.56805267391914;Monoclinic;P2_1/c;False
mp-1195114;KAsO3;4.056900000000001;0.0028843527499988753;2092.85185185622;3.0852146712657467;120;17.440432098801832;Monoclinic;P2_1/c;False
mp-1195263;CaTeO3;3.5195;0.02708040310000115;743.2879959459007;3.854643242345814;40;18.582199898647517;Orthorhombic;Pca2_1;False
mp-1195541;PPbO3;0.0;0.3107895189999983;671.9264895888821;5.657758468444847;40;16.798162239722053;Orthorhombic;Cmc2_1;False
mp-1195746;MgSiO3;4.4998000000000005;0.02162311441666631;436.5315647670951;3.0549792387550094;40;10.913289119177378;Monoclinic;P2/c;True
mp-1195796;TeHO3;2.273464712265588;0.0;460.96846686936004;5.089482970890784;40;11.524211671734001;Orthorhombic;Pna2_1;False
mp-1195803;NaNbO3;1.6547999999999998;0.025354434666665426;755.5617916483899;4.32239385044992;60;12.592696527473164;Orthorhombic;Pnma;False
mp-1196002;MgSiO3;4.5845;0.01683866629166708;876.3740558702989;3.043437578946499;80;10.954675698378736;Monoclinic;P2/c;True
mp-1196213;LiNbO3;3.6404;0.013330627000003759;486.2850493830286;4.038838735735236;40;12.157126234575715;Monoclinic;P2_1/c;False
mp-1196533;CsNO3;3.2875;0.02167331633333447;805.4727175306276;3.214571987084974;40;20.13681793826569;Cubic;Pa-3;False
mp-1196581;KPO3;5.0617;0.00989044462499411;4158.237430130767;2.2631929365990597;240;17.32598929221153;Cubic;Pa-3;False
mp-1196890;ScRhO3;1.1204903046814723;0.02461426387499621;432.8519261026267;6.0109708311179215;40;10.821298152565667;Monoclinic;P2_1/c;False
mp-1197085;PNO3;0.6162000000000001;0.8963390172500034;776.6437232130503;1.5903786635978876;40;19.416093080326256;Orthorhombic;Cmce;False
mp-1197230;CaCO3;4.925530420313324;0.0046937550000043515;572.3887566898225;2.903589663399904;50;11.44777513379645;Triclinic;P-1;False
mp-1197269;HgNO3;0.0;0.22121220099999928;950.1418551282242;5.50716617813193;60;15.835697585470403;Cubic;P4_132;False
mp-1197679;NaSeO3;0.333;0.1940341179999967;686.9175203566101;2.8998469704530647;40;17.172938008915253;Monoclinic;C2/c;False
mp-1197831;LiBrO3;0.0;0.2533212421973685;619.9494275575756;2.889427967185574;40;15.49873568893939;Orthorhombic;Pbca;False
mp-1197939;CaCO3;4.0435;0.008156122000008814;1170.318280569606;2.5562001285766267;90;13.0035364507734;Triclinic;P-1;False
mp-1198142;NaNbO3;1.7341;0.02836190049999665;1499.283297862638;4.35652907827582;120;12.494027482188649;Orthorhombic;Pmmn;True
mp-1198558;CdCO3;0.0;0.5671717884999996;563.0646567828524;4.067880684895422;40;14.076616419571309;Monoclinic;P2_1/c;False
mp-1198759;PNO3;0.08099999999999996;1.2820885692500026;721.50616315545;1.71191553127335;40;18.037654078886252;Orthorhombic;Cmce;False
mp-1198795;KSiO3;0.21320000000000003;0.15011417950000183;670.2223739368103;2.282994044652721;40;16.755559348420256;Orthorhombic;Cmce;False
mp-1199037;NaNbO3;1.7575;0.0424806867499985;519.1161887785881;4.1940972142672015;40;12.977904719464703;Orthorhombic;P222_1;True
mp-1199261;KSiO3;0.0;0.14791632575000246;671.4465340654475;2.2788317619666247;40;16.786163351636187;Monoclinic;P2_1/c;False
mp-1199435;HNO3;4.2749;0.0028689651250006776;421.3961537077176;1.9864496957165951;40;10.53490384269294;Monoclinic;P2_1/c;False
mp-1199561;FeSiO3;0.7031016582286722;0.015693276416667956;457.98957997841615;3.8266855009609655;40;11.449739499460403;Monoclinic;P2_1/c;False
mp-1199593;NaNbO3;1.6316000000000002;0.03270367687499842;1002.3876037534603;4.344075591287493;80;12.529845046918254;Orthorhombic;Pmmn;True
mp-1199652;MgBO3;0.1886000000000001;0.1826433575000026;417.8595139301743;2.6423115268370947;40;10.446487848254357;Monoclinic;P2_1/c;False
mp-1199778;MgSiO3;4.6372;0.01187665291666562;446.77388918539316;2.9849436139973817;40;11.169347229634829;Orthorhombic;Pna2_1;True
mp-1199904;FeBO3;1.5127000000000002;0.0919413762500021;402.110928972674;3.787766306221545;40;10.05277322431685;Monoclinic;P2_1/c;False
mp-1199914;MnSeO3;2.6527000000000003;0.007921510250000097;590.79741054001;4.090008736311331;40;14.76993526350025;Monoclinic;P2_1/c;False
mp-1200596;PNO3;0.3045;1.528099839500003;922.647906434001;1.3387095965882538;40;23.066197660850026;Orthorhombic;Pccn;False
mp-1200675;KIO3;2.8533;0.0010637869999996497;704.0856635733552;4.037656096200332;40;17.60214158933388;Trigonal;R3;False
mp-1202188;AgIO3;1.8079435668012565;0.010943250000000404;589.6520320460871;6.370565033864557;40;14.741300801152178;Orthorhombic;Pbca;False
mp-1202364;MnSeO3;2.3430000000000004;0.0;571.6395348681683;4.227080919195024;40;14.290988371704207;Monoclinic;P2_1/c;False
mp-1202570;CuGeO3;0.0;0.07262128300000281;1021.2219494029703;4.791829006912027;80;12.765274367537128;Orthorhombic;Pbam;False
mp-1202801;LiPO3;5.5885;0.0009896641333320133;1215.86885289899;2.3466647671332543;100;12.1586885289899;Monoclinic;Pc;False
mp-1202955;MnBiO3;0.0;0.034808669724998964;1024.836271058061;8.086361342136474;80;12.810453388225762;Orthorhombic;Pmn2_1;False
mp-1203220;InRhO3;1.039908569021823;0.04062212049999481;459.51381584522665;7.681880267268538;40;11.487845396130666;Monoclinic;P2_1/c;False
mp-1203293;NaNbO3;1.7941;0.024570768499998508;1497.3537389130663;4.36214310217251;120;12.477947824275553;Orthorhombic;Pnma;True
mp-1203481;NbAgO3;1.7362135447607383;0.06056518917307763;514.8489876818318;6.418921747658201;40;12.871224692045795;Orthorhombic;Pmc2_1;False
mp-1205336;BaMnO3;1.8948;0.007626374666666713;276.8088065448443;5.765228500175818;20;13.840440327242215;Hexagonal;P6_3mc;False
mp-1205362;NbAgO3;0.9891999999999999;0.07185741892307629;254.284099930991;6.498195059556588;20;12.714204996549551;Orthorhombic;Cmcm;False
mp-1205366;LuRhO3;1.0887000000000002;0.0;218.14931123596662;9.922030479041789;20;10.90746556179833;Orthorhombic;Pnma;False
mp-1205375;LaMnO3;0.0;0.16721607302380903;123.72434334359438;6.491650800471311;10;12.372434334359438;Tetragonal;P4/mbm;False
mp-1205364;CaTiO3;2.1378;0.011449592499999994;225.02899171175915;4.01262065010993;20;11.251449585587958;Orthorhombic;Cmcm;False
mp-1206033;VNiO3;0.0;0.030067912000024677;97.36441446710847;5.376829358808483;10;9.736441446710847;Triclinic;P-1;True
mp-1206118;VCoO3;0.11430000000000007;0.022131890499997198;104.84497603539772;5.000794887539418;10;10.484497603539772;Triclinic;P-1;True
mp-1206341;NdSbO3;0.0;0.7686863123333447;78.48933829513199;6.643062753161625;5;15.697867659026397;Cubic;Pm-3m;True
mp-1206706;EuGaO3;0.0;0.1642481145000012;135.502516149272;6.609808048378588;10;13.5502516149272;Hexagonal;P6_3/mmc;True
mp-1206844;RbPaO3;3.0009999999999994;0.0;84.09243655756401;7.197670054672071;5;16.818487311512804;Cubic;Pm-3m;True
mp-1206840;SrRhO3;0.0;0.030399611749996502;126.55303029275241;6.259477498043543;10;12.655303029275242;Tetragonal;I4/mcm;True
mp-1206846;SrRhO3;0.0;0.01756851374999613;121.7055259194724;6.508791112334899;10;12.170552591947239;Orthorhombic;Imma;True
mp-1206970;KPaO3;3.0477;0.0;82.6542619610523;6.3913370411247685;5;16.53085239221046;Cubic;Pm-3m;True
mp-1207000;DyBiO3;0.0;1.1387212700000013;86.47783908075132;8.054787345292361;5;17.295567816150264;Cubic;Pm-3m;True
mp-1207083;FeSnO3;0.0;0.7771393140000011;65.24543243440456;5.664124977402935;5;13.049086486880913;Cubic;Pm-3m;True
mp-1207179;SmSbO3;0.0;0.8600861210000117;77.80105459668391;6.832410955455134;5;15.560210919336782;Cubic;Pm-3m;True
mp-1207184;DySbO3;0.0;1.0392703892000013;76.65860027562857;7.197205794069802;5;15.331720055125714;Cubic;Pm-3m;True
mp-1207172;SrPuO3;0.0;0.09064379800001277;83.05762881533012;7.589559940058598;5;16.611525763066023;Cubic;Pm-3m;True
mp-1207180;HoSbO3;0.0;1.0767345525500014;76.56503528121013;7.258709688277292;5;15.313007056242025;Cubic;Pm-3m;True
mp-1207629;YRhO3;1.1799999999999997;0.0;228.16866006717177;6.981031080392759;20;11.408433003358589;Orthorhombic;Pnma;True
mp-1207705;TmRhO3;1.3457;0.0;221.62220557287324;9.585742437746521;20;11.081110278643662;Orthorhombic;Pnma;True
mp-1207696;TmScO3;4.422817466760316;0.04932987662499855;245.33436393081755;7.090336362296686;20;12.266718196540877;Orthorhombic;Pnma;True
mp-1207852;VSnO3;0.0;0.26782243324999566;239.54344004967217;6.035077898418313;20;11.97717200248361;Orthorhombic;Pnma;True
mp-1208626;SrRhO3;0.0;0.005810413749995469;243.5485698025016;6.505115969837816;20;12.177428490125079;Orthorhombic;Pnma;True
mp-1209329;PrVO3;1.3015999999999996;0.0;239.62576821509148;6.648298273071052;20;11.981288410754575;Orthorhombic;Pnma;False
mp-1209729;PuVO3;0.0;0.047993956083338674;243.51123764070616;9.354225712965787;20;12.175561882035307;Orthorhombic;Pnma;True
mp-1209736;PuCrO3;0.0;0.08201357066667292;240.1915793472138;9.512672778758063;20;12.00957896736069;Orthorhombic;Pnma;True
mp-1209810;NiTeO3;2.5735;0.04634622233333463;239.58321700617805;6.4954525643546175;20;11.979160850308903;Orthorhombic;Pnma;True
mp-1209937;NdLuO3;4.8869;0.02267272637499751;285.39559924848294;8.546199080775928;20;14.269779962424147;Orthorhombic;Pnma;True
mp-1209979;NiTeO3;0.047100000000000364;0.28736651033333427;251.4063458923953;6.189984647186191;20;12.570317294619766;Orthorhombic;Pnma;True
mp-1210642;MnTeO3;0.36209999999999987;0.230264361833326;264.1434784599895;5.797068227563283;20;13.207173922999477;Orthorhombic;Pnma;True
mp-1210723;MnPO3;0.6749;0.30757365464394226;587.5026012117828;3.027905549819935;40;14.68756503029457;Monoclinic;P2_1/c;True
mp-1211104;LiSeO3;0.5306;0.20784121066667094;339.6922687408509;2.6181915028128975;20;16.984613437042547;Orthorhombic;P2_12_12_1;True
mp-1212108;HoRhO3;0.9606739563708189;0.0;225.4575253306886;9.304718992809299;20;11.27287626653443;Orthorhombic;Pnma;True
mp-1212207;InRhO3;0.0006780837063180556;0.3344170647499958;243.50880333291278;7.248054415619577;20;12.17544016664564;Orthorhombic;Pnma;True
mp-1212404;HfCdO3;3.061;0.014629501500003528;247.38275372750388;9.099346717526103;20;12.369137686375193;Orthorhombic;Pnma;True
mp-1212640;GdInO3;2.3595;0.0;433.53891373129386;7.3554979205881414;30;14.451297124376461;Hexagonal;P6_3cm;True
mp-1212729;EuGaO3;0.0;0.1735557585000027;236.15862870516224;7.585118754540174;20;11.807931435258112;Orthorhombic;Pnma;True
mp-1212757;EuCoO3;0.0;0.12925686621434807;211.81646781083614;8.118460714676923;20;10.590823390541807;Orthorhombic;Pnma;True
mp-1212778;GdInO3;2.5270116208736253;0.05223579216666607;273.14026095991534;7.783289477324765;20;13.657013047995767;Orthorhombic;Pnma;True
mp-1212795;EuInO3;0.0;0.2181884279999995;279.6165782496858;7.477451065232589;20;13.98082891248429;Orthorhombic;Pnma;True
mp-1212884;DyRhO3;0.8884318524889769;0.0;227.48179478810232;9.150958012773717;20;11.374089739405116;Orthorhombic;Pnma;True
mp-1212980;EuInO3;0.18270000000000008;0.14854720700000001;439.51987488208255;7.135579300426668;30;14.650662496069419;Hexagonal;P6_3cm;True
mp-1212985;ErScO3;4.417918120087519;0.040889039374999214;246.3404099624588;7.016210434773649;20;12.31702049812294;Orthorhombic;Pnma;True
mp-1213022;ErRhO3;0.9643714818411082;0.0;223.42346421208666;9.458659062264996;20;11.171173210604334;Orthorhombic;Pnma;True
mp-1213088;ErGaO3;3.6477;0.01351073163333183;360.1146356972316;7.884501917880919;30;12.00382118990772;Hexagonal;P6_3cm;True
mp-1213082;ErGaO3;3.6630999999999996;0.05067488629999861;223.6325630585219;8.464254927754848;20;11.181628152926095;Orthorhombic;Pnma;True
mp-1213232;CsPO3;5.6153;0.013136007499997326;396.85663910950774;3.546174501625006;20;19.842831955475386;Orthorhombic;Pnma;True
mp-1213226;CsPO3;6.1038;0.0;371.02901781186864;3.7930264934812206;20;18.551450890593433;Monoclinic;P2_1/c;True
mp-1213318;EuUO3;0.0;0.019482792500015833;313.7224264316142;9.273182772009136;20;15.68612132158071;Orthorhombic;Pnma;True
mp-1213363;EuNpO3;0.2793000000000001;0.0;311.6587018232607;9.312659014446039;20;15.582935091163034;Orthorhombic;Pnma;True
mp-1213788;CeTmO3;0.09479999999999933;0.06684380087500053;293.9370669190826;8.068296258314133;20;14.69685334595413;Orthorhombic;Pnma;True
mp-1213810;CeLuO3;0.11220000000000052;0.05702418274999843;288.41203700202817;8.36179410620253;20;14.42060185010141;Orthorhombic;Pnma;True
mp-1213812;CeCdO3;1.5446999999999997;0.17782671750000123;305.7288508020773;6.529103609107027;20;15.286442540103867;Orthorhombic;Cmcm;True
mp-1213826;CeRhO3;0.0;0.16923569100000257;251.99033953667274;7.670922346688599;20;12.599516976833637;Orthorhombic;Pnma;True
mp-1213970;CaOsO3;0.0;0.08730731009999104;235.8143206324524;7.839020412046416;20;11.790716031622619;Orthorhombic;Pnma;True
mp-1214407;BaBO3;0.0;1.2537079676666547;53.74918146839155;6.059475028862299;5;10.74983629367831;Cubic;Pm-3m;True
mp-1214439;CePbO3;0.7299000000000007;0.377044176312503;361.1342055144163;7.270811388954957;20;18.056710275720814;Orthorhombic;Cmcm;True
mp-1214788;BaPtO3;0.44200000000000017;0.004715041123821706;1042.8133825691384;8.480501775959993;70;14.897334036701977;Hexagonal;P6_3/mmc;True
mp-1215965;YZrO3;0.5552000000000001;0.12390962875833367;576.0795248103736;5.260600641777417;40;14.401988120259341;Orthorhombic;I2_12_12_1;True
mp-1216067;YBO3;4.2311;0.049742556666666715;125.23366719974508;3.9172630982888035;10;12.523366719974508;Orthorhombic;Cmcm;True
mp-1216392;VCrO3;1.6132999999999997;0.0075114801250038;99.6975000973038;5.027905264506695;10;9.96975000973038;Trigonal;R3c;True
mp-1216763;TiVO3;0.0;0.0;103.87320059980844;4.693766236556444;10;10.387320059980844;Trigonal;R3c;True
mp-1217607;TbBO3;5.1051;0.0;119.30788763395246;6.060902327564533;10;11.930788763395245;Orthorhombic;Ama2;True
mp-1218206;SrMnO3;0.9523999999999999;0.012618903500000833;245.70082607116166;5.151404571306499;20;12.285041303558083;Hexagonal;P6_3mc;True
mp-1218370;SrCO3;4.5332;0.03170497750000667;74.53905776639496;3.2887933319463523;5;14.907811553278993;Trigonal;R32;True
mp-1219584;RbNO3;3.6337;0.0;85.3433628690583;2.869399232894565;5;17.06867257381166;Trigonal;R3m;True
mp-1220387;NbAgO3;1.0242999999999998;0.07448399392307703;127.91798090285629;6.458778000687093;10;12.791798090285628;Tetragonal;P4/mbm;True
mp-1220986;NaNO3;2.8579;0.011083451000000188;62.10209025539654;2.2726605241296203;5;12.420418051079308;Trigonal;R32;True
mp-1221516;MoHO3;0.7623;0.09047667010713756;117.51072688341687;4.0964554427092725;10;11.751072688341687;Monoclinic;C2;True
mp-1221601;MnO3F;1.9485000000000001;0.3400465992222168;183.66335202383635;2.2048736991889117;10;18.366335202383635;Monoclinic;Cc;True
mp-1222450;LuBO3;4.5157;0.08412566200000171;113.66817285947049;6.8303114885744804;10;11.366817285947048;Orthorhombic;Ama2;True
mp-1223446;KIO3;2.5294999999999996;0.006163047999998561;92.38239400710273;3.846587602443551;5;18.476478801420548;Trigonal;R3;True
mp-1223439;KPO3;3.3136;0.24594154599999563;201.794081320203;1.9431717882499804;10;20.1794081320203;Monoclinic;C2/m;True
mp-1224030;InCuO3;0.0;0.051192436625000504;58.73804230981655;6.39931570827759;5;11.74760846196331;Trigonal;R3m;True
mp-1224628;GdBO3;0.17320000000000002;0.08538103099999894;122.76300328555719;5.844997812004638;10;12.276300328555719;Orthorhombic;Ama2;True
mp-1224772;HNO3;3.8158000000000003;0.0;843.7518856381166;1.984190555439806;80;10.546898570476458;Monoclinic;P2_1;True
mp-1225223;EuBO3;0.0;0.0631793336666675;128.79283262488732;5.435040539882605;10;12.879283262488732;Orthorhombic;Ama2;True
mp-1226283;CrWO3;0.8865000000000001;0.726917570800012;113.26051194329801;4.161361591633254;5;22.652102388659603;Trigonal;R3;True
mp-1226313;CrMoO3;0.0;0.4444972862499945;60.32568395170272;5.393333962893405;5;12.065136790340544;Trigonal;R3;True
mp-1227040;CdGeO3;0.07419999999999982;0.7346992187499986;137.79220244027488;5.616969534227277;10;13.779220244027488;Monoclinic;Cc;True
mp-1227955;BaBiO3;0.0;0.022849193999999073;87.31982579640245;7.498409987905836;5;17.46396515928049;Trigonal;R32;True
mp-1227982;BaCO3;4.1409;0.049050461000008205;88.92776224512441;3.684833210434864;5;17.785552449024884;Trigonal;R32;True
mp-1227991;BaInO3;0.0;0.09766280675000605;158.57786982262536;6.285864609332256;10;15.857786982262535;Orthorhombic;Amm2;True
mp-1228456;CaTeO3;3.1557000000000004;0.01549402560000157;1605.3326258044688;4.015677193890691;90;17.83702917560521;Triclinic;P-1;True
mp-1239170;ZrBeO3;0.0;1.6305065499999998;69.74074080076234;3.5294862062251116;5;13.948148160152467;Cubic;Pm-3m;True
mp-1239192;LaTaO3;0.0;0.33641021021333195;67.56898400289603;9.040122170722562;5;13.513796800579206;Cubic;Pm-3m;True
mp-1244876;CrFeO3;0.7842;0.7591282689999961;1143.7901287033228;3.6199262732440145;80;14.297376608791534;Triclinic;P1;True
mp-1244905;CrFeO3;0.09419999999999984;0.43025082212499477;1005.4239736004539;4.118099475133146;80;12.567799670005673;Triclinic;P1;True
mp-1245072;CrFeO3;0.47850000000000037;0.4473760366249966;1037.6192680790436;3.9903229106717992;80;12.970240850988045;Triclinic;P1;True
mp-1245144;CrFeO3;0.4407000000000001;0.4077534167499959;1042.579330227886;3.9713389839268145;80;13.032241627848574;Triclinic;P1;True
mp-1245147;CrFeO3;0.48019999999999996;0.4584400442499952;1022.7164718118642;4.0484690059162105;80;12.783955897648301;Triclinic;P1;True
mp-1245179;CrFeO3;0.4255;0.3990163157499964;991.2331187854305;4.177055689022614;80;12.390413984817881;Triclinic;P1;True
mp-1245204;CrFeO3;0.6733000000000002;0.3815727942499958;1027.2413532229396;4.03063596006899;80;12.840516915286745;Triclinic;P1;True
mp-1245260;CrFeO3;0.387;0.40751713374999454;1025.63001342778;4.036968384078847;80;12.820375167847251;Triclinic;P1;True
mp-1248251;AlVO3;1.6791999999999998;0.15161748612499615;200.08143917242444;4.180240549387556;20;10.004071958621221;Orthorhombic;Pnma;True
mp-1248327;TiAlO3;0.0;0.23740372183333314;314.38311485811244;3.893182539910293;30;10.479437161937081;Orthorhombic;Cmcm;True
mp-1248301;AlSnO3;0.0;0.4299562094583296;355.83394483580383;5.423249516163191;30;11.861131494526795;Hexagonal;P6_3cm;True
mp-1248370;AlMoO3;0.7348211241915683;0.46363220374999514;320.8516001512004;5.30747990898867;30;10.695053338373347;Hexagonal;P6_3cm;True
mp-1248478;AlCoO3;0.0;0.25070923416666524;300.83541597823785;4.435002920518685;30;10.027847199274595;Triclinic;P1;True
mp-1251690;AlCrO3;1.1578;0.3521423754999997;306.4745698006157;4.127879339705461;30;10.215818993353857;Hexagonal;P6_3cm;True
mp-1251647;AlWO3;0.598787425193275;0.5481336065833293;326.1757904694498;7.9058035631841115;30;10.87252634898166;Hexagonal;P6_3cm;True
mp-1253488;AlAgO3;0.06220000000000003;0.13952004183333244;247.91957719409973;4.898784503477466;20;12.395978859704986;Orthorhombic;Pnma;True
mp-1253258;AlCuO3;0.0;0.16606483279166628;289.82739014121466;4.762021992832796;30;9.660913004707156;Hexagonal;P6_3cm;True
mp-1254277;AlFeO3;1.3295000000000003;0.2802331709999999;179.40360141259467;4.843594842378576;20;8.970180070629734;Orthorhombic;Pnma;True
mp-1256030;MgSiO3;1.0261000000000005;0.44185109816666657;422.5278109317631;3.1562297981850116;40;10.563195273294077;Orthorhombic;Pnma;True
mp-1260288;MnAlO3;0.0;0.26972557318750034;309.96086581966875;4.176015346546458;30;10.332028860655624;Hexagonal;P6_3cm;True
mp-1259818;AlFeO3;1.3607999999999993;0.2106262885000003;197.90872811237276;4.390702556649194;20;9.895436405618637;Monoclinic;P2_1/c;True
mp-1258775;MnAlO3;0.9551000000000007;0.17678601385416748;305.46087390949106;4.237535616019022;30;10.18202913031637;Orthorhombic;Cmc2_1;True
mp-1261047;AlSbO3;3.9107000000000003;0.06185240350000498;324.7624693329945;4.023790347762544;20;16.238123466649725;Monoclinic;P2_1;True
mp-1264966;AlFeO3;0.6706000000000003;0.23604759199999936;197.55869509092068;4.398481970668374;20;9.877934754546034;Triclinic;P-1;True
mp-1271783;MnCO3;3.9749999999999996;0.029906560500005952;222.95507445916135;3.4244368465443604;20;11.147753722958068;Monoclinic;P2/c;True
mp-1272234;CoNiO3;0.7645;0.0236176609999994;96.02910678797514;5.72798086077387;10;9.602910678797514;Triclinic;P1;True
mp-1272373;LaMnO3;0.5803000000000003;0.17286276202380968;248.71464164677838;6.4586083648818065;20;12.43573208233892;Orthorhombic;Pnnm;True
mp-1272388;FeNiO3;0.0;0.07753396433333215;101.26706381606004;5.330427569612597;10;10.126706381606004;Trigonal;R3;True
mp-1272753;LaCoO3;0.6738999999999997;0.03042981950000012;237.87742729827062;6.864404471660089;20;11.893871364913531;Triclinic;P1;True
mp-1272815;SrCoO3;0.0;0.03956576785484067;235.4673473417271;5.487982872487861;20;11.773367367086355;Orthorhombic;Amm2;True
mp-1272846;CaFeO3;0.0607000000000002;0.004620416999999932;226.6302730514852;4.218090941302563;20;11.33151365257426;Monoclinic;P2_1/c;False
mp-1272996;LaMnO3;0.027099999999999902;0.17544135752380896;250.01810854808267;6.424936474949516;20;12.500905427404133;Orthorhombic;Pbam;True
mp-1273223;LaMnO3;0.0;0.23578744852381028;245.62877790261717;6.539748635012641;20;12.281438895130858;Orthorhombic;Cmmm;True
mp-1273356;CoAgO3;0.0;0.08221231949999552;224.59738848804346;6.3524001216012564;20;11.229869424402173;Triclinic;P-1;True
mp-1273178;YCoO3;0.3085;0.011655866589286745;226.93867728566613;5.731863785613028;20;11.346933864283306;Triclinic;P-1;True
mp-1273627;VNiO3;0.037200000000000344;0.08232676800002459;102.60262241030391;5.1023241893023235;10;10.260262241030391;Trigonal;R3;True
mp-1273769;LaMnO3;0.0;0.17586446952380896;248.53597536865314;6.463251296420029;20;12.426798768432658;Monoclinic;C2/m;True
mp-1273854;SrCoO3;0.0;0.03531516935484014;232.18340685508088;5.565603445762646;20;11.609170342754044;Tetragonal;P4/mmm;True
mp-1273989;LaCoO3;0.8045999999999998;0.017920455499999655;243.1968758343009;6.714259260327806;20;12.159843791715044;Monoclinic;P2_1/c;True
mp-1274711;FeBO3;1.2934;0.10247873100000149;236.18171736852372;3.224428726101569;20;11.809085868426186;Hexagonal;P6_3/mmc;True
mp-1275986;YFeO3;0.0;0.00871173587499996;252.6825217865593;5.0667109978041935;20;12.634126089327966;Hexagonal;P6_3/mmc;True
mp-1277045;VCoO3;1.1513999999999998;0.09931393449999781;103.06190016310505;5.087313733904025;10;10.306190016310506;Triclinic;P1;True
mp-1277107;TiFeO3;2.2281;0.0;219.16653632662977;4.597795237831796;20;10.958326816331489;Triclinic;P-1;True
mp-1277476;LaCoO3;0.0;0.034876528999999934;239.43160537909029;6.8198468329521855;20;11.971580268954515;Triclinic;P-1;True
mp-1278230;LaMnO3;0.0;0.14658960952380973;250.1558773215623;6.421398058713544;20;12.507793866078114;Triclinic;P-1;True
mp-1278019;LaMnO3;0.0;0.21762786702380943;245.45715843443807;6.544321115969906;20;12.272857921721904;Tetragonal;I4/mmm;True
mp-1278986;MnBO3;0.5985999999999998;0.03233746455207154;190.43316385079186;3.967412828419059;20;9.521658192539594;Triclinic;P-1;True
mp-1278441;LaNiO3;0.0;0.04425024849999826;230.37032604144088;7.081181625343836;20;11.518516302072044;Orthorhombic;Cmmm;True
mp-1278982;CaFeO3;0.0;0.05289072150000074;227.34295850654138;4.2048678703892675;20;11.36714792532707;Orthorhombic;Pmma;True
mp-1278738;LaMnO3;0.0;0.215595795023809;122.39876650609622;6.56195528297443;10;12.239876650609622;Tetragonal;P4/mmm;True
mp-1279343;CoNiO3;1.0203000000000002;0.00036671099999896484;94.7561740490661;5.804929243701908;10;9.475617404906611;Triclinic;P-1;True
mp-1279364;MgFeO3;0.6024000000000003;0.06566642049999949;208.42994947102036;4.083771900378654;20;10.421497473551018;Triclinic;P-1;True
mp-1279320;LaMnO3;0.0;0.17121734052380866;248.1817656076625;6.47247577224452;20;12.409088280383125;Tetragonal;P4/m;True
mp-1281528;LaMnO3;0.0;0.17689889202380904;250.3048998078186;6.417574990508784;20;12.51524499039093;Orthorhombic;Pmc2_1;True
mp-1281591;SrNiO3;0.0;0.05882519349999349;235.068733435189;5.490513325683389;20;11.753436671759449;Orthorhombic;Cmmm;True
mp-1283081;LaMnO3;0.6151000000000009;0.22474996802380964;123.0117361342206;6.529256945271231;10;12.30117361342206;Cubic;Fm-3m;True
mp-1283250;BaCoO3;1.1424000000000003;0.0010551950000010635;275.39434449527283;5.891197345429228;20;13.769717224763642;Monoclinic;C2/m;True
mp-1284950;LaNiO3;0.35599999999999987;0.020568577999998006;232.9516909639612;7.0027142238752385;20;11.64758454819806;Triclinic;P-1;True
mp-1283849;SrCoO3;0.0;0.018286523354840156;112.93253836834432;5.721295155107269;10;11.293253836834433;Tetragonal;P4/mbm;True
mp-1288734;YCoO3;0.11410000000000009;0.015464709589286585;225.35994112535496;5.772017774734332;20;11.267997056267749;Monoclinic;P2_1/c;True
mp-1288145;LaCoO3;0.2793000000000001;0.0;118.07297697836468;6.914735773759865;10;11.807297697836468;Trigonal;R-3;False
mp-1289249;MnSiO3;2.6777999999999995;0.014492594166668482;230.97142546821397;3.7678552835621635;20;11.548571273410698;Monoclinic;C2/c;True
mp-1289597;MnBO3;0.15169999999999995;0.020367710552072538;181.03091068377702;4.173469460902217;20;9.05154553418885;Monoclinic;C2/c;True
mp-1290304;CdFeO3;0.0;0.09255661900000067;227.15223465874132;6.32348695063512;20;11.357611732937066;Monoclinic;P2_1/c;True
mp-1291939;SrNiO3;0.0;0.05207428849999296;237.62582013820384;5.431430021479892;20;11.881291006910192;Orthorhombic;Pmma;True
mp-1299294;SrNiO3;0.0;0.053711680499993086;238.47903102811645;5.411997892700492;20;11.923951551405823;Trigonal;R-3m;True
mp-1303831;MgFeO3;0.22949999999999982;0.06584330299999941;207.60205016957303;4.100057635037016;20;10.380102508478652;Trigonal;R3;True
mp-1311921;MnTlO3;0.0;0.06405137968749841;245.09240312916103;8.328550450358707;20;12.254620156458051;Triclinic;P-1;True
mp-1325463;SrCrO3;0.0;0.1985805120803592;862.2334892881977;5.058458416099921;70;12.317621275545681;Orthorhombic;Cmcm;True
mp-1326513;MgWO3;2.4380000000000006;0.08178308499999787;227.32519104929563;7.484182265500964;20;11.366259552464781;Orthorhombic;Pnma;True
mp-1330514;YCoO3;0.007299999999999862;0.022722317422617877;376.25813589890873;5.185728075145674;30;12.541937863296958;Hexagonal;P6_3cm;True
mp-1333124;YCuO3;0.04320000000000013;0.011914108806815094;365.1007652871897;5.470081211089363;30;12.170025509572989;Hexagonal;P6_3cm;True
mp-1333178;AlNiO3;0.0;0.3599883540000004;279.6365120675449;4.762671386564334;30;9.321217068918164;Hexagonal;P6_3cm;True
mp-1336975;YCrO3;1.3989000000000003;0.15792626116666675;385.45425811357677;4.882697325513858;30;12.848475270452559;Hexagonal;P6_3cm;True
mp-1337287;VCrO3;0.0;1.2737238471250016;210.7371721527877;4.757296308730596;20;10.536858607639385;Triclinic;P1;True
mp-1337169;ZnSnO3;1.1063178585305646;0.08284223350000008;231.03061953050977;6.673395586292256;20;11.551530976525488;Orthorhombic;Pnma;True
mp-1338333;EuCuO3;0.0;0.17514463812499415;281.02284919719716;6.228186246503249;20;14.051142459859857;Monoclinic;C2/c;True
mp-1340624;CaSbO3;0.0;0.11077784529999235;276.59592149863045;5.038992712341004;20;13.829796074931522;Monoclinic;P2_1/m;True
mp-1340758;YCuO3;0.0;0.02336651680681623;223.45319909981657;5.958386646203815;20;11.172659954990829;Orthorhombic;Pnma;True
mp-1340971;ZnWO3;1.8923;0.08895500149999958;227.89505864557682;8.663471540990464;20;11.394752932278841;Orthorhombic;Pnma;True
mp-1340379;AlSnO3;0.0;0.23543624212499648;255.89970394060344;5.027428687746432;20;12.794985197030172;Monoclinic;P2_1/c;True
mp-1340878;YSbO3;0.7162000000000006;0.31327864574999964;296.8252317901596;5.788210903225725;20;14.84126158950798;Orthorhombic;Pnma;True
mp-1341277;ZnCrO3;0.0242;0.13911774050000325;200.16963281443952;5.4885176720668385;20;10.008481640721977;Orthorhombic;Pnma;True
mp-1341716;TiAlO3;0.0;0.2612957068333337;314.092720217299;3.89678198450906;30;10.469757340576633;Hexagonal;P6_3cm;True
mp-1342178;MgSbO3;0.5657000000000005;0.1984464337083356;245.4308162618618;5.251981480529524;20;12.27154081309309;Monoclinic;P2_1/m;True
mp-1342410;CaWO3;1.9784000000000006;0.05364628233333768;255.79037973460856;7.060898444120376;20;12.789518986730428;Orthorhombic;Pnma;True
mp-1342458;YTiO3;0.0;0.05487434991665019;386.4233566548507;4.763990717120425;30;12.88077855516169;Hexagonal;P6_3cm;True
mp-1342607;MgMoO3;0.06789999999999985;0.05993809100000114;223.94475808554958;4.99005931763577;20;11.197237904277479;Orthorhombic;Pnma;True
mp-1343054;YSnO3;1.9502645694689118;0.20043593684375072;288.862121719322;5.877643133872727;20;14.443106085966098;Monoclinic;P2_1/c;True
mp-1343137;TiZnO3;0.0;0.10418463150000168;205.80190054063337;5.205046390831423;20;10.290095027031668;Orthorhombic;Pnma;True
mp-1343733;AlAgO3;0.03149999999999986;0.16301655533333292;237.67755732530313;5.1098833080183494;20;11.883877866265156;Orthorhombic;Pnma;True
mp-1343327;AlAgO3;0.04809999999999981;0.2797338646666656;343.77477103566014;5.2992744895515855;30;11.459159034522004;Hexagonal;P6_3cm;True
mp-1344602;AlBiO3;0.9480000000000004;0.23478957274998447;273.8452642962739;6.887494006850406;20;13.692263214813696;Orthorhombic;Pnma;True
mp-1345463;AlCrO3;1.8028999999999993;0.1762854609999991;191.0202958801217;4.415202894178363;20;9.551014794006084;Orthorhombic;Pnma;True
mp-1346485;MgCrO3;0.22929999999999984;0.12049696800000032;193.58508667463838;4.264870759105819;20;9.679254333731919;Orthorhombic;Pnma;True
mp-1345923;MgTiO3;2.3299;0.08290772699999849;201.89153104024365;3.953554881510186;20;10.094576552012182;Orthorhombic;Pnma;True
mp-1347225;MgSbO3;1.9971999999999994;0.15861940270833674;244.89317614820442;5.263511715730563;20;12.244658807410222;Monoclinic;P2_1/c;True
mp-1347073;YSbO3;1.4655000000000005;0.23988171908333378;466.31501448263765;5.526587144871811;30;15.543833816087922;Hexagonal;P6_3cm;True
mp-1346989;YNiO3;0.00649999999999995;0.07042473433333463;375.84041756987244;5.185134844297204;30;12.528013918995748;Hexagonal;P6_3cm;True
mp-1347317;AlCuO3;0.0;0.1815604186250006;193.4519105341512;4.756270441809695;20;9.67259552670756;Orthorhombic;Pnma;True
mp-1348382;ZnSbO3;0.3548;0.16128341650000078;246.05121608245983;6.348342097974473;20;12.302560804122992;Monoclinic;P2_1/m;True
mp-1348445;AlCoO3;0.0;0.23883475983333202;293.4346035604501;4.546859614612835;30;9.781153452015003;Hexagonal;P6_3cm;True
mp-1358047;YBiO3;2.0650000000000004;0.12011459187500062;495.54932666808253;6.954157073549296;30;16.518310888936085;Hexagonal;P6_3cm;True
mp-1366217;CaTeO3;3.2669;0.0;1625.1279576798906;4.407514554700042;100;16.251279576798908;Tetragonal;P4_1;True
mp-1368210;CaNiO3;0.0;0.05580526474999914;219.31057008526895;4.445141970767804;20;10.965528504263448;Orthorhombic;Pnma;True
mp-1369159;ZnCoO3;0.0036000000000000476;0.1770618095526313;182.56240000135162;6.270249712941684;20;9.12812000006758;Orthorhombic;Pnma;True
mp-1368304;CaCoO3;0.0;0.06518124666666658;214.85258326942397;4.5447876898863955;20;10.742629163471198;Orthorhombic;Pnma;True
mp-1368992;MnAlO3;0.5506000000000002;0.1478549351874996;200.7303070837377;4.29897325520052;20;10.036515354186886;Orthorhombic;Pnma;True
mp-1369528;YBiO3;1.6856;0.16573472787500076;313.81074651439235;7.321032169056894;20;15.690537325719617;Orthorhombic;Pnma;True
mp-1369676;YAgO3;0.0;0.010511026374998345;410.7811382141837;5.936794749819197;30;13.692704607139458;Hexagonal;P6_3cm;True
mp-1369873;YAgO3;0.007200000000000095;0.07961733170833263;262.8602745640324;6.185094111867279;20;13.14301372820162;Orthorhombic;Pnma;True
mp-1369924;YWO3;2.268260727942181;0.21914667675001098;262.56262280021065;8.113996127375714;20;13.128131140010533;Orthorhombic;Pnma;True
mp-1370061;MgVO3;0.6976000000000004;0.09281653749999919;199.17780674801926;4.109948647968228;20;9.958890337400963;Orthorhombic;Pnma;True
mp-1370790;VCrO3;0.0;1.563478856625002;209.8286353801246;4.777894920674605;20;10.49143176900623;Triclinic;P1;True
mp-1371109;YMoO3;0.0;0.17943056359375298;428.9673729625228;5.408056645245254;30;14.298912432084093;Hexagonal;P6_3cm;True
mp-1371447;AlSbO3;0.3160999999999996;0.3398680975000046;259.2869453433543;5.039883854110613;20;12.964347267167716;Orthorhombic;Pnma;True
mp-1372100;SrCrO3;0.0;0.16905102793750348;364.7311738206685;5.124994473731323;30;12.157705794022284;Orthorhombic;Cmcm;True
mp-1372708;MgFeO3;0.0;0.10261059649999904;186.29789248800395;4.568921094487983;20;9.314894624400198;Orthorhombic;Pnma;True
mp-1372548;NbHO3;0.0;3.9942510755357166;240.27644743793323;3.9230026303724648;20;12.013822371896662;Triclinic;P1;True
mp-1373421;VCrO3;0.0;1.564736321125002;210.11675665237954;4.771343262514744;20;10.505837832618976;Triclinic;P1;True
mp-1373731;AlMoO3;1.4177;0.1762591552499959;222.55271337121226;5.10115377692998;20;11.127635668560613;Orthorhombic;Pnma;True
mp-1373518;ZnFeO3;0.0;0.16101712250000055;203.6930685207765;5.519085998196247;20;10.184653426038825;Orthorhombic;Pnma;True
mp-1374707;AlSbO3;1.2462305062403232;0.40610386500000395;366.00012121400067;5.355637937016798;30;12.20000404046669;Hexagonal;P6_3cm;True
mp-1374293;VCrO3;0.2585770008436725;1.3655052541250026;210.9551688388535;4.752380217621549;20;10.547758441942674;Triclinic;P-1;True
mp-1376082;AlBiO3;0.7506000000000004;0.51767226991665;409.82569070936927;6.903328632400812;30;13.660856356978975;Hexagonal;P6_3cm;True
mp-1375284;VCrO3;0.0;1.6479970981250016;209.94192075432676;4.775316752331464;20;10.497096037716338;Triclinic;P1;True
mp-1375712;YWO3;0.0;0.38938005525001174;422.57259174608294;7.562364950569232;30;14.085753058202764;Hexagonal;P6_3cm;True
mp-1376270;VCrO3;0.0;1.300014245125002;209.63491910610674;4.782310005745493;20;10.481745955305337;Triclinic;P1;True
mp-1375509;YVO3;1.1014;0.08072150666666822;394.4852380193316;4.7442820866591635;30;13.14950793397772;Hexagonal;P6_3cm;True
mp-1376289;YFeO3;1.3022237360312572;0.013783144208330711;376.5719109281056;5.099700515102749;30;12.552397030936852;Hexagonal;P6_3cm;True
mp-1376863;MgBiO3;0.0;0.12404726816666756;267.46913094087574;6.985215910388021;20;13.373456547043787;Orthorhombic;Pnma;True
mp-1376465;YSnO3;0.0;0.17856819434375115;449.90207595569206;5.660660031695505;30;14.996735865189736;Hexagonal;P6_3cm;True
mp-1376903;AlNiO3;0.0;0.19308416283333418;178.30148622464873;4.979643721663439;20;8.915074311232436;Orthorhombic;Pnma;True
mp-1377563;CaSbO3;0.0;0.11908052879999254;273.7490171218;5.091396664539297;20;13.68745085609;Orthorhombic;Pnma;True
mp-1378105;ZnBiO3;0.8814050363816994;0.0806278960000002;265.9450071380185;8.051848175627185;20;13.297250356900927;Monoclinic;P2_1/c;True
mp-1378086;VZnO3;0.8621000000000003;0.1053277084999964;202.89708302378835;5.380214110701941;20;10.144854151189417;Orthorhombic;Pnma;True
mp-1378752;AlCoO3;1.1593;0.1820238749999996;171.3532126131805;5.190860554881366;20;8.567660630659024;Orthorhombic;Pnma;True
mp-1378884;ZnNiO3;0.0;0.18739739749999984;192.01812681303318;5.953183167187859;20;9.600906340651658;Orthorhombic;Pnma;True
mp-1378965;CaBiO3;0.0;0.02529495649999891;289.41061862777906;6.817636371731854;20;14.470530931388954;Orthorhombic;Pnma;True
mp-1379411;YMoO3;2.2163160966916937;0.02956915059375298;245.85946991487663;6.290530799963566;20;12.292973495743832;Orthorhombic;Pnma;True
mp-1379617;ZnMoO3;0.0;0.08622597750000072;226.11301305390992;6.149654102148063;20;11.305650652695496;Orthorhombic;Pnma;True
mp-1383064;AlCrO3;0.0;1.3427578774999986;54.568296419178175;3.8639348237024476;5;10.913659283835635;Tetragonal;P4/mmm;True
mp-1384267;AlSbO3;0.0;0.8020277640000044;136.03416288565865;4.8031173261823294;10;13.603416288565864;Hexagonal;P6_3/mmc;True
mp-1384488;AlVO3;0.0;0.3276030136249979;105.4457148889399;3.9659674463268133;10;10.54457148889399;Hexagonal;P6_3/mmc;True
mp-1385937;AlCrO3;0.0;0.37491101949999894;102.8053083398928;4.101895985897492;10;10.28053083398928;Hexagonal;P6_3/mmc;True
mp-1386773;AlCoO3;0.0;0.2564648724999996;96.91991245037583;4.5886887937573135;10;9.691991245037583;Hexagonal;P6_3/mmc;True
mp-1387356;YCoO3;0.0;0.10634499408928555;128.09699479242505;5.07733061184021;10;12.809699479242505;Hexagonal;P6_3/mmc;True
mp-1387900;YCrO3;0.0;0.217492438499999;124.58936605980726;5.03535878092955;10;12.458936605980726;Hexagonal;P6_3/mmc;True
mp-1389151;AlMoO3;0.0;0.5801917037499962;114.37731397711198;4.962853099552392;10;11.437731397711199;Hexagonal;P6_3/mmc;True
mp-1389035;YSbO3;1.4299;0.25643615575000034;158.70455487683046;5.412847300865752;10;15.870455487683046;Hexagonal;P6_3/mmc;True
mp-1392353;AlBiO3;0.6410999999999998;0.8655976372499845;147.97103559945393;6.37323246743538;10;14.797103559945393;Hexagonal;P6_3/mmc;True
mp-1394022;YSnO3;0.0;0.19036689234375093;151.63367792256705;5.598454412041931;10;15.163367792256704;Hexagonal;P6_3/mmc;True
mp-1395974;AlVO3;0.0;1.2285736276249963;55.87365738853553;3.7423205509543185;5;11.174731477707105;Cubic;Pm-3m;True
mp-1398131;AlFeO3;0.0;0.2655445504999996;105.2782827603756;4.126959215719854;10;10.52782827603756;Hexagonal;P6_3/mmc;True
mp-1399724;MnAlO3;0.0;1.2896009311875005;53.123452978688;4.06098518298202;5;10.6246905957376;Cubic;Pm-3m;True
mp-1399857;YNiO3;0.0;0.2545485009999995;123.87001707331976;5.2441618267296395;10;12.387001707331976;Hexagonal;P6_3/mmc;True
mp-1400236;AlWO3;0.0;0.736896008249996;120.06924844116422;7.158873622225771;10;12.006924844116423;Hexagonal;P6_3/mmc;True
mp-1399298;CaCoO3;0.0;0.4831187526666678;97.80442736496283;2.495948807970256;5;19.560885472992567;Monoclinic;Cm;True
mp-1400395;AlNiO3;0.0;0.3705159973333325;93.4651059583781;4.749782645285943;10;9.34651059583781;Hexagonal;P6_3/mmc;True
mp-1402500;YVO3;0.0;0.15398278900000228;132.7156948137553;4.70064787944637;10;13.271569481375531;Hexagonal;P6_3/mmc;True
mp-1401965;YWO3;0.0;0.4044874742500113;143.10874265346973;7.443403055232091;10;14.310874265346973;Hexagonal;P6_3/mmc;True
mp-1402304;YWO3;0.0;0.8033917662500105;69.09315987921504;7.708549255522641;5;13.818631975843008;Cubic;Pm-3m;True
mp-1403003;TlNiO3;0.0;0.36591322366666557;54.434170789211265;9.48948091467504;5;10.886834157842253;Orthorhombic;Amm2;True
mp-1404938;AlCoO3;0.05149999999999988;5.074607378499999;93.23909210681114;4.769837480222434;10;9.323909210681114;Triclinic;P-1;True
mp-1404877;AlAgO3;0.0;0.5197356773333333;116.48724396800377;5.213036816291817;10;11.648724396800377;Hexagonal;P6_3/mmc;True
mp-1405134;TiAlO3;0.0;0.2579223145;105.63784455287283;3.862097145168511;10;10.563784455287283;Hexagonal;P6_3/mmc;True
mp-1406000;YBiO3;2.2950000000000004;0.15527085187500056;168.4330736052438;6.819974607873271;10;16.84330736052438;Hexagonal;P6_3/mmc;True
mp-1405591;MnAlO3;0.011499999999999844;4.9516652271875;97.74293928796551;4.414304644138238;10;9.774293928796551;Triclinic;P-1;True
mp-1406914;AlSnO3;0.0;0.6583729961249958;127.22052767406466;5.056249711810775;10;12.722052767406465;Hexagonal;P6_3/mmc;True
mp-1412082;AlCuO3;0.0;0.20133596912499918;97.00166525182577;4.742751588833567;10;9.700166525182578;Hexagonal;P6_3/mmc;True
mp-1413707;MgWO3;0.0;0.3976137239999975;68.50902686479888;6.2084634726687975;5;13.701805372959777;Monoclinic;Cm;True
mp-1412687;YSnO3;0.0;0.8104025173437508;71.05362594266687;5.973757298921865;5;14.210725188533374;Cubic;Pm-3m;True
mp-1418444;AlAgO3;0.0;1.6497803273333327;64.17906273811799;4.730922091457281;5;12.835812547623599;Cubic;Pm-3m;True
mp-1416557;AlNiO3;0.0;1.3116746173333338;49.00876957089664;4.52917857464988;5;9.801753914179328;Cubic;Pm-3m;True
mp-1416619;YSbO3;0.0;0.9961316007499992;76.78692265678544;5.593683740523239;5;15.357384531357088;Cubic;Pm-3m;True
mp-1416093;YFeO3;0.6372999999999998;0.34055598087499916;58.55670870199426;5.46593780827224;5;11.711341740398852;Cubic;Pm-3m;True
mp-1413511;AlBiO3;0.0;1.6650228942499847;78.10549111437122;6.0370519080505245;5;15.621098222874243;Cubic;Pm-3m;True
mp-1413617;NaBrO3;0.0;0.6091715844999999;431.45686717560193;2.32293913239525;20;21.572843358780098;Orthorhombic;P2_12_12_1;True
mp-1417649;AlWO3;0.0;1.1784392712499976;61.36049434821571;7.004185548343112;5;12.272098869643141;Cubic;Pm-3m;True
mp-1418929;YAgO3;0.0;0.5835275907083313;66.64785960361091;6.098528692891918;5;13.329571920722183;Cubic;Pm-3m;True
mp-1421498;AlFeO3;0.0;1.4042949875000001;54.91632829150119;3.955828737737482;5;10.983265658300237;Cubic;Pm-3m;True
mp-1424898;YBiO3;0.0;1.099079481875;85.68108313135833;6.703400815747843;5;17.13621662627167;Cubic;Pm-3m;True
mp-1421511;AlSbO3;0.0;1.3185118980000041;66.5165215902092;4.911471835028959;5;13.303304318041839;Cubic;Pm-3m;True
mp-1433326;YNiO3;0.0;0.2099643790000023;53.025242522589764;6.1253318618534625;5;10.605048504517953;Cubic;Pm-3m;True
mp-1426094;AlSnO3;0.0;1.3186308561249964;65.77111511498312;4.890131140880302;5;13.154223022996623;Cubic;Pm-3m;True
mp-1435808;AlCoO3;0.0;1.2979348044999988;50.426713548382544;4.409719421098824;5;10.085342709676508;Cubic;Pm-3m;True
mp-1427680;ZnWO3;0.0;0.48132135700000056;65.05524987683661;7.587252215025669;5;13.011049975367323;Orthorhombic;Amm2;True
mp-1434307;YMnO3;0.0;0.3250519833333332;58.06198077710698;5.4865729612959795;5;11.612396155421397;Cubic;Pm-3m;True
mp-1433892;AlMoO3;0.0;1.2197774297499961;64.37132382637047;4.409089121119238;5;12.874264765274095;Cubic;Pm-3m;True
mp-1432347;YCuO3;0.0;0.2224574458068167;54.10253626517338;6.152301950513756;5;10.820507253034675;Cubic;Pm-3m;True
mp-1435359;CaVO3;0.26060000000000016;0.008814690910707412;224.8006192053436;4.107538901581683;20;11.24003096026718;Monoclinic;P2_1/c;True
mp-1431390;CaWO3;0.0;0.2205363528333386;69.25007416783295;6.52024534266855;5;13.85001483356659;Monoclinic;Cm;True
mp-1435972;YCoO3;0.8332000000000002;0.23103540108928655;54.26048474581901;5.993226894221867;5;10.852096949163801;Cubic;Pm-3m;True
mp-1436662;YTiO3;0.0;0.3027170202499825;59.0010722886116;5.200236799587675;5;11.800214457722321;Cubic;Pm-3m;True
mp-1443298;YTiO3;0.0;0.07797280824998154;130.09900526231206;4.716708582233137;10;13.009900526231206;Hexagonal;P6_3/mmc;True
mp-1444809;MnAlO3;0.0;0.2710575871875003;103.62430347666455;4.163763676614255;10;10.362430347666455;Hexagonal;P6_3/mmc;True
mp-1445377;YMoO3;0.0;0.22783741459375406;144.31013645546886;5.3585514016871985;10;14.431013645546887;Hexagonal;P6_3/mmc;True
mp-1503976;YMoO3;0.0;0.6047194465937533;68.32803813085468;5.658682036942094;5;13.665607626170935;Cubic;Pm-3m;True
mp-1504764;YVO3;0.0;0.35329186500000276;59.63050756183239;5.230961255433259;5;11.926101512366477;Tetragonal;P4/mmm;True
mp-1475723;TiAlO3;0.0;0.9959165675000019;57.548401321217;3.5446998396373295;5;11.5096802642434;Cubic;Pm-3m;True
mp-1504314;AlCuO3;0.0;1.290215500125;50.618016416915935;4.544378015560223;5;10.123603283383186;Cubic;Pm-3m;True
mp-1504268;LaCoO3;0.9444999999999997;0.05514524600000037;119.41139253008177;6.837232365588126;10;11.941139253008178;Orthorhombic;Imma;True
mp-2879;SrSnO3;1.7406000000000001;0.0;266.2174999396318;6.345516917916609;20;13.31087499698159;Orthorhombic;Pnma;False
mp-2920;LaAlO3;4.0205;0.0002731970000020567;108.69536345095825;6.535048669387797;10;10.869536345095826;Trigonal;R-3c;False
mp-2929;BaTbO3;0.0;0.12044266375000046;88.21841085680292;6.479843404797808;5;17.643682171360584;Cubic;Pm-3m;False
mp-2951;CdGeO3;1.5009000000000001;0.0231605742499994;261.9034629877659;5.910380827589558;20;13.095173149388296;Monoclinic;C2/c;False
mp-2939;BaTbO3;0.0;0.09739728474999954;173.9297807413048;6.573244505176847;10;17.39297807413048;Tetragonal;I4/mcm;False
mp-2981;CaTeO3;2.9425;0.011534739155556473;1546.9130639096422;4.16733025562464;90;17.187922932329357;Triclinic;P-1;False
mp-2998;BaTiO3;1.6675;0.014779579999999015;128.738833485449;6.015663621981991;10;12.873883348544899;Cubic;Pm-3m;False
mp-3033;RbTaO3;3.5426;0.0;333.98647387684906;6.252906298753131;20;16.69932369384245;Monoclinic;C2/m;False
mp-3020;BaNbO3;0.0;0.0;70.62797941745364;6.541520975229358;5;14.125595883490728;Cubic;Pm-3m;False
mp-3047;MgGeO3;2.4744;0.1414073015000179;91.20375853022863;5.277937011653152;10;9.120375853022862;Orthorhombic;Cmcm;False
mp-3136;NaNbO3;1.5312;0.04433902399999745;64.44912652017267;4.222756534481133;5;12.889825304034535;Cubic;Pm-3m;False
mp-3119;NdTiO3;0.0;0.04200246949999631;248.04775756381775;6.429526156492806;20;12.402387878190888;Orthorhombic;Pnma;False
mp-3187;BaCeO3;2.4469;0.0;344.64733173556965;6.272009413388812;20;17.232366586778483;Orthorhombic;Pnma;False
mp-3163;BaSnO3;0.3730000000000002;0.0;71.13628093297905;7.097114458409221;5;14.22725618659581;Cubic;Pm-3m;False
mp-3196;NdGaO3;3.4524999999999997;0.033597412833332285;239.71243428239342;7.258699441629321;20;11.98562171411967;Orthorhombic;Pnma;False
mp-3205;CaCO3;4.270200000000001;0.1688654740000084;110.76982689463699;3.0007848237440142;10;11.0769826894637;Orthorhombic;Pmmn;True
mp-3283;RbNbO3;3.3093;0.0;354.33464490495084;4.243448237642563;20;17.71673224524754;Triclinic;P-1;False
mp-3317;SmRhO3;0.7331000000000003;0.0;237.73550180216748;8.417087731620118;20;11.886775090108374;Orthorhombic;Pnma;False
mp-3316;BaCeO3;2.4637000000000002;0.000642611000001736;172.2671111186429;6.274068494293382;10;17.22671111186429;Orthorhombic;Imma;False
mp-3323;SrZrO3;3.2141;0.0549089115000001;73.96074740540564;5.09297632587517;5;14.792149481081129;Cubic;Pm-3m;False
mp-3336;LaGaO3;3.3802000000000003;0.03807103814285284;121.62970279595109;7.007147133734928;10;12.16297027959511;Trigonal;R-3c;False
mp-3378;SrHfO3;4.1684;0.0;270.9121553948899;7.701226062859422;20;13.545607769744496;Orthorhombic;Pnma;False
mp-3387;CaSiO3;3.6891000000000007;0.2413147018333337;93.95182669325759;4.10616904324665;10;9.39518266932576;Tetragonal;I4/mcm;True
mp-3382;CaSiO3;3.5254000000000003;0.24373002783333408;94.00639676203232;4.10378544027059;10;9.400639676203232;Tetragonal;P4/mbm;True
mp-3395;SrSeO3;3.7027;0.0;153.21182131644215;4.651279273060777;10;15.321182131644216;Monoclinic;P2_1/m;False
mp-3408;CeAlO3;0.0;0.0006384559999954575;106.8926141185251;6.6828729084585685;10;10.68926141185251;Trigonal;R-3c;False
mp-3404;RbSO3;5.0206;0.00740247585415954;572.7515827231946;2.8794755098938465;30;19.091719424106486;Trigonal;P321;False
mp-3442;CaTiO3;2.2416999999999994;0.017396585500002004;112.41312515722095;4.016239107991826;10;11.241312515722095;Tetragonal;I4/mcm;False
mp-3466;PrAlO3;4.133100000000001;0.0;107.09578105965994;6.694744456043699;10;10.709578105965994;Trigonal;R-3c;False
mp-3474;LaCuO3;0.0;0.0;114.50128810538682;7.264223288917841;10;11.450128810538683;Trigonal;R-3c;False
mp-3470;MgSiO3;0.0;0.0076780379166647705;414.5371506675578;3.217069604683521;40;10.363428766688944;Monoclinic;P2_1/c;False
mp-3547;MgSiO3;5.415499999999999;0.21704053316666716;167.93161695400687;3.970648564022219;20;8.396580847700344;Orthorhombic;Pnma;False
mp-3598;BaRuO3;0.0;0.025915977166667048;415.01932828972775;6.875396681561176;30;13.833977609657591;Hexagonal;P6_3/mmc;False
mp-3597;BaRuO3;0.0;0.0;278.8465487700886;6.821966000278799;20;13.94232743850443;Hexagonal;P6_3/mmc;False
mp-3614;KTaO3;2.0976;0.0;63.7546200303669;6.981426051671773;5;12.75092400607338;Cubic;Pm-3m;False
mp-3626;SrZrO3;3.4055;0.007183756499999916;279.02747839948415;5.399903088261012;20;13.951373919974207;Orthorhombic;Cmcm;False
mp-3666;LiTaO3;3.7003;0.0;105.12489484369374;7.452082834914814;10;10.512489484369373;Trigonal;R3c;False
mp-3671;NaNbO3;2.3565000000000005;0.0017411069999990758;481.97067079689253;4.517336620582019;40;12.049266769922314;Orthorhombic;Pbcm;False
mp-3731;LiNbO3;3.3358000000000003;0.0;429.06236195769645;4.577485857989899;40;10.726559048942411;Trigonal;R3c;False
mp-3721;SrHfO3;4.056;0.004090566999998657;135.60049749179663;7.693023958111826;10;13.560049749179663;Tetragonal;I4/mcm;False
mp-3759;MgGeO3;3.6778999999999997;0.031802013000018725;101.02990576537422;4.764605975843132;10;10.102990576537422;Trigonal;R-3;False
mp-3771;MgTiO3;3.5294999999999996;0.0;102.5186191467851;3.892898942273507;10;10.25186191467851;Trigonal;R-3;False
mp-3822;SrCO3;4.4416;0.0;258.4475691195478;3.794093432363294;20;12.92237845597739;Orthorhombic;Pnma;False
mp-3792;YAlO3;5.538999999999999;0.018835838049996667;202.91174903140487;5.3646656539564095;20;10.145587451570243;Orthorhombic;Pnma;False
mp-3858;NaTaO3;2.5925999999999996;0.0;234.06103598567563;7.149405604042241;20;11.70305179928378;Orthorhombic;Pnma;False
mp-3834;BaZrO3;3.0441000000000003;7.172199999949669e-05;74.74546324141521;6.143794300871015;5;14.949092648283042;Cubic;Pm-3m;False
mp-3953;CaCO3;5.0109;0.0;122.9495072208524;2.703519704858185;10;12.29495072208524;Trigonal;R-3c;False
mp-3978;SrSiO3;4.6251;0.0;447.8557103265806;3.6418388776849575;30;14.928523677552686;Monoclinic;C2/c;False
mp-4019;CaTiO3;2.3053;0.0;224.09973769300066;4.029259419540245;20;11.204986884650033;Orthorhombic;Pnma;False
mp-4096;CeAlO3;0.0;0.005600195999994284;106.62207029006254;6.699830092059153;10;10.662207029006254;Tetragonal;I4/mcm;False
mp-4135;RbPO3;5.109999999999999;0.0;330.3261195543584;3.3065341566484494;20;16.51630597771792;Monoclinic;P2_1/c;False
mp-4126;KUO3;0.4419000000000004;0.0;79.44393397949031;6.795779344751639;5;15.888786795898062;Cubic;Pm-3m;False
mp-4170;NaTaO3;2.2596;0.027754129499998115;61.52965494459861;6.799149466507862;5;12.305930988919723;Cubic;Pm-3m;False
mp-4190;CaSnO3;2.9217999999999997;0.014870770500000852;134.53390939302432;5.104684247454259;10;13.453390939302432;Trigonal;R-3;False
mp-4243;CaIrO3;0.0;0.0;114.21872186793517;8.149939024720789;10;11.421872186793518;Orthorhombic;Cmcm;False
mp-4307;BaIrO3;0.0;0.0471774166250043;426.1880020632002;8.826014391269148;30;14.206266735440007;Monoclinic;C2/c;False
mp-4320;CuTeO3;0.0;0.04484400274999878;595.1495623765578;5.337929318067626;40;14.878739059413945;Orthorhombic;Pnma;False
mp-4342;KNbO3;1.4744;0.0011901640000004932;66.19193300770227;4.515683425098605;5;13.238386601540455;Tetragonal;P4mm;False
mp-4356;CaSiO3;3.5298999999999996;0.24370487483333392;187.989360397809;4.104296982637373;20;9.39946801989045;Cubic;Im-3;True
mp-4346;SrRuO3;0.0;0.0413389980000014;63.39114104699642;6.200077751573666;5;12.678228209399283;Cubic;Pm-3m;False
mp-4321;MgSiO3;4.5304;0.019268999666667064;201.48154164904648;3.3094715687347054;20;10.074077082452323;Monoclinic;C2/c;False
mp-4355;YTiO3;0.0;0.05795329274998373;235.49787086691995;5.211419469754011;20;11.774893543345998;Orthorhombic;Pnma;False
mp-4391;MgSiO3;4.642499999999999;0.2611187761666667;84.1979956765026;3.9596989711860915;10;8.41979956765026;Orthorhombic;Cmcm;False
mp-4385;CdCO3;2.6293;0.0;115.52902720431366;4.9565029177115605;10;11.552902720431366;Trigonal;R-3c;False
mp-4387;SrZrO3;3.6122;0.0;278.2199660312183;5.415575897777201;20;13.910998301560914;Orthorhombic;Pnma;False
mp-4428;CaSiO3;4.733700000000001;0.02295127050000012;390.2425615855172;2.9657099478611504;30;13.008085386183906;Triclinic;P-1;False
mp-4419;NaNbO3;1.5628;0.03085902499999804;124.81392265583447;4.360939298496417;10;12.481392265583448;Tetragonal;P4/mbm;False
mp-4429;CaSiO3;4.8413;0.0;398.6826269045318;2.9029262096492685;30;13.289420896817726;Triclinic;P-1;False
mp-4434;TbAlO3;5.604000000000001;0.009000524750000238;203.66615099267239;7.628337573944104;20;10.18330754963362;Orthorhombic;Pnma;False
mp-4438;CaSnO3;2.3327;0.0;248.80571219239832;5.520396794555522;20;12.440285609619917;Orthorhombic;Pnma;False
mp-4471;ScAlO3;4.5916999999999994;0.02802021737499949;191.07007935746245;4.169314928792069;20;9.553503967873123;Orthorhombic;Pnma;False
mp-4482;NaSbO3;2.6988000000000003;0.0;128.83098377675014;4.968766426546429;10;12.883098377675015;Trigonal;R-3;False
mp-4514;NaNbO3;2.7818;0.0;121.69003756668431;4.472888259328947;10;12.169003756668431;Trigonal;R3c;False
mp-4525;SrRuO3;0.0;0.006622184999997671;121.7170792137346;6.4580912685588165;10;12.17170792137346;Tetragonal;I4/mcm;False
mp-4531;NaNO3;2.9451;0.0;240.02135177682453;2.3520735625321496;20;12.001067588841227;Trigonal;R-3c;False
mp-4551;SrHfO3;3.7268999999999997;0.03295755899999975;71.01997313864919;7.344257043717289;5;14.203994627729838;Cubic;Pm-3m;False
mp-4559;BaCO3;4.4228;0.021844735000008164;75.0831109614839;4.364283358192035;5;15.01662219229678;Trigonal;R3m;False
mp-4535;PrGaO3;3.3931;0.029260600857143437;242.1773823202712;7.093367772997066;20;12.10886911601356;Orthorhombic;Pnma;False
mp-4571;CaZrO3;3.8260000000000005;0.0;258.7265007863652;4.60308451218168;20;12.936325039318259;Orthorhombic;Pnma;False
mp-4575;MgGeO3;2.9034000000000004;0.012849643250017806;896.0510826234963;4.297680809350304;80;11.200638532793704;Orthorhombic;Pbca;False
mp-4582;NdRhO3;0.6487000000000007;0.0;243.69214839187953;8.044591819767845;20;12.184607419593977;Orthorhombic;Pnma;False
mp-4626;CaCO3;4.1871;0.000996054500003396;224.88143044501672;2.9561926461993826;20;11.244071522250836;Orthorhombic;Pnma;False
mp-4651;SrTiO3;1.8559;0.0;119.62507795144641;5.093987788952841;10;11.962507795144642;Tetragonal;I4/mcm;True
mp-4681;NaNbO3;2.3684000000000003;0.0024077749999982245;241.49733830344042;4.507759332944719;20;12.07486691517202;Orthorhombic;Pmc2_1;False
mp-4675;NaTaO3;2.2807999999999997;0.009338893500000722;118.77001155706728;7.044696133416973;10;11.877001155706727;Tetragonal;P4/mbm;False
mp-4682;ZnSeO3;3.4441999999999995;0.062141492750002136;240.8393292100707;5.305333679950977;20;12.041966460503534;Orthorhombic;Pnma;False
mp-4699;NaTaO3;2.3891;0.0033295580000007874;235.85405428360804;7.095054131873042;20;11.792702714180402;Orthorhombic;Cmcm;False
mp-4673;SrHfO3;3.9535000000000005;0.0037482720000010517;271.36984791729213;7.688237171096568;20;13.568492395864606;Orthorhombic;Cmcm;False
mp-4734;NaPO3;4.971;0.012073410750000235;510.7728274098804;2.6518472281892924;40;12.76932068524701;Monoclinic;P2_1/c;False
mp-4748;NaNbO3;1.6833000000000002;0.02670073899999892;247.43532826035178;4.39958145133262;20;12.371766413017589;Orthorhombic;Cmcm;False
mp-4783;BaPrO3;0.0;0.1908281109999992;96.732161628463;5.600230408070592;5;19.3464323256926;Cubic;Pm-3m;False
mp-4784;CaPtO3;1.2767999999999997;0.010547281666654307;114.94236831033714;8.181466621493206;10;11.494236831033714;Orthorhombic;Cmcm;False
mp-4789;PrRhO3;0.6036999999999999;0.0;247.07173136147833;7.844914426415648;20;12.353586568073917;Orthorhombic;Pnma;False
mp-4819;MgGeO3;2.5261;0.011727870000017404;217.50525204727657;4.42626270600529;20;10.87526260236383;Monoclinic;C2/c;False
mp-4853;CaSiO3;3.5088;0.2437246083333342;187.86589811423534;4.1069942570391;20;9.393294905711766;Tetragonal;I4/mmm;True
mp-4900;BaCeO3;2.4505;0.0025211640000009083;172.44455093202092;6.267612682632582;10;17.24445509320209;Trigonal;R-3c;False
mp-4891;HoAlO3;5.8359;0.015694614650000105;200.9767494622274;7.928877870662549;20;10.04883747311137;Orthorhombic;Pnma;False
mp-4957;CaNbO3;0.0;0.058931000750003903;253.67357057356134;4.738824690399361;20;12.683678528678067;Orthorhombic;Pnma;False
mp-4995;LiSbO3;2.1379000000000006;0.0;215.50013311485165;5.446231903541917;20;10.775006655742583;Orthorhombic;Pnna;False
mp-5020;BaTiO3;2.5526999999999997;4.0989999998686244e-05;65.6356490658401;5.899610412612441;5;13.12712981316802;Trigonal;R3m;False
mp-5026;MgSiO3;4.6064;0.00833264391666777;428.8623999297255;3.109610139856606;40;10.721559998243137;Orthorhombic;Pbcn;False
mp-5039;KPO3;5.0422;0.0;641.5459608291362;2.444847850654147;40;16.038649020728407;Monoclinic;P2_1/c;False
mp-5052;TiCdO3;2.4156;0.03874457400000075;220.54685782643037;6.2726038472673045;20;11.027342891321519;Orthorhombic;Pna2_1;False
mp-5076;SrZrO3;3.5595;0.009295327000000242;139.29130396935383;5.40852623021807;10;13.929130396935383;Tetragonal;I4/mcm;False
mp-5073;RbNO3;3.2401;0.017042036888889278;678.5479925443076;3.248049723466174;45;15.078844278762391;Trigonal;P3_1;False
mp-5096;CaSiO3;3.6872999999999996;0.24112332283333515;93.99326291098973;4.104358869737916;10;9.399326291098973;Orthorhombic;Imma;True
mp-5158;KNO3;2.9384;0.0;306.24942598800067;2.1927984100046674;20;15.312471299400034;Orthorhombic;Pnma;False
mp-5163;LaRhO3;0.5951000000000004;0.0;250.62051880749198;7.680766947672471;20;12.5310259403746;Orthorhombic;Pnma;False
mp-5223;GdAlO3;3.2931999999999997;0.008384388900003259;207.09282195486637;7.448380881002664;20;10.354641097743318;Orthorhombic;Pnma;False
mp-5229;SrTiO3;1.7658999999999998;0.00047005399999910935;59.90045030664282;5.08651173086108;5;11.980090061328564;Cubic;Pm-3m;False
mp-5246;KNbO3;2.0587;0.00035340000000161353;66.39970574294573;4.501553303794176;5;13.279941148589145;Orthorhombic;Amm2;False
mp-5323;CeAlO3;0.0;0.01711502899999573;53.243562933991896;6.70832036440362;5;10.648712586798379;Cubic;Pm-3m;False
mp-5304;LaAlO3;3.496100000000001;0.003053425000000942;54.13665153348018;6.560522955963694;5;10.827330306696037;Cubic;Pm-3m;False
mp-5348;MgCO3;4.9603;0.0;92.55709187868767;3.025300863741853;10;9.255709187868767;Trigonal;R-3c;False
mp-5338;ZnSeO3;3.9227;0.0;538.6539781098929;4.744169937066032;40;13.466349452747323;Orthorhombic;Pbca;False
mp-5364;YbBO3;0.0;0.0;111.70840702841186;6.89285014331871;10;11.170840702841186;Trigonal;R-3c;False
mp-5431;BaTeO3;2.7149;0.0;189.26378785886058;5.491008355355368;10;18.926378785886058;Monoclinic;P2_1/m;False
mp-5504;BaCO3;4.397399999999999;0.0;308.7916524320886;4.244725776355712;20;15.43958262160443;Orthorhombic;Pnma;False
mp-5537;NbAgO3;1.7871000000000001;0.05949384967307658;513.7503278083724;6.432648671755968;40;12.84375819520931;Orthorhombic;Pbcm;False
mp-5660;BaIrO3;0.0;0.14323426162500486;67.78231600459345;9.249072770300783;5;13.55646320091869;Cubic;Pm-3m;False
mp-5663;BaCeO3;2.2990000000000004;0.0403338960000017;89.56619857936725;6.033613526171215;5;17.913239715873452;Cubic;Pm-3m;False
mp-5690;GdScO3;3.1888000000000005;0.011744571875000887;251.66745686793627;6.603534812980721;20;12.583372843396813;Orthorhombic;Pnma;False
mp-5692;TbRhO3;0.8749000000000002;0.0;229.55338451111137;8.964942831177725;20;11.47766922555557;Orthorhombic;Pnma;False
mp-5733;CaSiO3;5.593500000000001;1.4276166666604695e-05;797.3329242079571;2.903043915119029;60;13.288882070132619;Monoclinic;P2_1/c;False
mp-5735;BaTbO3;0.0;0.09176680975000018;174.47420786847704;6.552733435570204;10;17.447420786847704;Orthorhombic;Imma;False
mp-5777;BaTiO3;2.2933999999999997;0.0;65.57310741671338;5.905237282818014;5;13.114621483342678;Orthorhombic;Amm2;False
mp-5788;NaUO3;0.4297000000000004;0.0;280.2986898886754;7.322682831003938;20;14.01493449443377;Orthorhombic;Pnma;False
mp-5773;BaRuO3;0.0;0.0019360621666670852;209.27383936981565;6.817437194011987;15;13.951589291321044;Trigonal;R-3m;False
mp-5837;LaGaO3;3.3483;0.032549403142853706;244.776697806021;6.963712076866785;20;12.23883489030105;Orthorhombic;Pnma;False
mp-5834;MgSiO3;4.7002;0.007866088916666847;865.7559289834046;3.080764041640832;80;10.821949112292558;Orthorhombic;Pbca;False
mp-5827;CaTiO3;1.8272;0.0644675975000002;58.83985762289643;3.8364979772854366;5;11.767971524579286;Cubic;Pm-3m;False
mp-5899;NdAlO3;4.3543;0.0;105.74913460950464;6.884713771816515;10;10.574913460950464;Trigonal;R-3c;False
mp-5893;CaSiO3;3.4579000000000004;0.2442178178333343;46.96632581831585;4.10700726108196;5;9.39326516366317;Cubic;Pm-3m;False
mp-5924;MgSiO3;5.7959;0.11707234016666579;90.81105492543924;3.671345048572739;10;9.081105492543923;Trigonal;R-3;False
mp-5933;BaTiO3;1.7260999999999997;0.002619442000000305;400.2367535081449;5.804935532881183;30;13.341225116938164;Hexagonal;P6_3/mmc;False
mp-5915;TlNO3;2.7866999999999997;0.0;596.5466891150119;5.932115915426584;40;14.913667227875298;Orthorhombic;Pnma;False
mp-5945;MnSiO3;2.6058;0.008788355309526708;845.7293596037858;3.6015471565691115;70;12.081847994339798;Triclinic;P-1;False
mp-5986;BaTiO3;1.7236999999999996;0.0019565740000011544;65.32709969254628;5.927475128848985;5;13.065419938509256;Tetragonal;P4mm;False
mp-6909;BaPrO3;0.0;0.11221457199999918;189.85318606930812;5.7067506129958305;10;18.98531860693081;Orthorhombic;Imma;False
mp-6910;BaPrO3;0.0;0.11814818900000024;189.81459273707014;5.707910916422616;10;18.981459273707014;Trigonal;R-3c;False
mp-6920;KNO3;2.9813;0.002640953500000265;74.61614758460317;2.2499930514702053;5;14.923229516920633;Trigonal;R3m;False
mp-6989;BaSeO3;3.8865999999999996;0.0;176.75970785828287;4.965564893207321;10;17.675970785828287;Monoclinic;P2_1/m;False
mp-7006;SrNbO3;0.0;0.013476088928564778;67.40372672579457;5.629866651769479;5;13.480745345158914;Cubic;Pm-3m;False
mp-7027;InBO3;2.6556;0.0;105.35335310154868;5.473290418185054;10;10.535335310154867;Trigonal;R-3c;False
mp-7143;BaPuO3;0.0;0.0243402839999991;84.09111734321918;8.477842730548273;5;16.818223468643836;Cubic;Pm-3m;False
mp-7238;NdBO3;4.6984;0.0;234.24651458020253;5.757600298904684;20;11.712325729010127;Orthorhombic;Pnma;False
mp-7339;BaSiO3;4.5335;0.02203185050000034;335.46476985200644;4.225502489956273;20;16.77323849260032;Orthorhombic;P2_12_12_1;False
mp-7375;KNbO3;2.3108;0.0;66.42558683114697;4.499799384805183;5;13.285117366229395;Trigonal;R3m;False
mp-7405;SmAlO3;4.861399999999999;0.0;208.41780048360832;7.181448779466399;20;10.420890024180416;Orthorhombic;Pnma;False
mp-7492;LaBO3;4.0012;0.014214797000001056;127.94431487087009;5.132122273115147;10;12.794431487087008;Monoclinic;P2_1/m;False
mp-7538;LaErO3;4.4376;0.027895266250000716;304.0796627333526;7.736143154088232;20;15.203983136667631;Orthorhombic;Pnma;False
mp-7560;LuBO3;5.3067;0.0;109.98367787860556;7.05912951760215;10;10.998367787860555;Trigonal;R-3c;False
mp-7588;CdGeO3;1.301;0.03876408387499808;996.4899421647862;6.213606945031158;80;12.456124277059827;Tetragonal;I4_1/a;False
mp-7607;TiHgO3;1.3493999999999997;0.10848425700000064;118.34433484930989;8.319374854931857;10;11.834433484930988;Trigonal;R-3c;False
mp-7685;BaRhO3;0.0;0.015493725796296154;278.4995456894578;6.87424228326527;20;13.924977284472892;Hexagonal;P6_3/mmc;False
mp-7964;YAlO3;3.4990999999999994;0.1022256605499976;121.03513647008225;4.496849933663981;10;12.103513647008224;Hexagonal;P6_3/mmc;False
mp-7986;CaSnO3;1.3941;0.21009045250000913;67.24159084581586;5.106609758844984;5;13.448318169163173;Cubic;Pm-3m;False
mp-8020;LaTiO3;0.0;0.06758425174999694;62.049187819988944;6.28285209634826;5;12.409837563997788;Cubic;Pm-3m;False
mp-8037;BaThO3;3.2033000000000005;0.08340608999999866;97.34330038250651;7.119627097483976;5;19.4686600765013;Cubic;Pm-3m;False
mp-8007;LiUO3;0.44310800725110955;0.0;126.88718923279944;7.6679922621676155;10;12.688718923279945;Trigonal;R3c;False
mp-8098;InGaO3;1.3285999999999998;0.0020049374999997482;115.84663498527046;6.666407301420505;10;11.584663498527046;Hexagonal;P6_3/mmc;False
mp-8074;TaSnO3;0.0;0.32495582500000886;67.54808347028872;8.546452744902865;5;13.509616694057744;Cubic;Pm-3m;False
mp-8110;AlBO3;5.8392;0.032890195625002505;81.46986382228383;3.4972164310366103;10;8.146986382228382;Trigonal;R-3c;False
mp-8130;CaGeO3;2.0286999999999997;0.10737590583333301;216.4272088717933;4.932384065747512;20;10.821360443589665;Orthorhombic;Pnma;False
mp-8180;LiNO3;2.9369;0.0;92.80084348909155;2.467377585965779;10;9.280084348909154;Trigonal;R-3c;False
mp-8189;LiReO3;0.0;0.07505348100000564;103.97122513168792;7.702759795595672;10;10.397122513168792;Trigonal;R3c;False
mp-8196;AgNO3;1.7204;0.031171343000000462;66.94305711049056;4.213744210142286;5;13.388611422098112;Trigonal;R3m;False
mp-8218;PrAlO3;2.8792;0.018023412999990995;106.22475005987332;6.74964060739804;10;10.622475005987331;Cubic;Pm-3m;False
mp-8216;LaBO3;4.4926;0.0;247.04842514826802;5.315766475120584;20;12.3524212574134;Orthorhombic;Pnma;False
mp-8275;CdGeO3;1.4264999999999999;0.04403527874999824;118.83630558937064;6.512947363371501;10;11.883630558937064;Trigonal;R-3;False
mp-8285;ZnGeO3;2.1264;0.05910878500000116;103.48547026309927;5.970667060365747;10;10.348547026309927;Trigonal;R-3;False
mp-8516;CdSO3;3.2550000000000003;0.09627692975000013;300.59403038203004;4.253057566751047;20;15.029701519101502;Monoclinic;P2_1/c;False
mp-8557;BaPaO3;0.0;0.0;90.75101233528245;7.618469726413477;5;18.15020246705649;Cubic;Pm-3m;False
mp-8558;BaNpO3;0.0;0.0;85.63207796094373;8.189541946060277;5;17.126415592188746;Cubic;Pm-3m;False
mp-8627;SmBO3;5.2713;0.0;235.39413174333598;5.902162913618585;20;11.769706587166798;Triclinic;P-1;False
mp-8697;ScBO3;4.1307;0.0;100.67384890531;3.4230542358408083;10;10.067384890530999;Trigonal;R-3c;False
mp-9138;RbPO3;4.768;0.01156280849999991;351.4652348774249;3.107660413470331;20;17.573261743871246;Orthorhombic;Pnma;False
mp-9186;CdSeO3;3.0904000000000007;0.0;273.4878134372338;5.813522781882174;20;13.67439067186169;Orthorhombic;Pnma;False
mp-9228;HgSeO3;2.5571;0.0;305.0066542589892;7.133045465855003;20;15.250332712949461;Orthorhombic;Pnma;False
mp-9475;KNO3;3.3087999999999997;0.001126074000000088;277.3713999375288;2.4210976853510453;20;13.86856999687644;Orthorhombic;Pnma;False
mp-9657;LiAsO3;3.3857999999999997;0.0;94.39200396968975;4.5690084509796005;10;9.439200396968975;Trigonal;R-3;False
mp-9716;TiBO3;0.0;0.0764089201833329;95.70124589670453;3.701937130789714;10;9.570124589670453;Trigonal;R-3c;False
mp-9812;ZnCO3;3.5766;0.0;93.45393807406116;4.456983347814769;10;9.345393807406115;Trigonal;R-3c;False
mp-9834;NdGaO3;0.0;1.4662541728333327;95.05693542411397;4.576206105093443;5;19.011387084822793;Cubic;Pm-3m;False
mp-9833;PrGaO3;0.0;1.4744034378571431;97.53781528000668;4.403044178731792;5;19.507563056001338;Cubic;Pm-3m;False
mp-9831;LaGaO3;0.0;1.4438151811428535;97.33009647935539;4.378282022480352;5;19.466019295871078;Cubic;Pm-3m;False
mp-9890;TaAgO3;1.9158;0.03159541750000017;125.0421701330729;8.945674412319407;10;12.50421701330729;Trigonal;R-3c;False
mp-10339;SrNbO3;0.0;0.007797432928562387;266.950371096918;5.68606054734816;20;13.3475185548459;Orthorhombic;Pnma;False
mp-10429;LaYO3;4.3271999999999995;0.03991793962499912;311.9431159769749;5.872769233655758;20;15.597155798848746;Orthorhombic;Pnma;False
mp-10792;DyBO3;5.0107;0.028402722833334337;602.8154083542863;7.315524477014312;60;10.04692347257144;Triclinic;P-1;False
mp-10791;ErBO3;5.131399999999999;0.06219520666666689;611.7684685111603;7.363473555686964;60;10.196141141852673;Triclinic;P-1;False
mp-10798;HgSeO3;2.2452;0.004895135499998204;316.2447154866612;6.879565809881343;20;15.812235774333061;Monoclinic;P2_1/c;False
mp-11623;LaInO3;2.7459;0.006706452249998662;281.8940253530813;7.109347143448579;20;14.094701267654065;Orthorhombic;Pnma;False
mp-11775;RbUO3;0.45420000000000016;0.0;81.09117912744907;7.607261586249482;5;16.218235825489813;Cubic;Pm-3m;False
mp-12271;MgSeO3;4.0013;0.0;227.0109625140416;4.425838303281467;20;11.35054812570208;Orthorhombic;Pnma;False
mp-12315;DyBO3;5.3637;0.0;220.0432487262976;6.68036988253229;20;11.00216243631488;Triclinic;P-1;False
mp-12631;SrTcO3;0.0;0.07709823300000096;62.21175901326076;6.235672394797204;5;12.442351802652151;Cubic;Pm-3m;False
mp-12725;NbAgO3;1.3336000000000001;0.09190561892307691;65.1582457381741;6.339902429752184;5;13.03164914763482;Cubic;Pm-3m;False
mp-12867;SrSnO3;1.5614;0.006706956999999569;132.91090821475046;6.354962404526404;10;13.291090821475047;Tetragonal;I4/mcm;False
mp-12866;SrSnO3;1.6169000000000002;0.00365902399999829;133.32770579400238;6.335096068938691;10;13.332770579400238;Orthorhombic;Imma;False
mp-12958;BaSiO3;3.0454;0.2947010163333319;184.40389415384814;5.765227573446614;15;12.293592943589877;Trigonal;R-3m;False
mp-13003;CdGeO3;0.8481000000000001;0.14001233824999915;215.97939401466786;7.1671152397856845;20;10.798969700733393;Orthorhombic;Pnma;False
mp-13109;SrHfO3;3.9879;0.0019199860000007618;135.63234605846927;7.691217517439197;10;13.563234605846926;Orthorhombic;Imma;True
mp-13108;SrHfO3;3.7304999999999997;0.0328964169999999;71.00848373784919;7.345445368102092;5;14.201696747569837;Tetragonal;P4mm;True
mp-13334;ZnSnO3;1.0809999999999995;0.041423655000000004;117.57007878380284;6.556764836010602;10;11.757007878380284;Trigonal;R3c;False
mp-13374;LaTmO3;4.365600000000001;0.021383825999999218;300.1437927284731;7.87466162895079;20;15.007189636423655;Orthorhombic;Pnma;False
mp-13514;NdBO3;5.0694;0.0013575665000011838;241.13939568840678;5.5930214078627865;20;12.056969784420339;Triclinic;P-1;False
mp-13554;SnHgO3;0.0;0.06499494149999663;132.32972520759614;9.218080217232718;10;13.232972520759613;Trigonal;R-3c;False
mp-13658;RbNO3;3.1172;0.017548982999999296;149.86925152321862;3.2679709474785685;10;14.986925152321863;Orthorhombic;Pmmn;False
mp-13641;TiCdO3;2.9251000000000005;0.0;119.04414777961351;5.810462314644299;10;11.904414777961351;Trigonal;R-3;False
mp-13863;BaGeO3;3.5515;0.0;345.7138411355125;4.956252739141594;20;17.285692056775623;Orthorhombic;P2_12_12_1;False
mp-13981;KPO3;4.8275;0.01349338199999739;321.2956614628418;2.440870592973071;20;16.064783073142088;Orthorhombic;Pnma;False
mp-14142;TiZnO3;3.1156;0.02863532850000272;106.96230133551445;5.007411145143341;10;10.696230133551445;Trigonal;R-3;False
mp-14254;NdAlO3;2.863600000000001;0.02749091699999262;104.23401901492895;6.984787982697467;10;10.423401901492895;Cubic;Pm-3m;False
mp-14550;TiCdO3;2.1213;0.04254262900000061;227.38653800449333;6.083926872036045;20;11.369326900224667;Orthorhombic;Pnma;False
mp-14628;ZnSnO3;1.3215;0.05493057999999973;119.39662912889759;6.456458310095277;10;11.939662912889759;Trigonal;R-3;False
mp-14607;KSbO3;1.7858999999999998;0.018391050666667574;884.6548224253007;4.704402701570188;60;14.744247040421678;Cubic;Pn-3;False
mp-16053;CuSiO3;0.1120000000000001;0.0912007643333359;126.01771806237532;3.6798090871128815;10;12.601771806237533;Orthorhombic;Pmma;False
mp-16293;KSbO3;1.1212999999999997;0.04472297000000136;300.17961160744926;4.621424835493835;20;15.008980580372462;Cubic;Fd-3m;False
mp-16415;LaPdO3;0.0;0.0;259.8970232452888;7.496436977876414;20;12.994851162264439;Orthorhombic;Pnma;False
mp-16819;ZnTeO3;3.4996;0.0007195042499965609;572.6336391061509;5.591035442705865;40;14.315840977653773;Orthorhombic;Pbca;False
mp-17008;CaTeO3;3.2993000000000006;0.015751788466668692;512.6112811998438;4.191933765069618;30;17.08704270666146;Monoclinic;P2_1;False
mp-17097;SrIrO3;0.0;0.019301459999995885;384.24436696692544;8.500577308097178;30;12.808145565564182;Orthorhombic;Cmcm;True
mp-17272;NbCuO3;0.9590000000000001;0.01771818528571778;279.1947379777856;4.863962382849298;20;13.95973689888928;Monoclinic;C2/m;False
mp-17464;SrGeO3;3.3974;0.0;480.6018637681073;4.3173475210218735;30;16.020062125603577;Monoclinic;C2/c;False
mp-17552;CaSiO3;4.7114;0.020327960500000408;410.09472876363435;2.822143679978983;30;13.669824292121145;Monoclinic;C2/c;False
mp-17554;LaMnO3;0.0;0.1255334950238094;255.08175724819074;6.297394538667493;20;12.754087862409538;Orthorhombic;Pnma;False
mp-17620;TmBO3;2.3645;0.3181681136000023;324.08721585354914;7.001389962230889;30;10.802907195118305;Hexagonal;P6_3/mcm;False
mp-17766;MnSiO3;2.6808;0.017891537666669066;461.88819584845714;3.7683011327175118;40;11.54720489621143;Monoclinic;P2_1/c;False
mp-17761;CaGeO3;3.4812999999999996;0.0;436.38233200713995;3.669381313595353;30;14.546077733571332;Triclinic;P-1;False
mp-17853;YGaO3;2.9043;0.026932728216666035;382.2256825292596;5.386016244909247;30;12.740856084308653;Hexagonal;P6_3cm;False
mp-17868;NaAsO3;2.8628;0.0;419.5407583073476;3.4650536643388534;30;13.984691943578252;Triclinic;P-1;False
mp-18001;TlNiO3;0.0;0.07410190116666637;225.19137756897152;9.175342864132043;20;11.259568878448576;Orthorhombic;Pnma;False
mp-18269;FeSiO3;1.4461999999999997;0.018215754666666584;233.0091479718051;3.760758108747464;20;11.650457398590255;Monoclinic;C2/c;False
mp-18313;SrSiO3;4.3777;0.01701943633333336;425.6098140634538;3.832191560360463;30;14.186993802115127;Triclinic;P-1;False
mp-18331;GdCrO3;2.6309;0.0;224.59516837845578;7.60771860750238;20;11.229758418922788;Orthorhombic;Pnma;False
mp-18407;BaSiO3;2.1330999999999998;0.40856721899999915;350.22197599033973;6.071180497571179;30;11.674065866344657;Hexagonal;P6_3/mmc;False
mp-18634;CdSO3;3.0476;0.09906163908333365;451.7822968281786;4.244667368814709;30;15.05940989427262;Trigonal;R-3;False
mp-18656;GdGaO3;3.45;0.04892607999999932;232.60547911276728;7.851928891261496;20;11.630273955638364;Orthorhombic;Pnma;False
mp-18702;AgPO3;2.0246000000000004;0.0;523.544804128728;4.740841833556725;40;13.088620103218199;Monoclinic;P2_1/c;False
mp-18725;YCrO3;2.3271;0.0;219.38031951097574;5.719311192527547;20;10.969015975548787;Orthorhombic;Pnma;False
mp-18717;SrVO3;0.0;0.039101676860283874;59.35966561911505;5.218858079891806;5;11.871933123823009;Cubic;Pm-3m;False
mp-18732;TiNiO3;0.0;0.0;100.19293107218306;5.123127769416729;10;10.019293107218306;Trigonal;R-3;False
mp-18747;SrMoO3;0.0;0.08409752500000423;67.94623090034395;5.659054707431087;5;13.58924618006879;Cubic;Pm-3m;False
mp-18769;CeVO3;0.0;0.004009321799998133;238.20798811685643;6.665793748331958;20;11.91039940584282;Orthorhombic;Pnma;False
mp-18770;YCrO3;1.7679;0.30330756549999904;57.23928827956947;5.48008349907819;5;11.447857655913895;Cubic;Pm-3m;True
mp-18815;KVO3;3.0460000000000003;0.0;313.27195695543344;2.9267540474832576;20;15.663597847771673;Orthorhombic;Pbcm;False
mp-18814;MnCO3;3.2291;0.0;102.17288915450139;3.736292368846832;10;10.217288915450139;Trigonal;R-3c;False
mp-18808;LuMnO3;0.0;0.0;353.34289219579927;7.8360573691081505;30;11.778096406526641;Hexagonal;P6_3cm;False
mp-18841;LaCrO3;2.1156999999999995;0.09145682449999981;60.56654511365902;6.549860172749681;5;12.113309022731803;Cubic;Pm-3m;False
mp-18840;BaMnO3;0.9340999999999999;0.0;196.58101951817102;6.088581280011918;15;13.105401301211401;Trigonal;R-3m;False
mp-18883;YVO3;0.0;0.0;224.27321131213782;5.563301526255601;20;11.21366056560689;Orthorhombic;Pnma;False
mp-18954;ScMnO3;0.0;0.007785438895831831;332.2624241651375;4.43470016753916;30;11.075414138837916;Hexagonal;P6_3cm;False
mp-18946;VBO3;1.8526999999999996;0.0;89.69635938619571;4.063605846178095;10;8.969635938619572;Trigonal;R-3c;False
mp-18983;ErNiO3;0.0;0.0;205.77977925513696;8.842572888370308;20;10.288988962756848;Orthorhombic;Pnma;False
mp-18965;BaCoO3;0.0;0.0;263.4501234018471;6.158290648291261;20;13.172506170092356;Hexagonal;P6_3/mmc;False
mp-18974;HoNiO3;0.0;0.0;207.60973411099758;8.690128371223997;20;10.38048670554988;Orthorhombic;Pnma;False
mp-18961;ScCrO3;2.3991;0.03684691787499972;207.8888721409463;4.6312337470578555;20;10.394443607047315;Orthorhombic;Pnma;False
mp-18969;FeCO3;0.0;0.0;95.4533447182052;4.03086822792202;10;9.54533447182052;Trigonal;R-3c;False
mp-19002;TmNiO3;0.0;0.006808182416666142;203.77587181393056;8.984133829654551;20;10.188793590696529;Orthorhombic;Pnma;False
mp-19001;SrMnO3;0.9027000000000003;0.003063650999999723;234.105017935749;5.4065665476002;20;11.705250896787451;Hexagonal;P6_3/mmc;False
mp-19012;CaMoO3;0.0;0.0063622725000023195;238.54423915062335;5.123847727402105;20;11.927211957531167;Orthorhombic;Pnma;False
mp-19025;LaMnO3;0.0;0.20640260102380914;61.36672420481146;6.544061483741858;5;12.273344840962292;Cubic;Pm-3m;False
mp-19024;HoVO3;0.0;0.0;222.6308365086166;7.872520881620871;20;11.13154182543083;Orthorhombic;Pnma;False
mp-19031;RbVO3;3.0572;0.0;343.46341930871506;3.5662121918914336;20;17.17317096543575;Orthorhombic;Pbcm;False
mp-19051;LaCoO3;1.0014000000000003;0.0033163850000006434;222.25359956685827;7.3469535649164674;20;11.112679978342914;Trigonal;R-3c;False
mp-19053;LaVO3;0.0;0.1772593870000012;61.633057964794716;6.408106463977792;5;12.326611592958944;Cubic;Pm-3m;False
mp-19035;BaFeO3;0.0;0.04802462266666652;61.70323615127433;6.490300417589674;5;12.340647230254866;Cubic;Pm-3m;False
mp-19056;HoMnO3;1.5430000000000001;0.000216029333333978;368.5049195231798;7.242284260662405;30;12.283497317439327;Hexagonal;P6_3cm;False
mp-19063;ErCrO3;0.2483000000000004;0.0;214.92554267079566;8.259316978951134;20;10.746277133539783;Orthorhombic;Pnma;False
mp-19062;NdCrO3;1.904166774552123;0.1431141595000014;59.40619598973787;6.82696327279607;5;11.881239197947574;Cubic;Pm-3m;False
mp-19074;TiFeO3;1.6437;0.12311842599999956;101.6130315680444;4.958433192399542;10;10.16130315680444;Orthorhombic;Cmcm;True
mp-19082;TiMnO3;2.0416;0.0;107.83263051258717;4.644506562662106;10;10.783263051258718;Trigonal;R-3;False
mp-19083;NaVO3;3.2386;0.0;276.591046048342;2.928057871500784;20;13.829552302417099;Monoclinic;C2/c;False
mp-19097;FeBO3;1.4815999999999998;0.0;90.18607292723622;4.222110406545272;10;9.018607292723622;Trigonal;R-3c;False
mp-19113;CoTeO3;0.0;0.04721072550000116;247.80538862775018;6.2863611875822905;20;12.390269431387509;Orthorhombic;Pnma;False
mp-19115;CaFeO3;0.0;0.0;210.95958245175632;4.531422989529327;20;10.547979122587815;Orthorhombic;Pnma;False
mp-19138;BaNiO3;1.5107000000000004;0.0;133.449151553611;6.07276125963796;10;13.344915155361099;Hexagonal;P6_3/mmc;False
mp-19157;LaMnO3;0.0;0.13813225602380896;118.73020526443598;6.764708531543421;10;11.873020526443598;Monoclinic;C2/c;False
mp-19147;NiCO3;0.0;0.0;88.94505301232424;4.4321702004798595;10;8.894505301232424;Trigonal;R-3c;False
mp-19150;BaVO3;0.0;0.07513865899997718;339.45338739887467;5.77885065518279;25;13.578135495954987;Trigonal;P-3m1;False
mp-19156;BaMnO3;0.0;0.007774698166667093;138.62812636506428;5.755924365555609;10;13.862812636506428;Hexagonal;P6_3/mmc;False
mp-19170;PrNiO3;0.0;0.0010816025000002227;110.65153943462884;7.431405476345676;10;11.065153943462885;Trigonal;R-3c;False
mp-19168;LaMnO3;0.0;0.14067565702380946;124.66110534715935;6.442869492192688;10;12.466110534715934;Trigonal;R-3c;False
mp-19205;ErVO3;1.5838;0.0;220.50361904722976;8.018613814243746;20;11.025180952361488;Orthorhombic;Pnma;False
mp-19201;CaMnO3;0.4685999999999999;0.03507494383333665;218.02043676963348;4.357036335736278;20;10.901021838481673;Orthorhombic;Pnma;False
mp-19217;ErMnO3;0.0;0.0;364.2792410031499;7.3899861983356585;30;12.142641366771663;Hexagonal;P6_3cm;False
mp-19227;YMnO3;0.03670000000000018;0.019520051666665594;125.05119599578148;5.094893995603345;10;12.505119599578148;Hexagonal;P6_3/mmc;False
mp-19265;DyNiO3;0.0;0.0;209.45859694541633;8.536353729927281;20;10.472929847270816;Orthorhombic;Pnma;False
mp-19241;BaNiO3;1.5157000000000003;8.089700000013522e-05;133.5298435547286;6.0690914937990685;10;13.35298435547286;Hexagonal;P6_3mc;False
mp-19257;SmCrO3;1.8287999999999993;0.1972817555000006;58.30152946273373;7.13056930157978;5;11.660305892546747;Cubic;Pm-3m;False
mp-19242;YNiO3;0.0;0.0;210.04992412781706;6.18514305786627;20;10.502496206390854;Orthorhombic;Pnma;False
mp-19253;NdVO3;0.0;0.2229974875000007;60.39214532814181;6.686510497387681;5;12.078429065628361;Cubic;Pm-3m;False
mp-19267;BaMnO3;2.0603;0.005607107666667055;418.5344476825107;5.719479111320032;30;13.95114825608369;Hexagonal;P6_3cm;True
mp-19269;NdCrO3;2.54;0.0;231.44769889226694;7.00916742986925;20;11.572384944613347;Orthorhombic;Pnma;False
mp-19271;BaCrO3;0.0;0.29483622362500217;270.6740991655128;5.823701517830261;20;13.53370495827564;Hexagonal;P6_3/mmc;False
mp-19270;TiFeO3;2.5309;0.03177374999999927;102.29482436671373;4.9253853420885445;10;10.229482436671372;Trigonal;R3c;False
mp-19281;LaCrO3;2.3706000000000005;0.0;236.61766314523803;6.706217893758887;20;11.830883157261901;Orthorhombic;Pnma;False
mp-19299;CrBO3;0.0;0.0;86.63825814730751;4.247466041631617;10;8.663825814730751;Trigonal;R-3c;False
mp-19319;ErMnO3;1.0455;0.03440518066666698;219.05849135196715;8.192693335736006;20;10.952924567598357;Orthorhombic;Pnma;False
mp-19328;NaWO3;0.0;0.05530045630435243;62.5512945491811;6.764876760628533;5;12.510258909836221;Cubic;Pm-3m;False
mp-19339;LaNiO3;0.0;0.0006800044999977217;112.43959122238896;7.254091294954374;10;11.243959122238895;Trigonal;R-3c;False
mp-19331;MnNiO3;0.0;0.0;94.5143295599752;5.679399969670386;10;9.45143295599752;Trigonal;R-3;False
mp-19322;BaMoO3;0.0;0.0;66.35139263198728;7.039066322512074;5;13.270278526397457;Cubic;Pm-3m;False
mp-19327;LuNiO3;0.0;0.01491419029166785;200.82217848352906;9.315805912058076;20;10.041108924176452;Orthorhombic;Pnma;False
mp-19353;PrCrO3;1.8471813241482193;0.11802325949999926;58.71817644999847;6.812662176160321;5;11.743635289999693;Cubic;Pm-3m;False
mp-19357;LaCrO3;0.0;0.00352751849999855;117.86084206710214;6.731708253283071;10;11.786084206710214;Trigonal;R-3c;False
mp-19350;LaVO3;0.0;0.0;241.48199884564238;6.542122378097021;20;12.07409994228212;Orthorhombic;Pnma;False
mp-19373;LiVO3;3.0342000000000002;0.0;231.8214352176776;3.0336977049513267;20;11.59107176088388;Monoclinic;C2/c;False
mp-19376;TiMnO3;1.7771999999999997;0.036319112499999306;106.62481101239543;4.697118384825146;10;10.662481101239543;Trigonal;R3c;False
mp-19381;DyCrO3;2.5405999999999995;0.0;218.53793938887344;7.978148631541448;20;10.926896969443671;Orthorhombic;Pnma;False
mp-19385;YMnO3;1.6025999999999998;0.0;373.2740106140465;5.120548735020468;30;12.442467020468218;Hexagonal;P6_3cm;False
mp-19417;TiFeO3;2.7585;0.012041214999998218;102.6757785909774;4.907110863161341;10;10.26757785909774;Trigonal;R-3;False
mp-19424;TiCoO3;0.0;0.003154707999996731;102.01173445639701;5.039592436563873;10;10.2011734456397;Trigonal;R-3;False
mp-19440;LiVO3;2.9435000000000002;0.004014357000007962;280.74606650328724;2.5050258574866144;20;14.037303325164363;Monoclinic;C2/c;True
mp-19785;HoFeO3;1.5034;0.012266279374999911;223.93725501008694;7.972035392343225;20;11.196862750504348;Orthorhombic;Pnma;False
mp-19802;TbCoO3;1.4160999999999997;0.0;205.64415112513473;8.586979194750244;20;10.282207556256736;Orthorhombic;Pnma;False
mp-19801;EuRhO3;0.0;0.06527557774999337;238.55630034079877;8.432787528067308;20;11.927815017039938;Orthorhombic;Pnma;False
mp-19845;TiPbO3;1.5743;0.04122174599999795;62.52581792285582;8.048700868670984;5;12.505163584571164;Cubic;Pm-3m;False
mp-19843;CeAlO3;0.0;0.0;213.7515026909713;6.6839273269556365;20;10.687575134548565;Orthorhombic;Imma;False
mp-19853;TbFeO3;1.6263;6.255587500092474e-05;227.8446071426553;7.660263700430953;20;11.392230357132764;Orthorhombic;Pnma;False
mp-19893;PbCO3;3.3407000000000004;0.0;268.75173301996114;6.60402540332912;20;13.437586650998057;Orthorhombic;Pnma;False
mp-19935;ErFeO3;1.5929000000000002;0.017954620499999407;222.00710582040696;8.111015962423005;20;11.100355291020348;Orthorhombic;Pnma;False
mp-19990;BaTiO3;0.0;1.8074598639999984;85.16422489125648;4.546800715462877;5;17.032844978251298;Tetragonal;P4/mmm;False
mp-20011;NaSbO3;1.4696000000000002;0.05513724700000111;280.07343441656303;4.57116590313078;20;14.003671720828152;Cubic;Fd-3m;False
mp-20029;SrCrO3;0.0;0.07254508193750198;59.00943857782975;5.279509219989861;5;11.80188771556595;Cubic;Pm-3m;False
mp-20032;VPbO3;1.4143;0.02205417231250628;145.6213593813756;6.9819006573903035;10;14.562135938137562;Tetragonal;P4mm;False
mp-20031;NdCoO3;0.791412993383716;0.07815874399988854;54.95630053384298;7.589361573090763;5;10.991260106768596;Cubic;Pm-3m;False
mp-20016;SmCoO3;1.3174000000000001;0.0;211.84902183711753;8.066922561916156;20;10.592451091855876;Orthorhombic;Pnma;False
mp-20079;CaPbO3;0.9309000000000003;0.0024544729999940174;275.27296614002546;7.124821199809669;20;13.763648307001272;Orthorhombic;Pnma;False
mp-20073;TiFeO3;1.4865000000000004;0.07182635300000051;208.77156595728877;4.826724618336306;20;10.438578297864439;Orthorhombic;Pnma;True
mp-20090;PrCoO3;1.1319000000000004;0.0;219.46802067311398;7.5007997204166434;20;10.9734010336557;Orthorhombic;Pnma;False
mp-20129;BaTbO3;0.0;0.09080341975000028;348.29396015201496;6.5650462330463775;20;17.414698007600748;Orthorhombic;Pnma;True
mp-20178;CeBO3;0.019400000000000084;0.0058736120000073555;124.84650887509291;5.291666853467374;10;12.484650887509291;Monoclinic;P2_1/m;False
mp-20186;PrRuO3;0.0;0.0756391043000022;252.94890109212832;7.614442693987573;20;12.647445054606417;Orthorhombic;Pnma;False
mp-20198;CaIrO3;0.0;0.6539474590000065;113.08204138316107;8.231860756307768;10;11.308204138316107;Orthorhombic;Cmcm;False
mp-20243;SmFeO3;1.545;0.0;234.87355529137713;7.188793042636443;20;11.743677764568856;Orthorhombic;Pnma;False
mp-20337;ZrPbO3;2.6727000000000003;0.032901308812503416;76.35838009464848;7.533522800355133;5;15.271676018929696;Orthorhombic;Amm2;False
mp-20407;NdFeO3;1.7311;0.0;239.47778048389097;6.88089168336923;20;11.973889024194548;Orthorhombic;Pnma;False
mp-20427;PrCoO3;0.0;0.11634092799988682;55.69128310911385;7.3897815609669895;5;11.13825662182277;Cubic;Pm-3m;False
mp-20460;NiSeO3;0.0;0.0;217.56136685478137;5.667949957554388;20;10.878068342739068;Orthorhombic;Pnma;False
mp-20461;BaPbO3;0.19340000000000002;5.183500000072172e-05;165.49154870311418;7.8771808620263535;10;16.54915487031142;Monoclinic;C2/m;False
mp-20459;TiPbO3;1.8242000000000003;0.0;64.50656431866487;7.801556482592554;5;12.901312863732974;Tetragonal;P4mm;False
mp-20464;SrPrO3;0.0;0.14508052237499758;351.1605864581457;5.230450058449719;20;17.558029322907284;Orthorhombic;Pnma;False
mp-20489;SrPbO3;0.7942;0.0;296.90377048683945;7.669326848943649;20;14.845188524341973;Orthorhombic;Pnma;False
mp-20472;LaRuO3;0.0;0.04449839449999615;256.6239132497035;7.453577085623804;20;12.831195662485175;Orthorhombic;Pnma;False
mp-20507;PbSO3;3.6415;0.08101795812499724;309.8754760026049;6.157463931207898;20;15.493773800130246;Orthorhombic;Pnma;False
mp-20530;CeCrO3;0.0;0.1922024336000021;59.618378740261385;6.687745329962216;5;11.923675748052277;Cubic;Pm-3m;False
mp-20569;MnSnO3;0.9231999999999996;0.0;120.55503457779893;6.105962319879646;10;12.055503457779894;Trigonal;R-3;False
mp-20570;HoCoO3;1.1622;0.0;203.43872145083407;8.8761273346912;20;10.171936072541703;Orthorhombic;Pnma;False
mp-20614;EuMnO3;0.0;0.07677467218749712;224.65083958060256;7.536527640670828;20;11.232541979030128;Orthorhombic;Pnma;False
mp-20641;MnCoO3;0.0;0.0;96.19991342161018;5.588165719155858;10;9.619991342161018;Trigonal;R-3;False
mp-20651;TmFeO3;1.6096;0.02430563525000018;227.02195562690426;7.980858858747833;20;11.351097781345214;Orthorhombic;Pnma;False
mp-20699;YMnO3;1.5091;0.02309525683333291;235.56508314016247;5.409312612284164;20;11.778254157008124;Orthorhombic;Pnma;False
mp-20718;EuNiO3;0.0;0.13627502716666484;215.03561772695772;7.9895178991289315;20;10.751780886347886;Orthorhombic;Pnma;False
mp-20702;SmVO3;0.0;0.299045315499999;59.5057310357224;6.956840702814325;5;11.90114620714448;Cubic;Pm-3m;False
mp-20716;PbSeO3;2.8909000000000002;0.0008378754999993632;158.8418149711553;6.986607983555794;10;15.884181497115529;Monoclinic;P2_1/m;False
mp-20783;YFeO3;1.5888;0.01181791437499946;226.55587769724715;5.65100903627721;20;11.327793884862357;Orthorhombic;Pnma;False
mp-20772;CaCrO3;0.3943000000000003;0.06511405800000158;220.31739524847345;4.222917148437818;20;11.015869762423673;Orthorhombic;Pnma;False
mp-20798;MnGeO3;1.7270000000000003;0.0;104.25051788767347;5.59328088347545;10;10.425051788767346;Trigonal;R-3;False
mp-20852;NdMnO3;1.8980000000000001;0.0;235.65668274841266;6.966899949920376;20;11.782834137420632;Orthorhombic;Pnma;False
mp-20882;CeBO3;0.058699999999999974;0.0;240.9429887520787;5.483837784258828;20;12.047149437603935;Orthorhombic;Pnma;False
mp-20951;GdCoO3;0.0;0.2332120297142879;54.93503924339065;7.985495846024458;5;10.987007848678129;Cubic;Pm-3m;True
mp-20940;TiCdO3;2.4636;0.039568167499999696;229.44471704617422;6.029352458903562;20;11.47223585230871;Orthorhombic;Pmc2_1;False
mp-20947;CaRuO3;0.0;0.0;227.7433091928982;5.516467745214449;20;11.38716545964491;Orthorhombic;Pnma;False
mp-20977;CuTeO3;0.0;0.05940026699999912;254.4370002624723;6.242933013609952;20;12.721850013123616;Orthorhombic;Pnma;False
mp-20991;BaPbO3;0.02729999999999988;0.0007377649999993352;159.04492951661564;8.196469162728533;10;15.904492951661563;Tetragonal;I4/mcm;False
mp-21094;InFeO3;1.2135999999999996;0.04748336799999908;123.56429457364851;5.877028905636047;10;12.35642945736485;Hexagonal;P6_3/mmc;False
mp-21125;LuMnO3;0.4485081876543422;0.050306498166669655;225.3337197434038;8.191746822936919;20;11.26668598717019;Orthorhombic;Pnma;False
mp-21190;PbSO3;3.2251000000000003;0.08256925662499803;154.01303269333644;6.194433786818329;10;15.401303269333644;Monoclinic;P2_1/m;False
mp-21216;AlFeO3;2.0193000000000003;0.04395583499999933;410.0410451498143;4.2383969545717015;40;10.251026128745357;Orthorhombic;Pna2_1;False
mp-21280;BaPbO3;0.0;0.027018664000000747;83.00858149731611;7.852241519832635;5;16.601716299463224;Cubic;Pm-3m;False
mp-21344;CuGeO3;0.0;0.08014407100000298;128.8512423547678;4.747258224110681;10;12.88512423547678;Orthorhombic;Pmma;False
mp-21455;EuAlO3;0.0;0.11148201399999991;214.60824909909647;7.023941455634463;20;10.730412454954823;Orthorhombic;Pnma;False
mp-21434;CoCO3;0.0;0.0;92.16431121165972;4.285997325648268;10;9.216431121165972;Trigonal;R-3c;False
mp-21723;SiPbO3;3.7236000000000002;0.0;894.2667610519505;6.312259454458942;60;14.904446017532509;Monoclinic;P2/c;False
mp-21872;PrLuO3;4.8757;0.012616476499999862;283.33533637597355;8.530176168954606;20;14.166766818798678;Orthorhombic;Pnma;False
mp-21898;SrTbO3;0.0;0.12194357187499971;323.7983001948792;6.0420461994893;20;16.18991500974396;Orthorhombic;Pnma;False
mp-21939;FeSiO3;2.777780544039423;0.015311726541668236;925.787299789366;3.7861441514554213;80;11.572341247367074;Orthorhombic;Pbca;False
mp-22013;LaTiO3;0.0;0.025448954749995423;250.78714658782192;6.217956144494928;20;12.539357329391096;Orthorhombic;Pnma;False
mp-22030;EuBO3;0.0;0.023315181666667684;239.3371010637984;5.849442175502787;20;11.96685505318992;Triclinic;P-1;False
mp-22055;TbMnO3;1.4940000000000007;0.0;224.7758055110435;7.7380465065372395;20;11.238790275552175;Orthorhombic;Pnma;False
mp-22081;HoMnO3;1.9915000000000003;0.028815098000000816;232.6493802962633;7.6476093918405805;20;11.632469014813164;Orthorhombic;Pnma;False
mp-22103;DyMnO3;0.9994999999999998;0.02230257116666401;234.55679858536567;7.516597391987443;20;11.727839929268283;Orthorhombic;Pnma;False
mp-22106;NdNiO3;0.0;0.0;220.61318188350728;7.5550344353361485;20;11.030659094175364;Orthorhombic;Pnma;False
mp-22136;CoGeO3;0.0;0.020114759000001925;219.5386991722037;5.432943133621689;20;10.976934958610185;Monoclinic;C2/c;False
mp-22137;DyCoO3;1.1903999999999995;0.009307952214286708;203.8572689897275;8.778717776576544;20;10.192863449486374;Orthorhombic;Pnma;False
mp-22203;SmMnO3;1.4644000000000004;0.0;231.50675196280685;7.267318249116219;20;11.575337598140342;Orthorhombic;Pnma;False
mp-22220;LaLuO3;4.418100000000001;0.01137504387499888;287.5241780269563;8.359650163054045;20;14.376208901347814;Orthorhombic;Pnma;False
mp-22212;NaSbO3;1.2824000000000004;0.09189561500000032;236.38441497374964;5.416017523489862;20;11.819220748687481;Orthorhombic;Pnma;False
mp-22246;EuTiO3;0.0;0.009138211499999827;59.49625945750218;6.9169065882728615;5;11.899251891500436;Cubic;Pm-3m;False
mp-22224;MnSeO3;2.8432999999999997;0.0202544244999876;258.33497727467676;4.676808762000377;20;12.916748863733838;Orthorhombic;Pnma;False
mp-22230;BaPbO3;0.1992999999999996;0.0;159.25972054852807;8.185414716171442;10;15.925972054852807;Orthorhombic;Imma;False
mp-22280;PrNiO3;0.0;0.0;222.64609009835596;7.386578904280991;20;11.132304504917798;Orthorhombic;Pnma;False
mp-22283;DyFeO3;0.9134000000000002;0.0063256709999990335;225.748611771436;7.836562730032861;20;11.2874305885718;Orthorhombic;Pnma;False
mp-22334;FeGeO3;1.9617;0.012197311499998698;225.78413030477273;5.191813051031378;20;11.289206515238636;Monoclinic;C2/c;False
mp-22330;TlVO3;2.9763;0.006314270642858055;331.92892040229884;6.069729523918069;20;16.596446020114943;Orthorhombic;Pbcm;False
mp-22341;PrFeO3;1.0793000000000004;0.0;242.4558416265244;6.7050287730731535;20;12.12279208132622;Orthorhombic;Pnma;False
mp-22345;TiCdO3;0.0;2.008286217;68.68324431916595;5.035445990568714;5;13.73664886383319;Cubic;Pm-3m;False
mp-22364;CrPbO3;0.0;0.1565822559999992;60.100719885198174;8.487554523039288;5;12.020143977039634;Cubic;Pm-3m;False
mp-22390;SrRuO3;0.0;0.0;243.42479049130682;6.458339801120403;20;12.17123952456534;Orthorhombic;Pnma;False
mp-22414;CuSeO3;0.0;0.028767922499999266;246.169549747677;5.140191664120872;20;12.30847748738385;Orthorhombic;Pnma;False
mp-22416;SmTiO3;0.0;0.0486076472499839;243.42832611817204;6.7184714428699115;20;12.171416305908602;Orthorhombic;Pnma;False
mp-22428;SrCeO3;2.5055000000000005;0.008514477999996828;318.88019245785824;5.743441236763687;20;15.944009622892912;Orthorhombic;Pnma;False
mp-22495;SmNiO3;0.0;0.0;216.98020304035126;7.868814178388745;20;10.849010152017563;Orthorhombic;Pnma;False
mp-22487;EuScO3;0.0;0.1810077158750012;261.33230177110755;6.224964780945236;20;13.066615088555377;Orthorhombic;Pnma;False
mp-22540;CeGaO3;0.0;0.8840439461000003;85.9685597555511;4.980294484848499;5;17.19371195111022;Cubic;Pm-3m;False
mp-22534;SrRuO3;0.0;0.5107391760000022;89.21277546643073;4.405534983050059;5;17.842555093286144;Tetragonal;P4/mmm;True
mp-22535;HfPbO3;2.4148999999999994;0.04063674231250225;71.75693874710115;10.03604964765423;5;14.35138774942023;Cubic;Pm-3m;False
mp-22564;PrMnO3;1.4020000000000001;0.0;237.7429455944275;6.812607008846902;20;11.887147279721376;Orthorhombic;Pnma;False
mp-22549;SmCoO3;0.8040000000000003;0.13055311099988742;53.02909578224753;8.05675463992081;5;10.605819156449506;Cubic;Pm-3m;False
mp-22593;CeVO3;0.0;0.2658328632999982;60.2489661693708;6.588682839504469;5;12.04979323387416;Cubic;Pm-3m;False
mp-22599;NdCoO3;1.2315999999999994;0.0;217.35679852411135;7.6755498480441275;20;10.867839926205567;Orthorhombic;Pnma;False
mp-22588;LuFeO3;1.6083000000000003;0.036039123124998795;224.2433578745118;8.25844269015064;20;11.212167893725589;Orthorhombic;Pnma;False
mp-22590;LaFeO3;1.4333999999999998;0.02777202200001483;251.93610168856503;6.399934709820336;20;12.59680508442825;Orthorhombic;Pnma;False
mp-22608;CaVO3;0.43389999999999995;0.001156626410708128;214.74298675462558;4.299918253166;20;10.737149337731278;Orthorhombic;Pnma;False
mp-22616;CoSeO3;1.8519999999999999;0.029257131125000058;234.63049713342954;5.262400715078397;20;11.731524856671477;Orthorhombic;Pnma;False
mp-22628;CsNO3;3.0919;0.004369773555554346;173.52384983348455;3.7303950388085516;10;17.352384983348454;Orthorhombic;Pmmn;False
mp-22649;VCdO3;0.4319000000000002;0.0701796605000009;218.64374944563582;6.420601466695079;20;10.932187472281791;Orthorhombic;Pnma;False
mp-22688;CuSeO3;0.2102000000000004;0.012697126749998233;509.71494838145884;4.964965895512377;40;12.742873709536472;Orthorhombic;Pbca;False
mp-22668;YCoO3;0.0;0.0007048715892850055;205.82626822115907;6.319803575756178;20;10.291313411057953;Orthorhombic;Pnma;False
mp-22705;BaPrO3;0.0;0.10705341450000017;379.2913507547934;5.712994951370075;20;18.964567537739672;Orthorhombic;Pnma;False
mp-22734;HfPbO3;2.716;0.009380720062502235;557.2442267053383;10.338823306792516;40;13.931105667633457;Orthorhombic;Pbam;False
mp-22789;DyVO3;1.6567999999999996;0.0;224.4936902037986;7.735287982884754;20;11.22468451018993;Orthorhombic;Pnma;False
mp-22942;BaBiO3;0.0;1.7434000000093874e-05;167.31160052336443;7.826831514919458;10;16.731160052336442;Monoclinic;C2/m;False
mp-22949;FeBiO3;1.8064;0.03357941100000161;133.6500252449514;7.7733739073846495;10;13.36500252449514;Trigonal;R3m;False
mp-22958;KBrO3;3.8569;0.0;83.95967616702733;3.302905244983305;5;16.791935233405464;Trigonal;R3m;False
mp-22955;LiIO3;3.6860999999999997;0.0008651204999985396;131.047417289717;4.608385647207862;10;13.1047417289717;Hexagonal;P6_3;False
mp-22994;LiIO3;3.6546000000000003;0.0016667354999988504;280.60285007168596;4.3044255379965515;20;14.030142503584297;Orthorhombic;Pna2_1;False
mp-22979;GaBiO3;1.2244000000000002;0.2277076675000016;57.19787170815708;9.484632110906098;5;11.439574341631417;Cubic;Pm-3m;True
mp-22989;NaIO3;3.705;0.0;291.5189696258693;4.508909005682191;20;14.575948481293466;Orthorhombic;Pnma;False
mp-22981;TlIO3;2.7815999999999996;0.0;91.31995051891965;6.89684091920016;5;18.263990103783932;Trigonal;R3m;False
mp-23011;RbClO3;5.3288;0.06517111400000175;95.64282469113215;2.9327510964751395;5;19.12856493822643;Trigonal;R3m;False
mp-23022;KClO3;5.4717;0.05093034687500175;185.02780731565468;2.199650264237813;10;18.50278073156547;Monoclinic;P2_1/m;False
mp-23054;NaBiO3;1.1050999999999997;0.0;143.40569727537377;6.483681249546787;10;14.340569727537376;Trigonal;R-3;False
mp-23080;AlBiO3;1.4958;0.12160923424998504;54.31911150734789;8.680681459553206;5;10.863822301469579;Cubic;Pm-3m;True
mp-23339;NaBrO3;4.4812;0.0;292.7753204813731;3.4232668213119775;20;14.638766024068655;Cubic;P2_13;False
mp-23330;NaClO3;5.6331999999999995;0.0348473592499996;299.3654104053254;2.3616541107250018;20;14.96827052026627;Cubic;P2_13;False
mp-23384;LiIO3;3.7255000000000003;0.0;567.1687177525457;4.259170282413769;40;14.179217943813644;Tetragonal;P4_2/n;False
mp-23456;CrBiO3;1.3450000000000006;0.022682788000000897;248.44169502757873;8.260522624447276;20;12.422084751378936;Monoclinic;C2/c;False
mp-23438;BaBiO3;0.0;0.024886166999999126;173.5986381818341;7.543375463672939;10;17.35986381818341;Cubic;Fm-3m;False
mp-23487;KIO3;2.7868000000000004;0.0;350.6688937400874;4.053475832220968;20;17.53344468700437;Triclinic;P1;False
mp-23477;MnBiO3;1.4751000000000003;0.028161421099998307;258.5904657881425;8.011892838977209;20;12.929523289407125;Monoclinic;C2/c;False
mp-23482;BaBiO3;0.06329999999999991;0.0008352050000013378;167.38710722210985;7.823300907221316;10;16.738710722210985;Trigonal;R-3;False
mp-23501;FeBiO3;1.2984;0.0016325030000015062;125.36629858388716;8.287008794993108;10;12.536629858388716;Trigonal;R3c;False
mp-23532;NiBiO3;0.0;0.04469097775000286;238.69387762853074;8.784233498940134;20;11.934693881426536;Orthorhombic;Pnma;True
mp-23548;AgBiO3;0.0;0.04987617100000197;154.63007543874295;7.836022376002101;10;15.463007543874294;Trigonal;R-3;False
mp-23963;HIO3;3.2218;0.016353290499998785;269.5166969553945;4.335262992494945;20;13.475834847769724;Orthorhombic;P2_12_12_1;False
mp-25096;NiBiO3;0.3548;0.032242590750003686;239.41795799438046;8.75766702473367;20;11.970897899719024;Monoclinic;P2_1/m;True
mp-25296;MnBO3;0.5716720976472087;0.22578446271873887;187.8965140668545;3.015730418031758;15;12.526434271123634;Hexagonal;P-6;True
mp-27144;TlPO3;3.4595;0.0;638.7158327617263;5.893356122400572;40;15.967895819043159;Tetragonal;P-42_1c;False
mp-27186;MgVO3;2.6932;0.0;139.19166731988958;2.940587512569887;10;13.919166731988957;Orthorhombic;Cmcm;True
mp-27193;RbIO3;2.8369;0.0;92.3005840532074;4.684210205851223;5;18.46011681064148;Trigonal;R3m;False
mp-27249;CuCO3;0.0;0.1404106780000003;58.39017677351736;3.5137372404660487;5;11.678035354703471;Monoclinic;Cm;False
mp-27384;AgIO3;2.4375;0.0;626.0775664617084;5.999922084302525;40;15.65193916154271;Orthorhombic;Pca2_1;False
mp-27556;CsNbO3;3.319;0.0;769.5758857758333;4.726470918186966;40;19.23939714439583;Monoclinic;P2_1/c;False
mp-27818;MnSO3;4.0952;0.07243584607142939;566.8840743222142;3.163607542771375;40;14.172101858055356;Monoclinic;P2_1/c;False
mp-27941;AgClO3;2.3983;0.03828472649999792;307.06362811598757;4.138469154312607;20;15.35318140579938;Tetragonal;I4/m;False
mp-27994;HgBrO3;3.2015;0.0;350.4451666027446;6.226071110905831;20;17.52225833013723;Monoclinic;C2/c;False
mp-28109;SbAsO3;3.5098999999999996;0.0;328.7660241411086;4.943337661937292;20;16.438301207055428;Monoclinic;P2_1/c;False
mp-28290;CdTeO3;3.0793;0.0;604.9274931616135;6.324731928566832;40;15.123187329040338;Monoclinic;P2_1/c;False
mp-28295;CsIO3;3.1020000000000003;0.0;203.89247464229052;5.013695704488976;10;20.38924746422905;Orthorhombic;Pmn2_1;False
mp-28318;HgTeO3;2.2362;0.014454452625000336;315.1425652040373;7.928795057719329;20;15.757128260201863;Triclinic;P-1;False
mp-28872;RbBrO3;3.9953;0.0;88.91758517584954;3.984692346679838;5;17.783517035169908;Trigonal;R3m;False
mp-28853;LaAuO3;1.8115000000000006;0.0;302.0584155163614;8.441168946284568;20;15.102920775818069;Orthorhombic;Pbcm;False
mp-28873;CsBrO3;4.1681;0.0;99.77612005813248;4.340530531763628;5;19.955224011626495;Trigonal;R3m;False
mp-29049;SrCuO3;0.0;0.04288426847917215;178.39607754600405;5.561556169500059;15;11.89307183640027;Orthorhombic;Pmmm;True
mp-29077;LiBiO3;0.1445000000000003;0.0;473.461939007118;7.405010130660578;40;11.83654847517795;Orthorhombic;Pccn;False
mp-29164;SrBiO3;0.3106;0.0;311.1958717643233;7.355103204305899;20;15.559793588216163;Monoclinic;P2_1/c;False
mp-29188;VHgO3;2.1755999999999998;0.003496093374999454;147.3591996311414;6.750589992303072;10;14.735919963114139;Triclinic;P-1;False
mp-29205;YBO3;5.1696;0.0;327.0097545684276;4.500537519124269;30;10.900325152280919;Orthorhombic;Cmcm;False
mp-29195;LiPO3;5.5611999999999995;0.0;703.0385066061369;2.435061441223094;60;11.717308443435616;Monoclinic;P2_1/c;False
mp-29257;LaTlO3;0.3536999999999999;0.15679049174999893;158.82202214022158;8.182080697482565;10;15.882202214022158;Hexagonal;P6_3mc;False
mp-29526;BrNO3;2.208;0.0;322.4671988112441;2.9230293629386606;20;16.123359940562203;Orthorhombic;P2_12_12_1;False
mp-29738;TlClO3;4.3481;0.06199302655555705;94.23296052646893;5.072115212795422;5;18.846592105293787;Trigonal;R3m;False
mp-29762;GdBO3;2.0949999999999998;0.2194210333333313;173.62184449890864;6.199244291553218;15;11.574789633260576;Trigonal;R32;False
mp-29799;KBiO3;0.49140000000000006;0.0;1020.0944985470918;5.783549589434709;60;17.001574975784862;Cubic;Pn-3;False
mp-29798;TlBrO3;3.5098000000000003;0.007287747249999477;87.97115887456695;6.272204002363526;5;17.59423177491339;Trigonal;R3m;False
mp-30058;TlSbO3;2.4362000000000004;0.0007310490000005387;178.47189652307534;6.962178249436652;10;17.847189652307534;Trigonal;R-3;False
mp-30284;HgAsO3;1.0543;0.0;157.81998171998964;6.807764849847944;10;15.781998171998964;Trigonal;P-31m;True
mp-30937;HgClO3;3.0660999999999996;0.039893158458333744;781.0536097755594;4.8310282815895755;40;19.526340244388983;Monoclinic;P2_1/c;False
mp-31116;LaScO3;3.8973000000000004;0.0;267.3212593398151;5.761036669740338;20;13.366062966990754;Orthorhombic;Pnma;False
mp-31117;NdScO3;4.3025;0.0;260.34020981921844;6.051672328994919;20;13.017010490960923;Orthorhombic;Pnma;False
mp-31118;SmScO3;4.366899999999999;0.0;254.95794113861217;6.3388116046311715;20;12.747897056930608;Orthorhombic;Pnma;False
mp-31119;TbScO3;4.4378;0.01840445075000119;247.2443722811714;6.766676765186815;20;12.36221861405857;Orthorhombic;Pnma;False
mp-31121;HoScO3;4.476;0.03667987224999614;248.61433611579346;6.889822707613994;20;12.430716805789674;Orthorhombic;Pnma;False
mp-31120;DyScO3;4.4597999999999995;0.025833509374999508;250.40624850722793;6.7760534862215485;20;12.520312425361396;Orthorhombic;Pnma;False
mp-31250;BiBO3;3.0096;0.0;259.34169065972594;6.858520771099674;20;12.967084532986297;Monoclinic;P2_1/c;False
mp-31271;RbCO3;3.9994;0.05710860875000012;665.1907820163016;2.9052686898073588;40;16.629769550407538;Monoclinic;P2_1/c;False
mp-31302;KCO3;4.1733;0.07472166549999848;644.8000084546517;2.041828479570715;40;16.120000211366293;Monoclinic;P2_1/c;False
mp-33365;CeGaO3;0.0;0.23282465610000003;59.063110754509616;7.249004303218986;5;11.812622150901923;Cubic;Pm-3m;False
mp-33746;SrCO3;4.2823;0.03615764550000655;140.84579421162286;3.4810206087283224;10;14.084579421162285;Monoclinic;C2/m;True
mp-33753;TaHO3;2.7443;0.07708952375000244;307.8120957223327;4.962087449736391;20;15.390604786116635;Tetragonal;I4_1/amd;True
mp-33932;NbHO3;2.6275999999999997;0.0336375535357174;235.8737322671157;3.9962276691671117;20;11.793686613355785;Triclinic;P1;True
mp-34195;BaCO3;4.354299999999999;0.03535959000000766;151.32585039685978;4.3308393217830545;10;15.132585039685978;Monoclinic;P2_1/m;True
mp-34212;SrRuO3;0.0;0.003663742999997943;121.67083063950935;6.460546068216364;10;12.167083063950935;Orthorhombic;Imma;True
mp-35078;BaMnO3;0.7543000000000002;0.013227351166666068;257.2383259452137;6.203842350194257;20;12.861916297260686;Hexagonal;P6_3/mmc;False
mp-35730;BaUO3;0.6902999999999997;0.0;344.11620657799807;8.17161210317495;20;17.205810328899904;Orthorhombic;Pnma;True
mp-36903;KNO3;2.9764999999999997;0.007499554500000727;172.7027645944071;1.9442168628523435;10;17.270276459440712;Monoclinic;P2_1/m;True
mp-37214;MnPbO3;0.0;0.1138747198846568;59.98921218214787;8.5847660400498;5;11.997842436429574;Cubic;Pm-3m;True
mp-38035;SrCO3;4.666;0.023224607500006655;148.78143430174455;3.2953514301321567;10;14.878143430174456;Trigonal;R-3c;True
mp-38220;RbNO3;3.0358;0.023134585000000207;182.09644394540166;2.6896096886169008;10;18.209644394540167;Trigonal;R-3c;True
mp-38685;CeSbO3;0.0;0.45807500866667095;331.44056538982215;6.209960629835816;20;16.572028269491106;Cubic;Fd-3m;True
mp-504543;SnPbO3;0.0;0.15530578199999567;311.1573650366707;7.981674150202161;20;15.557868251833535;Cubic;Fd-3m;False
mp-504580;VCuO3;0.7027000000000001;0.09447362800000292;102.93500469095072;5.242412021078665;10;10.293500469095072;Trigonal;R-3;False
mp-504607;YInO3;2.0525999999999995;0.0045696548749978305;421.0249555696462;5.956810298355182;30;14.034165185654873;Hexagonal;P6_3cm;False
mp-504651;CsVO3;3.1105;0.0;387.56219181813697;3.9734312664873865;20;19.37810959090685;Orthorhombic;Pbcm;False
mp-504703;EuFeO3;0.0;0.14935679699999937;239.5344445916085;7.093390688512498;20;11.976722229580425;Orthorhombic;Pnma;False
mp-504715;BaTiO3;0.0;3.0774920879999987;100.48917348467371;3.853397786443776;5;20.097834696934743;Cubic;Pm-3m;True
mp-505025;BaPuO3;0.0;0.0;338.38736500399904;8.42716178677023;20;16.919368250199952;Orthorhombic;Pnma;False
mp-505604;GdNiO3;0.0;0.0;214.9801926295192;8.154897125216797;20;10.74900963147596;Orthorhombic;Pnma;False
mp-505766;SrCoO3;0.0;0.08185434635483979;117.28063713577292;5.509182081546645;10;11.728063713577292;Cubic;Pm-3m;False
mp-505819;TlFeO3;0.7036999999999995;0.0472809699999992;237.57148540071753;8.617568635615802;20;11.878574270035877;Orthorhombic;Pnma;False
mp-510278;GdTiO3;0.0;0.026689669499978308;239.23081017440822;7.027651300116059;20;11.961540508720411;Orthorhombic;Pnma;False
mp-510611;LaCoO3;0.0;1.4302752179999993;87.87961684788989;4.645237810036192;5;17.57592336957798;Cubic;Pm-3m;True
mp-510575;GdMnO3;0.0;0.0;228.9926389386748;7.546957439689501;20;11.449631946933739;Orthorhombic;Pnma;False
mp-510624;SrFeO3;0.0;0.0;56.12970212480508;5.664240354483223;5;11.225940424961015;Cubic;Pm-3m;False
mp-510672;MnPbO3;0.5027999999999997;0.07190644655132417;375.8712283419961;8.220794453180092;30;12.529040944733202;Monoclinic;C2/c;False
mp-530986;MgSiO3;4.5226;0.10319220191666645;1558.076480618438;3.423695522046203;160;9.737978003865237;Monoclinic;C2;True
mp-531689;TiNiO3;1.4963000000000006;0.01594010916666555;624.0954126779501;4.934833780680594;60;10.401590211299169;Triclinic;P1;True
mp-532143;MnSiO3;2.4641;0.08402936004166861;834.8583658931389;4.169650524475611;80;10.435729573664236;Tetragonal;I4_1/a;True
mp-540655;FeSO3;2.7883;0.10511972402563963;384.9725636587033;3.51735521734484;30;12.832418788623443;Trigonal;R-3;False
mp-540872;AgSbO3;0.0945999999999998;0.0;271.7080679491053;6.786835403797649;20;13.585403397455266;Cubic;Fd-3m;False
mp-540926;BaCrO3;0.0;0.08378661462500236;396.4708704169665;5.963837244170254;30;13.215695680565549;Hexagonal;P6_3/mmc;False
mp-541129;NdVO3;1.5603999999999996;0.0;238.60733896143174;6.76949360324;20;11.930366948071587;Orthorhombic;Pnma;False
mp-541177;GdVO3;1.4525999999999994;0.0;229.68430934192185;7.40865594386944;20;11.484215467096092;Orthorhombic;Pnma;False
mp-541581;KSO3;4.9772;0.012870133793858152;512.648739732601;2.315881939329311;30;17.088291324420034;Trigonal;P321;False
mp-542112;CaZrO3;3.2122;0.1918930845000073;71.99498215571205;4.1354963672499165;5;14.398996431142411;Cubic;Pm-3m;False
mp-542289;HgNO3;2.5687;0.0;611.8695774515091;5.7012030905713384;40;15.296739436287728;Monoclinic;P2_1;False
mp-542479;DyMnO3;1.1543999999999999;0.0;372.6490140346333;7.0967678195272;30;12.421633801154444;Hexagonal;P6_3cm;False
mp-542897;BaIrO3;0.0;0.016256119291671034;427.2163393665766;8.804769604957519;30;14.240544645552554;Monoclinic;C2/m;False
mp-542903;ZrPbO3;2.7752;0.025845979812501696;594.0289866900115;7.7470643396923045;40;14.850724667250287;Orthorhombic;Pbam;False
mp-543039;TePbO3;3.0439000000000003;0.0;1055.4721207412183;7.226923619726016;60;17.591202012353637;Monoclinic;C2/c;False
mp-545348;MgVO3;0.0;0.262183254;144.72309292040592;2.8281960433208613;10;14.472309292040592;Orthorhombic;Cmmm;False
mp-545343;LiIO3;0.0;0.2505088614999993;114.01919138784967;5.296626204682478;10;11.401919138784967;Hexagonal;P6_322;False
mp-545379;InBiO3;0.04519999999999946;0.4960260630000013;72.65678089350268;8.497249291797772;5;14.531356178700538;Cubic;Pm-3m;True
mp-545522;CoBiO3;0.0;0.0;55.77490557004568;9.405374559914582;5;11.154981114009136;Tetragonal;P4mm;False
mp-545482;PdSeO3;1.2031;0.0;154.68489951937246;5.0106199136224205;10;15.468489951937247;Monoclinic;P2_1/m;False
mp-545783;BaBiO3;0.0;0.021211001999999368;86.82725775700082;7.540948209217733;5;17.365451551400163;Cubic;Pm-3m;False
mp-545643;BaCO3;3.976;0.10449679500000819;149.78570995693735;4.375370277240701;10;14.978570995693735;Hexagonal;P6_3/mmc;False
mp-545712;LiUO3;0.41720000000000024;0.20903442499996672;78.1976185374707;6.221225169018905;5;15.63952370749414;Cubic;Pm-3m;True
mp-546027;CrBiO3;1.9845999999999995;0.014705041000002694;118.64886501255923;8.648452905192597;10;11.864886501255922;Trigonal;R3c;True
mp-546079;MgCO3;5.1935;0.3780616330000077;90.76659996550487;3.0849789472387927;10;9.076659996550486;Orthorhombic;C222_1;True
mp-546200;TlIO3;0.0;0.24399485399999943;76.7475819762978;8.206371526763254;5;15.34951639525956;Cubic;Pm-3m;False
mp-545999;AgSbO3;0.13329999999999975;0.01676315999999911;137.6369853909369;6.698918643912232;10;13.76369853909369;Trigonal;R-3;False
mp-545825;NaIO3;0.0;1.0306532910000037;96.75489601607242;3.3962945587139286;5;19.350979203214486;Orthorhombic;Cmmm;False
mp-546684;PdSeO3;0.8236000000000001;0.004668683999999423;151.68456217720995;5.109730527243477;10;15.168456217720996;Monoclinic;C2/m;False
mp-546798;MnClO3;2.0431;0.48442198886111143;204.6770351595788;2.2454961580000896;10;20.46770351595788;Orthorhombic;Cmc2_1;False
mp-546973;SrSnO3;0.9748999999999999;0.04773477349999933;69.67305836625314;6.061480898514071;5;13.934611673250629;Cubic;Pm-3m;False
mp-546910;CaSnO3;0.0;1.4497704485000078;82.30907163608116;4.171794884672003;5;16.46181432721623;Cubic;Pm-3m;False
mp-547069;FeBiO3;0.0;0.25531275500000206;122.78943566765976;8.460920219328226;10;12.278943566765976;Cubic;Pm-3m;False
mp-548403;CaCO3;5.7242;0.30985261200000824;104.7489959704011;3.173265885699786;10;10.47489959704011;Orthorhombic;C222_1;True
mp-548231;FeBiO3;0.0;0.062123075000004135;116.80742898715596;8.894225546858348;10;11.680742898715597;Trigonal;R3;True
mp-547864;CdCO3;0.0;3.2333036509999995;70.7555627166026;4.046466019301371;5;14.151112543320519;Trigonal;R-3m;False
mp-547792;KSbO3;2.6867;0.0;153.64624010469555;4.514453172580967;10;15.364624010469555;Trigonal;R-3;False
mp-548658;RbPO3;4.5272;0.05178050174999971;197.61800656873498;2.763499683313846;10;19.761800656873497;Orthorhombic;Cmcm;False
mp-548824;BaTbO3;0.0;0.09317725975000002;174.9224640948871;6.535941403868054;10;17.492246409488708;Trigonal;R-3c;False
mp-550008;ScBiO3;0.6896999999999993;0.35701604587500047;67.7074343450527;7.405007415820494;5;13.54148686901054;Cubic;Pm-3m;True
mp-550220;CoGeO3;1.6038999999999999;0.01876324450000144;227.07110289681435;5.252721517690726;20;11.353555144840717;Monoclinic;C2;True
mp-550506;KClO3;5.2294;0.06199335787500182;89.1498594092199;2.2826534329404184;5;17.82997188184398;Trigonal;R3m;False
mp-550908;SrHfO3;3.6763999999999997;0.011285950000001321;136.00212319147215;7.670305811826364;10;13.600212319147214;Tetragonal;P4/mbm;True
mp-550807;MnInO3;0.0;0.022085832687499973;122.76767283438741;5.890629396118938;10;12.27676728343874;Hexagonal;P6_3/mmc;False
mp-550781;SrCoO3;0.0;0.08751057585484112;262.5970297133935;4.92100299326287;20;13.129851485669676;Monoclinic;P2_1/m;False
mp-550950;LuCoO3;0.0;0.03720401183928512;201.7678731337942;9.280036332700767;20;10.08839365668971;Orthorhombic;Pnma;False
mp-551451;FeBiO3;1.6259000000000001;0.4379271170000001;132.00542267882287;3.9351096260952074;5;26.401084535764575;Triclinic;P1;True
mp-551830;SrTiO3;1.7869999999999995;8.474800000080052e-05;119.78460372892171;5.087203758808856;10;11.97846037289217;Tetragonal;I4/mcm;True
mp-551918;AlBiO3;2.8716;0.05333506424998369;113.6752137295987;8.296037257213657;10;11.36752137295987;Trigonal;R3c;False
mp-552185;AgNO3;1.8635;0.0;125.10450403344892;4.509524600859049;10;12.510450403344892;Trigonal;R3c;False
mp-552588;LiNbO3;2.281952667388917;0.03300803200000324;111.44215867790756;4.405933349993627;10;11.144215867790756;Trigonal;R-3c;False
mp-552729;KIO3;2.5779;0.006770148499999351;87.36269032913107;4.067605635002784;5;17.472538065826214;Trigonal;R3m;False
mp-552676;LaFeO3;0.8753000000000002;0.13000849400001435;61.96642318273111;6.50503336742055;5;12.393284636546223;Cubic;Pm-3m;False
mp-553898;GePbO3;2.6724;0.013110243666675458;963.397868023716;6.780851286305824;60;16.0566311337286;Monoclinic;P2/c;False
mp-553939;CaCO3;4.718299999999999;0.012689930000004068;248.79393564712478;2.6720620388885234;20;12.43969678235624;Orthorhombic;Pnma;False
mp-554137;MgSiO3;3.7885999999999997;0.10853208541666604;441.3797870132442;3.021422608518086;40;11.034494675331105;Monoclinic;P2_1/c;False
mp-554211;TmMnO3;0.0;0.0;360.1896989084128;7.520229150040452;30;12.006323296947095;Hexagonal;P6_3cm;False
mp-554270;TmMnO3;2.0075999999999996;0.04107884850000154;228.35721964620046;7.907812381180708;20;11.417860982310023;Orthorhombic;Pnma;False
mp-554440;CuSeO3;0.021500000000000075;0.011270403249998395;537.1576229645312;4.711312335436966;40;13.42894057411328;Monoclinic;P2_1/c;False
mp-554518;EuCO3;0.42929999999999957;0.0;255.5541915816184;5.5094268628320195;20;12.77770957908092;Orthorhombic;Pnma;False
mp-554549;CaGeO3;2.5120999999999998;0.014406481708333807;969.4508785919637;4.404564026942297;80;12.118135982399547;Tetragonal;I4_1/a;False
mp-554624;CuGeO3;0.44750000000000023;0.07249802987500331;1030.8101295727995;4.7472573457077205;80;12.885126619659994;Orthorhombic;Pnnm;True
mp-554699;GePbO3;2.699;0.0;513.9167066238759;6.355755308606856;30;17.130556887462532;Trigonal;R-3;False
mp-554811;TbVO3;1.4395999999999995;0.0;226.45903361633887;7.563310382388121;20;11.322951680816944;Orthorhombic;Pnma;False
mp-554869;SrGeO3;3.3373;0.001884738833332733;901.2435295489332;4.604582883776636;60;15.02072549248222;Triclinic;P-1;False
mp-554874;CuGeO3;0.0;0.14062220750000254;212.5891751634234;5.754668547778373;20;10.62945875817117;Monoclinic;P2_1/c;False
mp-555021;TePbO3;2.6752;0.0027182204999993687;342.58982379046694;7.421719181023025;20;17.129491189523346;Tetragonal;P4_1;False
mp-555098;SrSeO3;3.8861999999999997;6.525950000035863e-05;306.49128877949005;4.65025268231863;20;15.324564438974502;Orthorhombic;Pnma;False
mp-555118;NaPO3;5.081;0.008861134166666673;788.6158193446041;2.5763333806700293;60;13.143596989076736;Orthorhombic;Pnma;False
mp-555174;BaTcO3;0.0;0.0;406.2842187794692;6.947932635280793;30;13.542807292648973;Hexagonal;P6_3/mmc;False
mp-555313;ScBiO3;2.6897;0.03373375387500133;282.41902134716827;7.101137183178212;20;14.120951067358414;Monoclinic;Cc;False
mp-555351;FeBiO3;0.0;0.25538919300000096;122.78943566765976;8.460920219328226;10;12.278943566765976;Orthorhombic;Cmcm;True
mp-555390;TcO3F;2.4501;0.02129089437500209;300.9302824080249;3.6418176816277006;20;15.046514120401245;Monoclinic;P2_1/c;False
mp-555562;LiIO3;3.5575;0.14807374924999905;674.1296746810573;3.5833879422520014;40;16.853241867026433;Tetragonal;P4_2/n;False
mp-555665;NaVO3;3.0358;0.005755477500000161;274.58999218475816;2.9493958724597604;20;13.729499609237909;Orthorhombic;Pnma;False
mp-555735;CaIrO3;0.0;0.024495219000007395;228.6900073487555;8.140938290194866;20;11.434500367437774;Orthorhombic;Pnma;False
mp-555731;SrGeO3;3.0131;0.11267646333333303;248.667874130049;4.172081480964807;15;16.5778582753366;Hexagonal;P-62m;False
mp-555726;NaClO3;5.7194;0.06845224274999939;379.5023232314643;1.862959747051154;20;18.975116161573215;Cubic;P2_13;False
mp-555769;ScBiO3;2.6784;0.03448242537500068;282.20099549135153;7.106623455503151;20;14.110049774567576;Monoclinic;C2/c;True
mp-556003;CaTiO3;2.1586;0.011411810500000286;112.52875726749468;4.012112107794738;10;11.252875726749469;Orthorhombic;Imma;True
mp-556021;BaTeO3;3.1676;0.009339549666666613;1133.0081241360817;5.503485906378489;60;18.88346873560136;Orthorhombic;Pnma;False
mp-556084;KClO3;5.5725;0.050906849375001784;370.2079746001091;2.1987449929616023;20;18.510398730005456;Orthorhombic;Pnma;False
mp-556216;HIO3;3.0606;0.018122821749998685;545.531883117361;4.283620438436709;40;13.638297077934023;Orthorhombic;Pbca;False
mp-556235;CaCO3;4.9769;0.0008676930000044436;244.95879367681047;2.7138965740722063;20;12.247939683840524;Monoclinic;P2_1/c;False
mp-556680;CdSO3;3.2201710206998833;0.09623067275000086;624.5645595014557;4.0938721097366635;40;15.614113987536394;Monoclinic;P2_1/c;False
mp-556711;MnBiO3;0.8820000000000006;0.09786727159999842;554.7820297592973;7.468876026769251;40;13.869550743982433;Monoclinic;P2_1/c;True
mp-556857;VCdO3;0.0;0.0;269.95413520633264;5.200232911051289;20;13.497706760316632;Orthorhombic;Pnma;False
mp-556892;InBiO3;2.7352000000000007;0.028943077000000983;291.07493270155646;8.484176555658724;20;14.553746635077824;Orthorhombic;Pna2_1;False
mp-556932;TlPO3;3.6020000000000003;0.012447569749997278;2032.6740776389734;5.555509225344284;120;16.938950646991444;Orthorhombic;Pbcn;False
mp-556925;TiMnO3;1.5349000000000004;0.05998980200000048;212.50152766807804;4.713654208332204;20;10.625076383403902;Orthorhombic;Pnma;False
mp-556940;MgSiO3;3.8758;0.10922547466666632;895.4855821140897;2.978484286204412;80;11.19356977642612;Orthorhombic;Pbca;False
mp-556983;LaGaO3;3.1895999999999995;0.037584759142854196;121.68417249387791;7.004010512267395;10;12.16841724938779;Orthorhombic;Imma;True
mp-556982;CuSiO3;0.0;0.06817785866666881;481.17749239410796;2.8911648075385084;30;16.039249746470265;Trigonal;R-3;False
mp-557081;BaCrO3;0.0;0.0816520543392878;937.4401924422201;5.88532272458163;70;13.392002749174573;Hexagonal;P6_3/mmc;False
mp-557189;LiPO3;5.552;0.002511032333332608;1212.1365465148035;2.3538904150333195;100;12.121365465148035;Monoclinic;P2/c;False
mp-557224;HgSeO3;2.5822;0.0007340859999995786;319.5721479797144;6.807934752673724;20;15.97860739898572;Monoclinic;P2_1/c;False
mp-557203;SrZrO3;3.3637000000000006;0.05472995925000035;592.0000195401844;5.090274637116907;40;14.800000488504612;Cubic;P2_13;False
mp-557535;BaMnO3;0.7427999999999999;0.0012205596666667873;531.0888445860152;6.009789272964193;40;13.277221114650379;Hexagonal;P6_3/mmc;False
mp-557680;NbAgO3;0.8148999999999997;0.09171092692307603;136.91213819505973;6.034482054254353;10;13.691213819505972;Orthorhombic;Cmmm;True
mp-557704;TlNO3;2.8691;0.004367245666667685;663.2698541743425;6.002281118820484;45;14.739330092763167;Trigonal;P3_1;False
mp-557803;MgSiO3;4.6751000000000005;0.012639097166665003;419.76052030751345;3.177037388956283;40;10.494013007687837;Orthorhombic;Pna2_1;True
mp-557787;TlSbO3;2.4363;0.0;362.4069017248385;6.857226781249803;20;18.120345086241926;Trigonal;P-31c;True
mp-557795;LaMnO3;1.4402999999999997;0.4705252730238101;297.1410300410424;5.406020382935966;20;14.857051502052121;Monoclinic;P2_1/c;False
mp-557880;KPO3;5.0591;0.003630717333328093;1005.7576849014606;2.3392547036555364;60;16.76262808169101;Monoclinic;P2_1/c;False
mp-557985;KPO3;4.9935;0.0004289714999972105;641.9825133506407;2.443185337311957;40;16.049562833766018;Monoclinic;P2_1/c;False
mp-557997;CaSeO3;4.2427;0.0;284.23135478673646;3.9034417751982398;20;14.211567739336823;Monoclinic;P2_1/c;False
mp-558125;BaTiO3;2.0811;0.0012968303333327214;402.91942798108107;5.766285740169198;30;13.430647599369369;Orthorhombic;C222_1;False
mp-558192;NaPO3;5.146199999999999;0.007900110499999613;505.43098701036615;2.6798742883042097;40;12.635774675259153;Monoclinic;P2_1/c;False
mp-558285;GaBiO3;1.8794000000000004;0.0020056449999996673;278.0863765695177;7.803341930963763;20;13.904318828475885;Orthorhombic;Pcca;False
mp-558400;TmFeO3;0.0;0.009748756583332963;363.35092316187996;7.47967076811869;30;12.111697438729331;Hexagonal;P6_3cm;False
mp-558546;KSO3;4.995;0.010801598460523643;531.65818069242;2.233077568787591;30;17.721939356414;Trigonal;P321;False
mp-558637;AgTeO3;1.6662000000000003;0.02047434975000062;574.8261713517004;6.5509478222849795;40;14.37065428379251;Monoclinic;P2_1/c;False
mp-558696;CuTeO3;0.0;0.03541425299999901;294.9782256150324;5.384916617186149;20;14.748911280751619;Monoclinic;P2_1/c;False
mp-558843;KIO3;0.0;0.19824316799999853;74.10191883154758;4.795516459966349;5;14.820383766309515;Cubic;Pm-3m;False
mp-558920;NaNbO3;2.4098;0.0018151994999993093;482.5297952992486;4.512102221349965;40;12.063244882481214;Orthorhombic;Pca2_1;False
mp-558950;AgAsO3;0.49849999999999994;0.02576531425000006;1728.699514830734;5.3205196718125976;120;14.405829290256117;Orthorhombic;Pca2_1;False
mp-559051;BaBiO3;0.0;0.0;334.66604672074277;7.825829483566305;20;16.733302336037138;Monoclinic;P2_1/c;False
mp-559203;CdSeO3;3.4047;0.005526024750001746;632.4855475554016;5.0275540370200575;40;15.812138688885039;Monoclinic;P2_1/c;False
mp-559252;NaIO3;3.3955999999999995;0.13328705200000357;355.2514108029106;3.7000064391088574;20;17.76257054014553;Orthorhombic;Pna2_1;False
mp-559257;AgTeO3;1.4211;0.0;600.0363880095312;6.275713157831054;40;15.000909700238278;Monoclinic;P2_1/c;False
mp-559354;NaNbO3;1.8832999999999998;0.039167725499998696;260.55339819617905;4.178075926681987;20;13.027669909808953;Orthorhombic;Cmcm;True
mp-559736;VAgO3;1.6282999999999999;0.0;248.92808517080482;5.518261990818175;20;12.446404258540241;Monoclinic;Cm;False
mp-559756;PrScO3;4.2605;0.0;263.56275255678537;5.89364906475246;20;13.178137627839268;Orthorhombic;Pnma;False
mp-559767;LiAsO3;2.9408;0.03577491699999946;229.1600080770351;3.763988904184651;20;11.458000403851754;Monoclinic;C2/c;False
mp-559851;CrBiO3;1.7904999999999998;0.011202689999999293;231.942668887704;8.84812722244286;20;11.5971334443852;Orthorhombic;Pnma;False
mp-559975;SrMnO3;0.0;0.0;246.82028281498637;5.1280403059319175;20;12.34101414074932;Orthorhombic;C222_1;False
mp-560049;CuSeO3;0.0;0.002367921999997691;399.2858436886513;4.75358200487598;30;13.309528122955044;Triclinic;P-1;False
mp-560097;CaTeO3;3.2538;0.013229042933333268;1069.212964582537;4.01946592343502;60;17.82021607637562;Monoclinic;P2_1/c;False
mp-560199;MnSiO3;1.6711;0.008882381366667857;578.7322873198204;3.759367348556818;50;11.574645746396408;Triclinic;P-1;False
mp-560265;CaCO3;4.9436;0.00806831500000893;1174.5909952235652;2.54690164613275;90;13.051011058039613;Hexagonal;P6_522;True
mp-560522;MnSO3;3.3554999999999997;0.07260687523809572;403.6738695338799;3.3320191163355846;30;13.45579565112933;Trigonal;R-3;False
mp-560560;CdSiO3;2.573;0.0;766.931992499724;4.897479568390294;60;12.7821998749954;Monoclinic;P2_1/c;False
mp-560656;CaTeO3;2.9142;0.0027762730000011615;1686.5820265021075;4.246917739055558;100;16.865820265021075;Tetragonal;P4_3;False
mp-560885;CaSiO3;3.7183;0.2412429093333346;188.0809592100086;4.1022981161380585;20;9.40404796050043;Orthorhombic;Pnma;True
mp-561086;CaSiO3;4.707999999999999;0.020230711166667525;819.3157372160958;2.8251532209193586;60;13.655262286934931;Monoclinic;C2/c;False
mp-561102;InBiO3;2.388399999999999;0.03992346850000139;283.9517915160877;8.697008413932021;20;14.197589575804386;Orthorhombic;Pnma;False
mp-561216;CuGeO3;0.6776;0.06874284150000332;512.8365640996581;4.771033602328573;40;12.820914102491452;Orthorhombic;Cmce;True
mp-561374;CaTeO3;3.1241000000000003;0.013546894488890793;1591.5480799717564;4.050457347267865;90;17.683867555241736;Triclinic;P1;False
mp-561385;SrTeO3;3.4746999999999995;0.0023719034999993838;1078.7087840165068;4.862303278443792;60;17.978479733608445;Monoclinic;C2;False
mp-561412;CaCO3;4.9726;0.007197419333341948;191.62792800071696;2.601889131783556;15;12.775195200047797;Monoclinic;C2;False
mp-561465;TlSbO3;2.1502000000000003;0.1347673254999986;410.6713564027069;6.0513261357834205;20;20.533567820135346;Hexagonal;P6_322;False
mp-561489;AgTeO3;1.1630000000000003;0.020124158499999822;274.18003351321124;6.867123413688304;20;13.709001675660563;Monoclinic;P2_1/m;False
mp-561547;SrSiO3;4.6026;0.036027445500000255;565.4296903578274;3.846085824106329;40;14.135742258945687;Monoclinic;P2_1/c;False
mp-561598;BaPbO3;0.0;1.0951720600000003;101.85659215140905;6.399226759587006;5;20.37131843028181;Cubic;Pm-3m;False
mp-561681;CsSO3;5.1114999999999995;0.0;402.87071972123016;3.5112282886170494;20;20.143535986061508;Hexagonal;P6_3mc;False
mp-561851;CsNO3;3.897;0.0;782.5278761941025;3.722431336975817;45;17.389508359868945;Trigonal;P3_1;False
mp-561922;LaCoO3;0.0;0.011411500499999505;113.20636655932361;7.211992246026039;10;11.320636655932361;Triclinic;P-1;True
mp-561949;GdBO3;2.2691;0.14353684033333103;157.43763671055578;4.5576743947090135;10;15.743763671055579;Hexagonal;P6_3/mmc;False
mp-561954;TmCoO3;1.1885999999999997;0.02268156346428718;215.82653245179552;8.489885088174969;20;10.791326622589775;Orthorhombic;Pnma;False
mp-562182;ZnSiO3;3.4382999999999995;0.05023560116666914;234.7613099162203;4.003285829352807;20;11.738065495811016;Monoclinic;C2/c;False
mp-562466;SrCoO3;0.0;0.07337449835484122;259.7974268506855;4.974032210042802;20;12.989871342534276;Triclinic;P-1;True
mp-562826;CoSeO3;2.6311;0.0;1147.9956810076205;4.3021754047381755;80;14.349946012595257;Monoclinic;C2/c;False
mp-562779;ErCoO3;1.4471000000000003;0.0;201.45109439388898;9.040484284088723;20;10.072554719694448;Orthorhombic;Pnma;False
mp-562987;VCuO3;0.9626999999999999;0.10659931600000228;80.04269880900075;3.3708740085669624;5;16.00853976180015;Triclinic;P1;True
mp-566602;LaMnO3;1.692884215930187;0.4200659285238082;332.11459568010025;4.836735530153375;20;16.605729784005014;Monoclinic;P2_1/c;True
mp-572987;NiSeO3;2.9171000000000005;0.06596378037500017;1093.2087541890753;4.511954136132934;80;13.665109427363442;Monoclinic;C2/c;False
mp-573051;ReO3F;3.0068;0.0;434.0414438507405;5.812179663417175;30;14.468048128358017;Monoclinic;P2/c;False
mp-573119;BiRhO3;0.37729999999999997;0.061984177375000726;251.64851803379383;9.498988716521831;20;12.582425901689692;Orthorhombic;Pnma;False
mp-573180;LaCoO3;0.6210999999999993;0.07654874600000028;55.60374124701541;7.3416232389798655;5;11.120748249403082;Cubic;Pm-3m;False
mp-600576;GdFeO3;0.0;0.004078319000001329;232.21112873567893;7.468297692533943;20;11.610556436783947;Orthorhombic;Pnma;False
mp-601267;NdFeO3;0.0;0.6436985989999995;281.6516760553194;5.85056226599439;20;14.08258380276597;Orthorhombic;Pnma;False
mp-603907;MgSiO3;5.0422;0.1912892106666675;194.44017702385622;3.4293192071644025;20;9.722008851192811;Monoclinic;C2/c;False
mp-603930;MgSiO3;4.5448010341874685;0.009410846166666431;215.11685793979493;3.0996986479738107;20;10.755842896989746;Monoclinic;C2/c;False
mp-605340;LaFeO3;1.7660000000000005;0.2918928855000136;333.39107148475915;4.836286090904453;20;16.66955357423796;Orthorhombic;Pmn2_1;True
mp-607467;CaMoO3;1.1050000000000004;0.0;251.53959017651147;4.859133136056606;20;12.576979508825573;Monoclinic;P2_1/c;True
mp-608595;NaBrO3;0.08079999999999998;0.4984734565000002;431.4543156098146;2.322952869960971;20;21.572715780490732;Monoclinic;P2_1;True
mp-611033;SrRuO3;0.0;0.5097280285000023;353.5414934632131;4.446776522917488;20;17.677074673160654;Orthorhombic;Pnma;True
mp-613384;CsIO3;0.0;1.9664208050000074;96.72356434542107;5.2844145643815565;5;19.344712869084212;Cubic;Pm-3m;False
mp-613402;SrZrO3;0.0;2.5172406795000004;85.49650328956366;4.405798144796697;5;17.099300657912732;Cubic;Pm-3m;False
mp-614951;RbNO3;3.1341;0.03944573311111199;870.4031761296334;2.5321111870734025;45;19.342292802880742;Trigonal;P3_2;False
mp-616587;RbPO3;4.8466000000000005;0.0024709204999995293;710.7564179441404;3.0734427985860715;40;17.76891044860351;Monoclinic;P2_1/c;False
mp-619034;ZnSiO3;3.3916999999999997;0.055324113291669974;917.856103283554;4.0957035505055375;80;11.473201291044425;Orthorhombic;Pbca;False
mp-624691;VAgO3;1.9188999999999998;0.015559444499999131;278.1337865832349;4.93881166944858;20;13.906689329161745;Monoclinic;C2/c;False
mp-625246;VHO3;2.1038;0.04854977741666833;358.6534085084494;2.7765016106758904;30;11.955113616948314;Monoclinic;P2_1;True
mp-625292;VHO3;2.086;0.0248662394166681;335.2160998948648;2.970626311535828;30;11.173869996495492;Monoclinic;P2_1;True
mp-625258;VHO3;2.1433;0.04919767875000147;346.8933661492567;2.8706278746467797;30;11.563112204975223;Monoclinic;P2_1;True
mp-625407;VHO3;1.8679999999999999;0.04875140675000189;362.9160286664567;2.743890287946786;30;12.097200955548557;Triclinic;P1;True
mp-625630;TeHO3;2.1456;0.02616263799999974;482.5596110960229;4.861764450034754;40;12.063990277400572;Orthorhombic;Pna2_1;False
mp-625657;TeHO3;2.1801;0.02685548300000029;489.7689262253093;4.790200105855559;40;12.244223155632733;Monoclinic;Pc;True
mp-625654;TeHO3;2.0787999999999998;0.03219036299999978;491.28760424484193;4.775392543956847;40;12.282190106121048;Orthorhombic;Pna2_1;True
mp-625856;TeHO3;2.0451;0.04292559574999988;480.7789005441258;4.8797714699917805;40;12.019472513603144;Monoclinic;Pc;True
mp-625913;TeHO3;2.1791;0.03330828725000057;484.9589285670693;4.837711039121076;40;12.123973214176733;Monoclinic;Pc;True
mp-626182;SbHO3;1.0685;0.027953794749986827;291.3018060569421;3.8937465023918567;20;14.565090302847105;Tetragonal;I4_1/amd;True
mp-626218;SbHO3;1.1867;0.015799989749987198;279.5668211871387;4.057188845436677;20;13.978341059356936;Orthorhombic;Fdd2;True
mp-626536;NbHO3;0.000500000000000167;0.07873416203571537;239.47595716607321;3.9361159528089074;20;11.97379785830366;Triclinic;P1;True
mp-626528;NbHO3;2.5171;0.045080743035716964;240.27639176242732;3.9230035393887626;20;12.013819588121367;Triclinic;P1;True
mp-627119;VHO3;0.6587999999999999;0.06922966275000153;260.82889462440477;2.54522354672928;20;13.041444731220238;Triclinic;P1;True
mp-627209;VHO3;0.0;0.14282055675000116;253.75416024066269;2.6161850652449874;20;12.687708012033134;Monoclinic;Cm;True
mp-627684;VHO3;0.3165000000000001;0.2975707787500017;282.6625891123868;2.3486229513076844;20;14.13312945561934;Triclinic;P1;True
mp-630329;PbSeO3;3.3267999999999995;0.0;638.5708737419326;6.951557224004917;40;15.964271843548314;Monoclinic;P2_1/c;False
mp-630949;NaClO3;0.0;0.572840350249999;358.5968841708099;1.9715663557072374;20;17.929844208540494;Monoclinic;P2_1/c;False
mp-635713;TiZnO3;3.1234;0.09579140550000265;148.20580247472665;3.6139220656287834;10;14.820580247472666;Triclinic;P-1;True
mp-635067;KSbO3;0.0;0.9125581640000009;161.36158055764503;4.298599169013388;10;16.136158055764504;Triclinic;P-1;True
mp-638686;AgNO3;2.0088999999999997;0.002379382500000027;497.832124749116;4.532948442420577;40;12.4458031187279;Orthorhombic;Pbca;False
mp-639811;KIrO3;0.0;0.0;853.9289617818224;6.51779246262814;60;14.232149363030373;Cubic;Pn-3;False
mp-641635;CaCO3;0.006399999999999961;1.3777728225000088;306.45783959936216;2.169279897742058;20;15.322891979968109;Orthorhombic;Pnma;True
mp-641917;ZnSiO3;3.3367999999999993;0.05884410516666971;457.4908908673707;4.108569783700309;40;11.437272271684268;Monoclinic;P2_1/c;False
mp-642228;MgSiO3;3.1742;0.205962627041667;897.2779016846998;2.972534740732607;80;11.215973771058747;Orthorhombic;Pbca;False
mp-642209;MgSiO3;1.4453000000000005;0.44916264016666574;407.75547752521015;3.2705749914598305;40;10.193886938130253;Orthorhombic;Pna2_1;True
mp-642210;MgSiO3;4.2049;0.14628965016666573;540.679245915951;2.466517584127913;40;13.516981147898775;Orthorhombic;Pna2_1;True
mp-642216;MgSiO3;5.0524;0.125716575166666;391.20602870805635;3.40893230052937;40;9.780150717701408;Monoclinic;P2_1/c;True
mp-643577;MnGeO3;0.5428999999999995;0.014911642250000412;970.5978536731133;4.806129966901179;80;12.132473170913915;Orthorhombic;Pbca;False
mp-644369;BaBiO3;0.10109999999999975;0.9469549079999986;194.21786912608698;6.742529478262057;10;19.4217869126087;Triclinic;P1;True
mp-644497;BaTiO3;0.4807;0.7142725979999991;111.54340845946945;3.4715162824534698;5;22.308681691893888;Orthorhombic;Amm2;False
mp-644879;MgSiO3;4.5951;0.050826624666665765;422.7228741338784;3.1547733728796454;40;10.56807185334696;Orthorhombic;Pbcn;True
mp-645158;LaMnO3;1.0572999999999997;0.42135108202380955;333.3011408804232;4.81951685123324;20;16.66505704402116;Monoclinic;P2_1/c;True
mp-645159;FeBiO3;1.5419999999999998;0.011605766000001516;240.59962335446852;8.63602032684653;20;12.029981167723426;Orthorhombic;Pnma;False
mp-647158;SrTeO3;3.464;0.006218151916667303;2263.354433895126;4.634721967061222;120;18.86128694912605;Monoclinic;Cc;True
mp-647557;ZrPbO3;2.8458;0.030387463562503214;605.8365142698349;7.596076946725691;40;15.145912856745872;Orthorhombic;Pba2;False
mp-647680;MnSiO3;0.030199999999999783;0.3092157079666684;626.6284323257277;3.472021300455136;50;12.532568646514553;Triclinic;P-1;True
mp-648053;NaPO3;4.7410000000000005;0.03914027166666845;565.0118887456335;2.3972796565544248;40;14.125297218640839;Tetragonal;I4_1/a;False
mp-648072;NaPO3;4.7362;0.05912086716666831;598.4600564804748;2.263294754485407;40;14.96150141201187;Tetragonal;I4_1/a;False
mp-649086;GaFeO3;2.1045;0.035789206749999636;436.720592442893;5.279594525768466;40;10.918014811072325;Orthorhombic;Pna2_1;False
mp-649676;CaSiO3;2.9075;0.3503614009999998;1157.9363364694277;1.9989807911232134;60;19.29893894115713;Monoclinic;P2_1/c;False
mp-650392;FeSiO3;2.6645;0.023068397888890146;1045.1464962152727;3.7729731728447073;90;11.612738846836363;Triclinic;P-1;False
mp-654812;CdCO3;0.0;2.8887463209999997;64.92625259175497;4.40977214578434;5;12.985250518350995;Trigonal;R-3m;False
mp-654759;FeBiO3;1.1606;0.5886216410000014;119.2804837913782;4.354910317003171;5;23.85609675827564;Trigonal;R3;False
mp-655631;FeBiO3;1.7789000000000001;0.44027724500000076;128.43770899214786;4.044418212971704;5;25.68754179842957;Trigonal;R3;False
mp-655586;NaClO3;0.5132000000000001;0.5105025552499995;388.61069038405196;1.8192951701712325;20;19.4305345192026;Triclinic;P1;True
mp-657336;MgSiO3;2.4375999999999998;0.2894799186666672;415.78466050652224;3.207417189946558;40;10.394616512663056;Orthorhombic;Pna2_1;True
mp-657338;MgSiO3;4.3843;0.1331711937916662;882.0648952475137;3.0238021592515527;80;11.025811190593922;Orthorhombic;Pbca;False
mp-662523;SrTeO3;3.2676000000000007;0.031557382666666633;632.3339984652432;4.147340859213562;30;21.07779994884144;Triclinic;P1;False
mp-662551;TlNO3;0.0;0.6832117195;721.2745227794272;4.906292953697453;40;18.03186306948568;Orthorhombic;Pnma;False
mp-667421;SrTeO3;3.4208000000000003;0.006554397499999531;2262.2976675373766;4.636886942220147;120;18.852480562811472;Triclinic;P-1;True
mp-669414;HfPbO3;2.7897527148181007;0.012870088562500825;581.4064880592096;9.909159455492707;40;14.535162201480238;Orthorhombic;Pba2;False
mp-669466;AgNO3;2.0035935215150227;0.005029587999999308;537.0054543267189;4.202280137541149;40;13.425136358167972;Orthorhombic;P2_12_12_1;False
mp-672644;KNO3;3.2301;0.04428989600000044;332.5687433976958;2.0192614841385685;20;16.62843716988479;Orthorhombic;Pnma;False
mp-673347;NbHO3;0.0;4.865250709535717;239.4759759026793;3.9361156448471006;20;11.973798795133964;Triclinic;P1;True
mp-674297;NaNO3;2.5717;0.009446822000000132;533.4132294446556;2.11673743654711;40;13.33533073611639;Triclinic;P1;True
mp-674361;LiNbO3;2.9621;0.01005641740000307;559.9273656950107;4.384557297934632;50;11.198547313900214;Triclinic;P1;True
mp-674478;BaCO3;4.1702;0.049906871000008124;177.2171227211266;3.6981073455993525;10;17.72171227211266;Trigonal;R-3c;True
mp-674482;MnFeO3;0.8193000000000001;0.03624598443750138;435.4285158171741;4.844192810651176;40;10.885712895429354;Orthorhombic;Ibca;True
mp-675030;TiNiO3;2.3735;0.020319030499999613;414.1901770745118;4.957154620137848;40;10.354754426862794;Triclinic;P1;True
mp-675069;LiNbO3;3.0231000000000003;0.006859243142860905;778.319584001562;4.415984301627215;70;11.118851200022315;Triclinic;P1;True
mp-675126;FeCO3;1.4102000000000001;1.5176779809999994;114.26100286432916;3.367376837488083;10;11.426100286432916;Monoclinic;Cc;True
mp-675227;BaMnO3;0.8679000000000001;0.0017817334666663243;334.7872385437482;5.958508258609489;25;13.391489541749927;Trigonal;R-3m;True
mp-675324;BaCO3;4.0966000000000005;0.07582380200000838;173.1642522391652;3.7846607185172436;10;17.316425223916518;Orthorhombic;Pnn2;True
mp-675625;KNO3;3.0629;0.011764387500000417;179.0882268732527;1.8748950338500079;10;17.90882268732527;Triclinic;P1;True
mp-676020;BaCO3;4.0287;0.03376590800000745;167.4391229382875;3.9140669862594;10;16.74391229382875;Monoclinic;C2/m;True
mp-675976;KPO3;0.7699999999999999;1.4928622199999948;177.45227608604674;2.209724070640273;10;17.745227608604672;Triclinic;P-1;True
mp-676262;TaTlO3;0.9695;0.0;605.216109424282;9.511450260441611;40;15.13040273560705;Monoclinic;C2/c;True
mp-676280;NaTaO3;3.4067;0.09564892800000102;583.5490824437464;5.735240899895463;40;14.58872706109366;Triclinic;P1;True
mp-676536;KBiO3;0.18619999999999992;0.030872052388891014;1606.2497196394143;5.509511110994378;90;17.847219107104603;Triclinic;P1;True
mp-676694;LiNbO3;2.9835000000000003;0.008015285666669314;669.8987539597193;4.397739693754963;60;11.164979232661988;Triclinic;P1;True
mp-676865;BaGeO3;1.4290000000000003;0.45118400616666676;567.9852833160062;4.525060478900862;30;18.932842777200207;Triclinic;P1;True
mp-676851;KNO3;3.0153;0.02937441350000025;86.26040384144711;1.9462674195383876;5;17.252080768289424;Trigonal;R32;True
mp-677054;AgSbO3;0.0;0.07651849933333299;857.9101650285205;6.448360248744025;60;14.298502750475341;Triclinic;P1;True
mp-680932;OsPbO3;0.0;0.0;276.1692649119691;10.713008614256628;20;13.808463245598455;Cubic;Fd-3m;False
mp-685257;CdPbO3;0.0;0.0;577.0968158397645;8.462073218077382;40;14.427420395994114;Orthorhombic;Ibca;True
mp-685413;LiNbO3;0.0;0.1151777043076958;1485.47115391595;4.29701202130966;130;11.426701183968847;Triclinic;P1;True
mp-685935;CdGeO3;1.7239999999999998;0.11864052174999884;154.93044510132876;4.995626280263385;10;15.493044510132876;Orthorhombic;Cmc2_1;True
mp-686057;LiNbO3;3.0381;0.010854103250004243;445.40877225707146;4.409493068815321;40;11.135219306426787;Triclinic;P1;True
mp-687205;TcPbO3;0.0;0.06394184131249858;286.1710768914209;8.19788521667757;20;14.308553844571046;Cubic;Fd-3m;False
mp-690546;TiNiO3;2.2505;0.018407698333332334;300.53728897985826;5.123835273993819;30;10.017909632661942;Triclinic;P1;True
mp-690525;MnCO3;3.3381;0.08142019800000533;112.07515008417518;3.4061768890274178;10;11.207515008417518;Monoclinic;Cc;True
mp-691106;MnSnO3;0.22940000000000005;0.022319597000001856;123.04270445239978;5.982512347073752;10;12.304270445239977;Trigonal;R3c;True
mp-694948;TiFeO3;0.0;0.7153614753749995;868.1009408044887;4.6431598430515475;80;10.851261760056108;Triclinic;P1;True
mp-695863;MnCO3;0.0;1.3390969910000052;116.31961901016837;3.281886489136672;10;11.631961901016837;Monoclinic;C2/c;True
mp-695836;KSbO3;0.2784;0.7646052010000011;179.55735057177304;3.8629928203274586;10;17.955735057177304;Triclinic;P-1;True
mp-696740;CaCO3;1.4556999999999998;1.8727067800000077;118.88023144734049;2.7960613083212023;10;11.88802314473405;Monoclinic;C2/c;True
mp-696822;LiNO3;0.0;1.0988650979999992;92.27495520536065;2.4814395268370784;10;9.227495520536065;Monoclinic;C2/c;True
mp-696871;LaAlO3;3.578500000000001;0.22833477900000432;123.70700827112734;5.7420311121903955;10;12.370700827112733;Triclinic;P1;True
mp-697089;TiMnO3;0.0;0.8632776140000011;98.9266567412891;5.06263303120197;10;9.89266567412891;Triclinic;P-1;True
mp-698587;TiNiO3;1.7081999999999997;0.020012813999999324;516.7503733668699;4.966626188683333;50;10.335007467337398;Triclinic;P1;True
mp-699575;CoSiO3;2.6041;0.02191650058333572;879.1468013139676;4.080334775064735;80;10.989335016424594;Orthorhombic;Pbca;False
mp-703230;LiVO3;2.8222;0.0007622925000019265;272.33946013428664;2.5823512892021445;20;13.616973006714332;Monoclinic;C2/c;True
mp-705845;BaFeO3;0.0;0.4609849973333322;415.52427401475444;3.8551060855234667;20;20.77621370073772;Trigonal;R3m;True
mp-725554;RbSeO3;0.036800000000000055;0.17437212449999606;210.46488441913135;3.3520240036996443;10;21.046488441913134;Triclinic;P-1;False
mp-726037;SnPO3;0.5815999999999999;0.3107475141142917;195.39734301346112;3.3599087485969004;10;19.539734301346112;Monoclinic;Cc;False
mp-726260;PNO3;1.7651999999999999;0.7339945037500035;331.25861441477997;1.8643403565479457;20;16.562930720738997;Orthorhombic;P2_12_12_1;True
mp-727242;NaCO3;0.6705999999999999;0.0018082339999985209;247.2293722925607;2.2298731211389695;20;12.361468614628034;Monoclinic;P2_1/c;False
mp-728664;NaSeO3;3.0914;0.07409265074999638;800.7986900801808;2.487461224690316;40;20.01996725200452;Monoclinic;C2/c;False
mp-730333;NaTaO3;0.0;3.187677839500001;581.7432250726712;5.7530443337948;40;14.54358062681678;Triclinic;P1;True
mp-734059;SNO3;0.0;1.0238355369166605;635.1313456243124;1.9675520061867082;40;15.87828364060781;Orthorhombic;Pbca;False
mp-743867;TiMnO3;1.2773000000000003;0.20041239499999897;113.56933258435684;4.40989965061936;10;11.356933258435685;Triclinic;P-1;True
mp-752441;SrCrO3;0.0;0.08573069393750288;355.208570148742;5.262387811886764;30;11.840285671624734;Hexagonal;P6_3/mmc;True
mp-752416;MgFeO3;0.1025999999999998;0.12825521150000085;224.71514966344782;3.7878192552744863;20;11.23575748317239;Monoclinic;C2/c;True
mp-752429;ScTlO3;0.9279999999999995;0.0787690023749974;256.387499472698;7.703033732814878;20;12.819374973634899;Orthorhombic;Pnma;True
mp-752437;SmInO3;2.6396999999999995;0.030393086624998844;275.7659939007913;7.543226170852552;20;13.788299695039564;Orthorhombic;Pnma;True
mp-752435;DyTmO3;4.5264999999999995;0.08806208975000018;277.3965902475892;9.085365328493937;20;13.869829512379459;Orthorhombic;Pnma;True
mp-752446;RbNO3;2.9814999999999996;0.021033902000000104;101.42668501949434;2.414395973821399;5;20.285337003898867;Trigonal;R32;True
mp-752521;LiFeO3;0.3317;0.1473070441000015;204.41876740507468;3.599698690179661;20;10.220938370253734;Monoclinic;C2/c;True
mp-752613;CoSnO3;0.9832000000000001;0.07626595650000212;228.5001761928931;6.559055808286305;20;11.425008809644655;Orthorhombic;Pnma;True
mp-752649;SrNiO3;0.0;0.0699531749999931;57.02413804031096;5.6583407383775315;5;11.404827608062192;Monoclinic;C2;True
mp-752636;LiSbO3;1.1944999999999997;0.08881048749999909;218.24375667597388;5.377765293557385;20;10.912187833798694;Cubic;P2_13;True
mp-752678;AgAuO3;0.0;0.4187327733333328;294.29506712515894;7.963340134116054;20;14.714753356257948;Orthorhombic;Cmcm;True
mp-752700;CoAgO3;0.0;0.46266377149999727;233.99424736183184;6.097297237126414;20;11.699712368091593;Monoclinic;C2/c;True
mp-752713;HoBO3;5.4365;0.0;321.8398383288317;6.926331112094483;30;10.727994610961057;Orthorhombic;Cmcm;True
mp-752746;CdCoO3;0.0;0.10605245799999974;217.36109870664112;6.7027010543327625;20;10.868054935332056;Orthorhombic;Pnma;True
mp-752755;NaSbO3;1.7037000000000004;0.03683609849999936;245.37903407747345;5.217487869699213;20;12.268951703873672;Orthorhombic;Pnna;True
mp-752790;LiFeO3;0.1658;0.1723008051000008;108.3022062613327;3.397188269187219;10;10.83022062613327;Monoclinic;C2/m;True
mp-753026;ZnCoO3;0.21309999999999985;0.056100196052630835;207.1137448730862;5.52697184295455;20;10.35568724365431;Monoclinic;C2/c;True
mp-753056;HoBO3;4.5465;0.08923376399999938;118.51798572341875;6.269566799564582;10;11.851798572341874;Orthorhombic;Ama2;True
mp-753164;YbTiO3;3.5666;0.0927337812499971;120.09880182192474;7.4360040843343365;10;12.009880182192473;Trigonal;R-3;True
mp-753176;AgCO3;0.0;0.004634586000003438;113.34598203986192;4.918859553909058;10;11.334598203986193;Trigonal;R-3c;True
mp-753318;DyBO3;4.5198;0.060006018499999314;120.53706474895905;6.097586226722907;10;12.053706474895906;Orthorhombic;Ama2;True
mp-753428;TiVO3;0.0;0.08855624350000113;216.74951415159728;4.498801519964952;20;10.837475707579864;Triclinic;P1;True
mp-753534;HfCoO3;2.4865;0.09486151200000315;229.8166236890823;8.249244460998721;20;11.490831184454114;Orthorhombic;Pnma;True
mp-753781;EuHfO3;0.5973000000000006;0.0;68.80440725408809;9.133639673661838;5;13.760881450817617;Cubic;Pm-3m;True
mp-753790;HfFeO3;2.1447000000000003;0.09619258400000419;235.705452334387;7.956121581576284;20;11.78527261671935;Orthorhombic;Pnma;True
mp-753819;MnTlO3;0.0;0.06195348818749835;242.41609277219445;8.420498907962797;20;12.120804638609723;Monoclinic;P2_1/c;True
mp-753806;BSbO3;3.7698;0.04801483816666874;155.7272770647208;3.8508630844295015;10;15.57272770647208;Triclinic;P-1;True
mp-753856;HfFeO3;2.9099000000000004;0.06265258550000219;235.5895267984845;7.9600365164657205;20;11.779476339924226;Orthorhombic;Pnma;True
mp-753948;PrTiO3;0.0;0.05882947999999644;124.52131208438156;6.314912062894159;10;12.452131208438157;Trigonal;R-3c;True
mp-753953;GdAsO3;2.1834000000000002;0.04877113199999883;301.315102069506;6.1760316112424345;20;15.0657551034753;Monoclinic;P2_1/c;True
mp-753995;YTmO3;4.582000000000001;0.08865059062499903;278.62127367824564;7.290992145660633;20;13.931063683912281;Orthorhombic;Pnma;True
mp-753992;CoAgO3;0.0;0.09311912849999615;112.71986320984168;6.328664874649185;10;11.271986320984167;Trigonal;R-3;True
mp-753988;VCrO3;1.2604999999999995;0.011217036125003688;199.00531148478836;5.037750820391613;20;9.950265574239419;Triclinic;P1;True
mp-754009;ScBiO3;3.0857;0.021432376875001324;141.5365353662609;7.084729778553145;10;14.15365353662609;Trigonal;R3c;True
mp-754022;AlCoO3;0.2610000000000001;0.11607658149999978;93.40382959355364;4.761424859004639;10;9.340382959355363;Triclinic;P1;True
mp-754036;VCrO3;0.43049999999999944;0.010773015125003838;198.72935474740825;5.044746270469415;20;9.936467737370412;Triclinic;P1;True
mp-754046;PrTlO3;0.0;0.6477328663749979;100.2258791905031;6.51600169768548;5;20.04517583810062;Cubic;Pm-3m;True
mp-754092;ScTiO3;0.0;0.09663837387499896;214.54572810928386;4.359703831262446;20;10.727286405464193;Orthorhombic;Pna2_1;True
mp-754098;LiVO3;2.0871999999999997;0.11134896500000835;109.48133773155732;3.211854049969633;10;10.948133773155732;Monoclinic;C2/m;True
mp-754103;CaNiO3;1.2293000000000003;0.07267682124999908;111.93005701039907;4.354802658719593;10;11.193005701039906;Hexagonal;P6_3mc;True
mp-754145;TbLuO3;4.6811;0.06626202350000021;273.160901583886;9.286016771058355;20;13.6580450791943;Orthorhombic;Pnma;True
mp-754124;ScCoO3;0.0;0.06946660858928766;207.5436412174167;4.860949839120018;20;10.377182060870835;Orthorhombic;Pnma;True
mp-754140;CaSeO3;4.1407;0.021825945000002456;288.9732091579102;3.8393889431094657;20;14.44866045789551;Orthorhombic;Pnma;True
mp-754157;AlInO3;2.162;0.03466006749999995;112.28447654040943;5.613715623896451;10;11.228447654040943;Hexagonal;P6_3/mmc;True
mp-754165;ScGaO3;2.7057;0.0176113473749977;110.7344127232281;4.878911504596991;10;11.07344127232281;Hexagonal;P6_3/mmc;True
mp-754152;YBiO3;2.4760999999999997;0.04767483287500074;159.81620942451218;7.187689466858463;10;15.981620942451219;Trigonal;R-3;True
mp-754184;ErAlO3;3.5603999999999996;0.08564275720000047;117.7313500695251;6.833301227135442;10;11.773135006952511;Hexagonal;P6_3/mmc;True
mp-754202;CsClO3;5.3807;0.0716206776250008;211.65529271955867;3.3948470523409227;10;21.16552927195587;Orthorhombic;Pmn2_1;True
mp-754203;SmErO3;4.6071;0.05951175412499943;290.47141479305986;8.360501088228155;20;14.523570739652993;Orthorhombic;Pnma;True
mp-754208;ErInO3;2.5532;0.07976449299999988;263.6689277873229;8.315014892064733;20;13.183446389366145;Orthorhombic;Pnma;True
mp-754231;LuTiO3;0.0;0.06194142325000307;226.5833669216115;7.939284429066537;20;11.329168346080575;Orthorhombic;Pnma;True
mp-754229;MnAgO3;0.0;0.0821110778333356;117.6380503297355;5.951288989290822;10;11.76380503297355;Trigonal;R-3;True
mp-754239;ScGaO3;4.0845;0.07646210987499824;206.95704441515204;5.221019673110431;20;10.347852220757602;Orthorhombic;Pnma;True
mp-754226;YLuO3;3.3403;0.073247628499999;148.49016885400343;6.975196634051645;10;14.849016885400342;Hexagonal;P6_3/mmc;True
mp-754246;TiSnO3;1.1472000000000007;0.002102758500004853;156.7978330522059;4.544839630566693;10;15.67978330522059;Trigonal;R-3;True
mp-754307;BaNdO3;0.0;0.1158703012500002;187.3694230114581;5.841499670958638;10;18.73694230114581;Trigonal;R-3c;True
mp-754329;CdSnO3;0.9815;0.0;131.04061486299892;7.073964617309915;10;13.104061486299893;Trigonal;R-3;False
mp-754318;MnZnO3;1.8748999999999998;0.005794233999999676;97.48952847675997;5.734848875713831;10;9.748952847675998;Trigonal;R-3;True
mp-754323;TmBiO3;3.1149000000000004;0.030020340250001887;155.422468802458;9.100934586972866;10;15.542246880245802;Trigonal;R3c;True
mp-754300;HoBiO3;2.4778999999999995;0.04968020787500116;157.1470142482774;8.916443605844993;10;15.71470142482774;Trigonal;R-3;True
mp-754342;ScFeO3;0.0;0.07294762687499734;117.43344650570573;4.208115255896837;10;11.743344650570574;Hexagonal;P6_3/mmc;True
mp-754345;LiTaO3;2.3884;0.08864496900000596;116.86981919174187;6.70317991252844;10;11.686981919174187;Tetragonal;P4/mbm;True
mp-754409;HoBO3;5.089799999999999;0.026502322999998995;119.95586286451699;6.194415268239562;10;11.995586286451699;Trigonal;R-3c;True
mp-754435;LuAlO3;5.0767;0.08220640175000327;100.49658482659085;8.259909036921133;10;10.049658482659085;Trigonal;R-3c;True
mp-754508;MgFeO3;0.02660000000000018;0.06699626300000094;104.72919564011151;4.063720558744994;10;10.472919564011152;Trigonal;R-3;True
mp-754513;ZrMnO3;2.6175;0.042826421000004444;126.52058400805868;5.096572624625938;10;12.652058400805867;Trigonal;R3c;True
mp-754524;CeTiO3;0.0;0.0838094562500018;61.288438271041045;6.393636600718821;5;12.257687654208208;Cubic;Pm-3m;True
mp-754578;TmGaO3;3.6067;0.050875326100000784;221.87658881589454;8.581392208391145;20;11.093829440794726;Orthorhombic;Pnma;True
mp-754597;LuTlO3;0.6919000000000004;0.0837613916249973;278.6845902675024;10.185405366162561;20;13.93422951337512;Orthorhombic;Pnma;True
mp-754608;VSiO3;1.4652999999999992;0.02042415741666659;211.80663719870822;3.9834503795929805;20;10.59033185993541;Monoclinic;C2/c;True
mp-754636;ErBiO3;2.47;0.05151718000000116;156.55404848043221;8.999615355113686;10;15.655404848043222;Trigonal;R-3;True
mp-754657;HfMnO3;3.0438;0.05320223350000575;239.86518852817116;7.793032039529437;20;11.993259426408558;Orthorhombic;Pnma;True
mp-754661;INO3;1.6497000000000002;0.07011016099999612;389.90415996878465;3.2181384204280095;20;19.495207998439234;Orthorhombic;P2_12_12_1;True
mp-754654;NiSnO3;1.7891000000000004;0.026179026000000327;231.0668176468014;6.479306147180312;20;11.55334088234007;Trigonal;R-3;True
mp-754696;PrTiO3;0.0;0.10464501399999726;61.31381091813314;6.412430772073526;5;12.262762183626629;Cubic;Pm-3m;True
mp-754678;BaTaO3;0.0;0.032557649306690806;70.48829628052674;8.628535392785288;5;14.097659256105349;Cubic;Pm-3m;True
mp-754701;CaTiO3;3.5666;0.028352688500000056;124.95341697913328;3.6131704152068567;10;12.495341697913329;Trigonal;R-3;True
mp-754712;NClO3;2.9429999999999996;0.0;317.0995060042593;2.041411575364923;20;15.854975300212965;Orthorhombic;P2_12_12_1;True
mp-754787;SmTlO3;0.8895;0.07315675212499784;299.2016143348699;8.940700362357687;20;14.960080716743494;Orthorhombic;Pnma;True
mp-754818;NaTaO3;2.7138999999999998;0.08675780650000142;289.20701886028814;5.786157227298543;20;14.460350943014408;Cubic;Fd-3m;True
mp-754853;CaHfO3;4.4855;0.0;252.29133819395093;7.017975214246265;20;12.614566909697547;Orthorhombic;Pnma;True
mp-754915;NaFeO3;0.0;0.05521626299999838;117.72311852213569;3.5780754597826676;10;11.77231185221357;Trigonal;R-3;True
mp-754936;DyAlO3;5.165;0.04079440499999798;103.67050239510857;7.60764875083339;10;10.367050239510856;Trigonal;R-3c;True
mp-754941;EuCrO3;0.0;0.18780081700000117;58.39386651041873;7.164906622753209;5;11.678773302083746;Cubic;Pm-3m;True
mp-754943;ErBiO3;3.1148000000000002;0.030865552000001628;157.85021467352348;8.925716202057421;10;15.785021467352347;Trigonal;R3c;True
mp-754980;ZrMnO3;2.9936;0.04725536700000532;127.74990701423611;5.047528878712223;10;12.774990701423611;Trigonal;R-3;True
mp-755018;RbTaO3;2.5106;0.052566979500015876;68.49564662455086;7.622331597400961;5;13.69912932491017;Trigonal;R3m;True
mp-755003;LaBiO3;2.6316000000000006;0.04065048959999551;176.75022353888693;7.438530507469816;10;17.675022353888693;Trigonal;R-3;True
mp-755055;ZrCrO3;1.3886000000000003;0.08593219416666997;249.26258918175745;5.09543704708823;20;12.463129459087872;Orthorhombic;Pnma;True
mp-755109;YErO3;4.5443999999999996;0.09753351487499984;282.87836115738855;7.14193373830885;20;14.143918057869428;Orthorhombic;Pnma;True
mp-755099;ZnFeO3;0.0;0.11370192550000091;105.60542373837738;5.3226412176882745;10;10.560542373837738;Trigonal;R-3;True
mp-755138;NdInO3;2.6533;0.01472304425000015;273.9447173906445;7.445036975181533;20;13.697235869532225;Orthorhombic;Pnma;True
mp-755165;YScO3;4.4314;0.02869606474999742;251.95223031798207;4.794330601355323;20;12.597611515899104;Orthorhombic;Pnma;False
mp-755167;InCoO3;0.0;0.07891086621428656;202.4509888295771;7.275312134273507;20;10.122549441478856;Orthorhombic;Pnma;True
mp-755177;EuSeO3;0.08659999999999979;0.0;148.47427375094398;6.238942256973635;10;14.847427375094398;Monoclinic;P2_1/m;True
mp-755199;VGeO3;0.01240000000000041;0.07809276962499645;239.22716142895217;4.763920511061022;20;11.96135807144761;Monoclinic;C2/c;True
mp-755236;HoTiO3;0.0;0.05838306849998531;232.76506970381192;7.442029863164043;20;11.638253485190596;Orthorhombic;Pnma;True
mp-755216;TmBiO3;2.4462;0.053846769250002424;154.18326625164255;9.174080665851328;10;15.418326625164255;Trigonal;R-3;True
mp-755231;LiTeO3;2.1414999999999997;0.06271661574999232;247.8468270134616;4.89194841607455;20;12.39234135067308;Orthorhombic;Pnn2;True
mp-755258;TmVO3;0.0;0.0;218.70381555294156;8.135479337198552;20;10.935190777647078;Orthorhombic;Pnma;False
mp-755240;AsAuO3;0.3576999999999999;0.11758776333333643;344.1840454762892;6.173253180337235;20;17.209202273814462;Monoclinic;C2/c;True
mp-755281;VCrO3;0.28279999999999994;0.012308828625002377;198.97723319771274;5.038461712846379;20;9.948861659885637;Triclinic;P1;True
mp-755321;SrCrO3;0.0;0.0964323934375022;240.9677928762296;5.171494021163185;20;12.048389643811479;Hexagonal;P6_3/mmc;True
mp-755358;LuAlO3;3.6479;0.0616271787500029;114.12048248056117;7.2738270216327185;10;11.412048248056117;Hexagonal;P6_3/mmc;True
mp-755342;LuGaO3;2.5237999999999996;0.021206369333349073;121.21093888475164;8.019411376294718;10;12.121093888475164;Hexagonal;P6_3/mmc;True
mp-755382;BiSbO3;2.1066000000000003;0.08622094899999944;166.76267335128563;7.542578079007699;10;16.676267335128564;Trigonal;R-3;True
mp-755416;HoGaO3;3.6066;0.04953756135000109;225.6080378581869;8.321581027084683;20;11.280401892909344;Orthorhombic;Pnma;False
mp-755471;LuCrO3;2.7251999999999996;0.0;210.0228117255138;8.695893123986139;20;10.50114058627569;Orthorhombic;Pnma;False
mp-755462;PrHfO3;0.0;0.13526831524999494;276.6598444711517;8.820581300481233;20;13.832992223557586;Orthorhombic;Pnma;True
mp-755478;CdBiO3;0.8138999999999998;0.0;145.26917584693376;8.444817820114011;10;14.526917584693376;Trigonal;R3;True
mp-755525;TmTiO3;0.0;0.06115532024998416;229.46195942721957;7.6650572814694655;20;11.473097971360978;Orthorhombic;Pnma;True
mp-755535;ZnFeO3;0.0;0.11583668500000055;227.47596740388872;4.942058606158622;20;11.373798370194436;Monoclinic;C2/c;True
mp-755568;GaBiO3;3.0263;0.05111254749999894;125.04979164817883;8.676556170600783;10;12.504979164817883;Trigonal;R3c;True
mp-755574;LuAlO3;5.742900000000001;0.021032550250001947;202.06121305170757;8.216249290520174;20;10.103060652585379;Orthorhombic;Pnma;True
mp-755572;EuNbO3;0.0;0.02361587100000051;67.08132537327681;7.2497034971055845;5;13.416265074655362;Cubic;Pm-3m;False
mp-755569;CoPbO3;0.0;0.13891524799999821;218.68003110633003;9.541382476175094;20;10.934001555316502;Orthorhombic;Pnma;True
mp-755559;LiNbO3;3.456;0.055166170000003234;125.0137888789659;3.9276205282414933;10;12.501378887896589;Monoclinic;C2/m;True
mp-755580;VGaO3;1.4157000000000002;0.09205607012499861;207.87196926224522;5.389298111015705;20;10.39359846311226;Orthorhombic;Pnma;True
mp-755583;LuVO3;1.5724999999999998;0.005773750249996823;225.24094157379778;8.077266475818359;20;11.26204707868989;Orthorhombic;Pnma;False
mp-755605;TbCO3;4.055888014780145;0.025822064124996658;209.9506627673306;6.926367763889116;20;10.497533138366531;Monoclinic;P2_1/m;True
mp-755606;TiCrO3;0.4272999999999998;0.11889169516667053;210.1702097484956;4.672964179369064;20;10.50851048742478;Orthorhombic;Pnma;True
mp-755612;DyGaO3;3.6448000000000005;0.04817002259999903;226.90885588842502;8.202734066376852;20;11.34544279442125;Orthorhombic;Pnma;False
mp-755657;TiVO3;0.0;0.02940781800000103;104.65784905784909;4.658575790038843;10;10.46578490578491;Trigonal;R-3;True
mp-755685;SmYO3;4.2039;0.06382654999999815;300.61674476601416;6.347127183383916;20;15.030837238300709;Orthorhombic;Pna2_1;True
mp-755711;MgCoO3;0.16229999999999967;0.10372039299999969;200.25535230021822;4.352905600945174;20;10.012767615010912;Monoclinic;C2/c;True
mp-755717;SmHoO3;4.5947;0.06693263699999896;293.35952797041665;8.225467022307983;20;14.667976398520832;Orthorhombic;Pnma;True
mp-755740;TbHoO3;4.4709;0.09555741175000065;285.7770895270979;8.642790506207437;20;14.288854476354896;Orthorhombic;Pnma;True
mp-755792;LuGaO3;3.6376;0.05454235283334885;218.7536126207889;8.887079583081269;20;10.937680631039445;Orthorhombic;Pnma;True
mp-755798;ZrPbO3;2.6355999999999993;0.03494549431250249;291.6364190475536;7.889928141621012;20;14.58182095237768;Orthorhombic;Pnma;True
mp-755788;TlCoO3;0.4640000000000004;0.06708455771428401;116.90235340971311;8.844136986098716;10;11.690235340971311;Trigonal;R-3;True
mp-755790;HfPbO3;2.7562000000000006;0.014832497312502468;275.25833487806926;10.465168295791617;20;13.762916743903464;Orthorhombic;Pnma;True
mp-755834;AgSnO3;0.0;0.09166997600000126;134.59491336386625;6.775067916137307;10;13.459491336386625;Orthorhombic;Cmmm;True
mp-755829;BSbO3;3.6549000000000005;0.04718943866666869;313.2766235360048;3.8284658186016025;20;15.66383117680024;Monoclinic;C2/c;True
mp-755865;TbNiO3;0.0;0.0;211.05097957634084;8.359446115393713;20;10.552548978817041;Orthorhombic;Pnma;True
mp-755877;BaNdO3;0.0;0.17852335125000085;94.61784245961687;5.783890196694591;5;18.923568491923373;Cubic;Pm-3m;True
mp-755893;CaBiO3;0.6655289785034206;0.0;289.0372280681903;6.8264436837758;20;14.451861403409515;Monoclinic;P2_1/c;True
mp-756030;GdTmO3;3.1590000000000003;0.0678473967500004;282.19548324982117;8.807292073595374;20;14.109774162491059;Orthorhombic;Pnma;True
mp-756048;TbErO3;4.5065;0.08843840837499961;283.4667004969909;8.767798716303991;20;14.173335024849544;Orthorhombic;Pnma;True
mp-756050;TaCuO3;1.5612;0.0330801600000008;281.3230122078083;6.905862728796606;20;14.066150610390414;Monoclinic;C2/m;True
mp-756062;CeFeO3;0.6735999999999995;0.0797908600000028;245.92482125636718;6.58906702874311;20;12.296241062818359;Orthorhombic;Pnma;True
mp-756083;TiCrO3;0.0;0.12372662583333671;336.02093158065657;4.38418162123984;30;11.200697719355219;Triclinic;P1;True
mp-756082;AlVO3;2.1441999999999997;0.08644308012499735;184.73950209166097;4.5273941725435805;20;9.236975104583049;Orthorhombic;Pnma;True
mp-756063;RbNbO3;2.8197;0.02431936750000041;351.06995002341193;4.282909216118742;20;17.553497501170597;Monoclinic;C2/m;True
mp-756102;MgCoO3;0.0;0.09207527150000061;182.3366975439391;4.780675839743179;20;9.116834877196954;Orthorhombic;Pnma;True
mp-756118;TbSmO3;4.456200000000001;0.08270122600000107;301.4292626823467;7.872935602574831;20;15.071463134117334;Orthorhombic;Pnma;True
mp-756124;TbCrO3;2.5095;0.0;220.4416567686988;7.801541702024471;20;11.02208283843494;Orthorhombic;Pnma;False
mp-756147;CrInO3;1.4521000000000006;0.05128290449999984;221.0578738076804;6.4544946622420705;20;11.052893690384021;Orthorhombic;Pnma;False
mp-756166;LaHoO3;4.3858999999999995;0.03453046012499961;306.5519644743991;7.623295935104657;20;15.327598223719955;Orthorhombic;Pnma;False
mp-756205;ScBiO3;2.7215;0.03215716137500024;268.2267728755639;7.476868144909496;20;13.411338643778194;Orthorhombic;Pnma;True
mp-756224;TbGdO3;3.0933;0.09454413537500095;296.31536640116883;8.163254103043446;20;14.815768320058442;Orthorhombic;Pnma;True
mp-756214;YAlO3;4.977900000000001;0.045807479549997865;104.06847158327305;5.229987883227277;10;10.406847158327306;Trigonal;R-3c;True
mp-756246;NdZrO3;0.05090000000000039;0.08609230852498939;310.4431765214905;6.064921561676754;20;15.522158826074525;Tetragonal;I-4m2;True
mp-756281;TmAlO3;5.7744;0.01907938420000299;197.8539217161666;8.188437966589971;20;9.89269608580833;Orthorhombic;Pnma;True
mp-756282;VBiO3;1.2434000000000003;0.010364148125002082;238.85016311841898;8.56291407935527;20;11.94250815592095;Orthorhombic;Pnma;True
mp-756296;ErTiO3;0.0;0.05802816124998422;231.137505183394;7.561352083153153;20;11.5568752591697;Orthorhombic;Pnma;True
mp-756290;TbGaO3;3.6355999999999997;0.047180733583333634;228.39721544072253;8.045324084542644;20;11.419860772036127;Orthorhombic;Pnma;True
mp-756272;LaDyO3;4.3626;0.04077114524999992;312.28393326480085;7.431678457399883;20;15.614196663240042;Orthorhombic;Pna2_1;True
mp-756322;HfCrO3;1.5871000000000004;0.09728987566667335;244.80676715117258;7.55590322297384;20;12.24033835755863;Orthorhombic;Pnma;True
mp-756315;EuVO3;0.0;0.04324243612499856;56.99431798498433;7.310121624691592;5;11.398863596996865;Cubic;Pm-3m;True
mp-756365;CaCeO3;2.3372999999999995;0.059074767000012685;301.40837780939603;5.028686542514465;20;15.070418890469801;Orthorhombic;Pnma;True
mp-756424;GdLuO3;3.1346;0.05559696212499787;278.05624247754866;9.082510625499948;20;13.902812123877434;Orthorhombic;Pnma;True
mp-756419;ScFeO3;1.2694;0.13811168887499825;201.36983821600379;4.908118138955044;20;10.068491910800189;Monoclinic;P2_1/c;True
mp-756452;SmDyO3;4.5279;0.07495279062499804;298.02426282522254;8.0425551095692;20;14.901213141261128;Orthorhombic;Pnma;True
mp-756458;ErAlO3;5.803000000000001;0.017832044700002214;199.38917785385337;8.069583189635994;20;9.969458892692668;Orthorhombic;Pnma;True
mp-756469;DyLuO3;4.6339999999999995;0.0753125326249986;271.54834506925243;9.428597683345455;20;13.577417253462622;Orthorhombic;Pnma;True
mp-756464;TlCoO3;0.0;0.09027498721428451;232.6166094308966;8.889308722040916;20;11.63083047154483;Orthorhombic;Pnma;True
mp-756546;ScVO3;1.5053;0.049391989499998346;215.7754359190552;4.429499299666154;20;10.78877179595276;Orthorhombic;Pnma;True
mp-756630;DyAlO3;5.7232;0.012823482999998248;202.34271003182837;7.795573835305038;20;10.117135501591418;Orthorhombic;Pnma;False
mp-756665;ZrCoO3;1.7275;0.0785098070000032;228.8237243191404;5.751934614189849;20;11.441186215957021;Orthorhombic;Pnma;True
mp-756686;AlGaO3;2.6071;0.10753347699999871;182.42240177281883;5.268750953608391;20;9.121120088640941;Orthorhombic;Pnma;True
mp-756705;YAlO3;4.0582;0.06043752688333015;397.1641799747765;4.11122306226911;30;13.238805999159217;Orthorhombic;Cmcm;True
mp-756708;CaPrO3;0.0;0.17538000137499932;326.0225185540034;4.665157864102976;20;16.30112592770017;Orthorhombic;Pnma;True
mp-756762;TbTmO3;4.568899999999999;0.07975851762500064;279.38814552182055;8.935618849125602;20;13.969407276091028;Orthorhombic;Pnma;True
mp-756834;HoCrO3;2.3515999999999995;0.0;216.86995599622566;8.11394422630751;20;10.843497799811283;Orthorhombic;Pnma;False
mp-756850;LuAlO3;3.7125000000000004;0.0983123664166694;371.8080788698567;6.697751041709546;30;12.393602628995222;Orthorhombic;Cmcm;True
mp-756909;TlGaO3;0.2334000000000005;0.06959211999999848;231.7348619025549;9.232397786567907;20;11.586743095127746;Orthorhombic;Pnma;True
mp-756933;TaTlO3;0.44579999999999975;0.004274724750001013;303.75377172937436;9.475574391773664;20;15.187688586468719;Cubic;Fd-3m;True
mp-756941;LiFeO3;0.0;0.14844422860000162;197.85461430432758;3.7191246302921996;20;9.892730715216379;Orthorhombic;Pnna;True
mp-756951;LiSbO3;2.7496;0.05857178449999978;116.96062373991855;5.01734542215452;10;11.696062373991854;Monoclinic;C2/m;True
mp-756947;AlCoO3;0.8609;0.10164703299999989;199.73401558336542;4.453275671187363;20;9.98670077916827;Monoclinic;C2/c;True
mp-757023;VCrO3;1.345592305652704;0.013253611625001938;199.08241372395443;5.035799759716051;20;9.954120686197722;Triclinic;P1;True
mp-757083;CoBO3;0.1471;0.17638730172222505;119.6691120518733;3.26760754907181;10;11.96691120518733;Triclinic;P-1;True
mp-757501;BaMnO3;0.8081;0.005214321999998717;394.21434393129783;6.0723285891016925;30;13.140478131043261;Hexagonal;P-6m2;True
mp-757636;NbTlO3;0.7458;0.0;622.4098078179816;7.369601282790016;40;15.56024519544954;Triclinic;P1;True
mp-758371;YbAlO3;0.0;0.18368758324999845;48.36626810038604;8.515159055766357;5;9.673253620077208;Cubic;Pm-3m;True
mp-758652;ZnCoO3;0.0;0.08207690705263104;96.65191092533513;5.921827231572921;10;9.665191092533513;Trigonal;R-3;True
mp-758727;CuCO3;0.0;0.1286134840000015;561.5219370394954;3.2884016200575545;45;12.47826526754434;Triclinic;P1;True
mp-759116;YbAlO3;0.0;0.03919801924999966;112.05612796442996;7.350717417959656;10;11.205612796442995;Hexagonal;P6_3/mmc;True
mp-759744;MnFeO3;0.06429999999999936;0.0665825984375008;438.4171179541389;4.8111709134831555;40;10.960427948853473;Triclinic;P1;True
mp-759939;AgGeO3;0.0;0.16110908200000207;113.78514352920584;6.669478860407942;10;11.378514352920584;Orthorhombic;Pmma;True
mp-760376;KTiO3;0.0;0.0894475605000018;78.59586598624729;2.8514497781270016;5;15.719173197249457;Tetragonal;P4mm;True
mp-760386;CsClO3;5.465800000000001;0.0681614656250007;109.0794275572189;3.2936428192402807;5;21.81588551144378;Trigonal;R3m;True
mp-760405;ErBO3;4.563000000000001;0.09317263099999984;117.21055077696268;6.405482712128042;10;11.721055077696267;Orthorhombic;Ama2;True
mp-760457;YBO3;4.5981000000000005;0.08505931666666733;121.2254944061883;4.046782614399465;10;12.12254944061883;Orthorhombic;Ama2;True
mp-760461;LuBO3;4.2791;0.028761409000001237;117.68929086573688;6.596938610608477;10;11.768929086573689;Orthorhombic;Cmcm;True
mp-760477;SmBO3;4.4124;0.060820527500000665;128.49753616135;5.40607452859806;10;12.849753616135;Orthorhombic;Ama2;True
mp-760484;TmBO3;4.5062;0.030025047600002353;116.35561242130827;6.500362502923151;10;11.635561242130827;Orthorhombic;Ama2;True
mp-760595;CuCO3;0.1027;0.10300543500000092;279.5531014730279;2.935653191117235;20;13.977655073651395;Monoclinic;P2_1/c;True
mp-760536;CuCO3;0.0;0.1389209366666666;185.5245816441246;3.3176369964826353;15;12.36830544294164;Hexagonal;P-6;True
mp-760701;LiNbO3;3.4191000000000003;0.035907200000004025;252.98420898728443;3.881718352934461;20;12.649210449364222;Monoclinic;C2/c;True
mp-760833;LiFeO3;0.3214;0.13120334543333634;633.7258103762583;3.483427488171731;60;10.562096839604305;Monoclinic;Cm;True
mp-760994;NaSbO3;1.9295999999999998;0.06565528666666776;426.44615616793357;4.503248939850556;30;14.214871872264451;Triclinic;P-1;True
mp-761189;LiFeO3;0.0;0.43185827410000144;96.44365165026527;3.814901015696683;10;9.644365165026526;Monoclinic;C2/m;True
mp-761288;MnBO3;0.0;0.044420275052072355;95.0344835636498;3.9750149045216965;10;9.50344835636498;Trigonal;R-3c;True
mp-761337;SrCrO3;0.6900999999999997;0.057635958937502174;364.730946713303;5.124997664916506;30;12.157698223776768;Orthorhombic;Ama2;True
mp-761293;ZrCoO3;0.02870000000000017;0.097064912000004;241.06116989455316;5.459938243205374;20;12.053058494727658;Trigonal;R-3;True
mp-761574;CoSnO3;0.0;0.03482541750000223;236.2188751736575;6.344731794826426;20;11.810943758682875;Trigonal;R-3;True
mp-761524;MgCoO3;0.0;0.06609796550000002;95.380426271781;4.56955729136202;10;9.5380426271781;Trigonal;R-3;True
mp-762225;BaCO3;4.474;0.013236834000007747;164.9460009684019;3.9732272346907433;10;16.49460009684019;Monoclinic;P2_1;True
mp-762506;SrNiO3;0.0;0.04595171699999323;118.50465607365828;5.445558242771494;10;11.850465607365829;Cubic;Pm-3m;True
mp-763200;LiVO3;1.9674999999999998;0.08530730800000796;107.92854975417988;3.25806358734638;10;10.792854975417988;Monoclinic;C2;True
mp-763901;NaVO3;3.2064000000000004;0.043013442000000346;316.27260229803306;2.5606852559593976;20;15.813630114901652;Orthorhombic;Ibam;True
mp-765572;CoBO3;1.0667;0.1994362862222241;231.93289533114293;3.371938192494211;20;11.596644766557146;Monoclinic;C2/c;True
mp-765647;AlVO3;1.1677;0.08873259612499673;430.7649427287126;3.8832711868808216;40;10.769123568217815;Monoclinic;Cm;True
mp-766236;GdErO3;3.234;0.004903464250000766;599.9677434621269;8.247946871070985;40;14.999193586553172;Monoclinic;C2;True
mp-766243;YZrO3;0.4270850635085317;0.08183048750833244;571.3564549400056;5.304086952602113;40;14.28391137350014;Monoclinic;C2;True
mp-766256;YTmO3;4.0595;0.0032752953749994873;577.9217459824528;7.030105830500209;40;14.448043649561319;Monoclinic;C2;True
mp-766856;CuPO3;0.8381999999999996;0.10602788574999789;539.814837280916;3.5072269612433997;40;13.4953709320229;Monoclinic;P2_1/c;True
